id_date,jour,mois,trimestre,annee,semaine,libelle_jour,libelle_mois,est_weekend,est_ferie_maroc,periode_ramadan
20200101,1,1,1,2020,1,Mercredi,Janvier,False,True,False
20200102,2,1,1,2020,1,Jeudi,Janvier,False,False,False
20200103,3,1,1,2020,1,Vendredi,Janvier,False,False,False
20200104,4,1,1,2020,1,Samedi,Janvier,True,False,False
20200105,5,1,1,2020,1,Dimanche,Janvier,True,False,False
20200106,6,1,1,2020,2,Lundi,Janvier,False,False,False
20200107,7,1,1,2020,2,Mardi,Janvier,False,False,False
20200108,8,1,1,2020,2,Mercredi,Janvier,False,False,False
20200109,9,1,1,2020,2,Jeudi,Janvier,False,False,False
20200110,10,1,1,2020,2,Vendredi,Janvier,False,False,False
20200111,11,1,1,2020,2,Samedi,Janvier,True,True,False
20200112,12,1,1,2020,2,Dimanche,Janvier,True,False,False
20200113,13,1,1,2020,3,Lundi,Janvier,False,False,False
20200114,14,1,1,2020,3,Mardi,Janvier,False,False,False
20200115,15,1,1,2020,3,Mercredi,Janvier,False,False,False
20200116,16,1,1,2020,3,Jeudi,Janvier,False,False,False
20200117,17,1,1,2020,3,Vendredi,Janvier,False,False,False
20200118,18,1,1,2020,3,Samedi,Janvier,True,False,False
20200119,19,1,1,2020,3,Dimanche,Janvier,True,False,False
20200120,20,1,1,2020,4,Lundi,Janvier,False,False,False
20200121,21,1,1,2020,4,Mardi,Janvier,False,False,False
20200122,22,1,1,2020,4,Mercredi,Janvier,False,False,False
20200123,23,1,1,2020,4,Jeudi,Janvier,False,False,False
20200124,24,1,1,2020,4,Vendredi,Janvier,False,False,False
20200125,25,1,1,2020,4,Samedi,Janvier,True,False,False
20200126,26,1,1,2020,4,Dimanche,Janvier,True,False,False
20200127,27,1,1,2020,5,Lundi,Janvier,False,False,False
20200128,28,1,1,2020,5,Mardi,Janvier,False,False,False
20200129,29,1,1,2020,5,Mercredi,Janvier,False,False,False
20200130,30,1,1,2020,5,Jeudi,Janvier,False,False,False
20200131,31,1,1,2020,5,Vendredi,Janvier,False,False,False
20200201,1,2,1,2020,5,Samedi,Février,True,False,False
20200202,2,2,1,2020,5,Dimanche,Février,True,False,False
20200203,3,2,1,2020,6,Lundi,Février,False,False,False
20200204,4,2,1,2020,6,Mardi,Février,False,False,False
20200205,5,2,1,2020,6,Mercredi,Février,False,False,False
20200206,6,2,1,2020,6,Jeudi,Février,False,False,False
20200207,7,2,1,2020,6,Vendredi,Février,False,False,False
20200208,8,2,1,2020,6,Samedi,Février,True,False,False
20200209,9,2,1,2020,6,Dimanche,Février,True,False,False
20200210,10,2,1,2020,7,Lundi,Février,False,False,False
20200211,11,2,1,2020,7,Mardi,Février,False,False,False
20200212,12,2,1,2020,7,Mercredi,Février,False,False,False
20200213,13,2,1,2020,7,Jeudi,Février,False,False,False
20200214,14,2,1,2020,7,Vendredi,Février,False,False,False
20200215,15,2,1,2020,7,Samedi,Février,True,False,False
20200216,16,2,1,2020,7,Dimanche,Février,True,False,False
20200217,17,2,1,2020,8,Lundi,Février,False,False,False
20200218,18,2,1,2020,8,Mardi,Février,False,False,False
20200219,19,2,1,2020,8,Mercredi,Février,False,False,False
20200220,20,2,1,2020,8,Jeudi,Février,False,False,False
20200221,21,2,1,2020,8,Vendredi,Février,False,False,False
20200222,22,2,1,2020,8,Samedi,Février,True,False,False
20200223,23,2,1,2020,8,Dimanche,Février,True,False,False
20200224,24,2,1,2020,9,Lundi,Février,False,False,False
20200225,25,2,1,2020,9,Mardi,Février,False,False,False
20200226,26,2,1,2020,9,Mercredi,Février,False,False,False
20200227,27,2,1,2020,9,Jeudi,Février,False,False,False
20200228,28,2,1,2020,9,Vendredi,Février,False,False,False
20200229,29,2,1,2020,9,Samedi,Février,True,False,False
20200301,1,3,1,2020,9,Dimanche,Mars,True,False,False
20200302,2,3,1,2020,10,Lundi,Mars,False,False,False
20200303,3,3,1,2020,10,Mardi,Mars,False,False,False
20200304,4,3,1,2020,10,Mercredi,Mars,False,False,False
20200305,5,3,1,2020,10,Jeudi,Mars,False,False,False
20200306,6,3,1,2020,10,Vendredi,Mars,False,False,False
20200307,7,3,1,2020,10,Samedi,Mars,True,False,False
20200308,8,3,1,2020,10,Dimanche,Mars,True,False,False
20200309,9,3,1,2020,11,Lundi,Mars,False,False,False
20200310,10,3,1,2020,11,Mardi,Mars,False,False,False
20200311,11,3,1,2020,11,Mercredi,Mars,False,False,False
20200312,12,3,1,2020,11,Jeudi,Mars,False,False,False
20200313,13,3,1,2020,11,Vendredi,Mars,False,False,False
20200314,14,3,1,2020,11,Samedi,Mars,True,False,False
20200315,15,3,1,2020,11,Dimanche,Mars,True,False,False
20200316,16,3,1,2020,12,Lundi,Mars,False,False,False
20200317,17,3,1,2020,12,Mardi,Mars,False,False,False
20200318,18,3,1,2020,12,Mercredi,Mars,False,False,False
20200319,19,3,1,2020,12,Jeudi,Mars,False,False,False
20200320,20,3,1,2020,12,Vendredi,Mars,False,False,False
20200321,21,3,1,2020,12,Samedi,Mars,True,False,False
20200322,22,3,1,2020,12,Dimanche,Mars,True,False,False
20200323,23,3,1,2020,13,Lundi,Mars,False,False,False
20200324,24,3,1,2020,13,Mardi,Mars,False,False,False
20200325,25,3,1,2020,13,Mercredi,Mars,False,False,False
20200326,26,3,1,2020,13,Jeudi,Mars,False,False,False
20200327,27,3,1,2020,13,Vendredi,Mars,False,False,False
20200328,28,3,1,2020,13,Samedi,Mars,True,False,False
20200329,29,3,1,2020,13,Dimanche,Mars,True,False,False
20200330,30,3,1,2020,14,Lundi,Mars,False,False,False
20200331,31,3,1,2020,14,Mardi,Mars,False,False,False
20200401,1,4,2,2020,14,Mercredi,Avril,False,False,False
20200402,2,4,2,2020,14,Jeudi,Avril,False,False,False
20200403,3,4,2,2020,14,Vendredi,Avril,False,False,False
20200404,4,4,2,2020,14,Samedi,Avril,True,False,False
20200405,5,4,2,2020,14,Dimanche,Avril,True,False,False
20200406,6,4,2,2020,15,Lundi,Avril,False,False,False
20200407,7,4,2,2020,15,Mardi,Avril,False,False,False
20200408,8,4,2,2020,15,Mercredi,Avril,False,False,False
20200409,9,4,2,2020,15,Jeudi,Avril,False,False,False
20200410,10,4,2,2020,15,Vendredi,Avril,False,False,False
20200411,11,4,2,2020,15,Samedi,Avril,True,False,False
20200412,12,4,2,2020,15,Dimanche,Avril,True,False,False
20200413,13,4,2,2020,16,Lundi,Avril,False,False,False
20200414,14,4,2,2020,16,Mardi,Avril,False,False,False
20200415,15,4,2,2020,16,Mercredi,Avril,False,False,False
20200416,16,4,2,2020,16,Jeudi,Avril,False,False,False
20200417,17,4,2,2020,16,Vendredi,Avril,False,False,False
20200418,18,4,2,2020,16,Samedi,Avril,True,False,False
20200419,19,4,2,2020,16,Dimanche,Avril,True,False,False
20200420,20,4,2,2020,17,Lundi,Avril,False,False,False
20200421,21,4,2,2020,17,Mardi,Avril,False,False,False
20200422,22,4,2,2020,17,Mercredi,Avril,False,False,False
20200423,23,4,2,2020,17,Jeudi,Avril,False,False,False
20200424,24,4,2,2020,17,Vendredi,Avril,False,False,True
20200425,25,4,2,2020,17,Samedi,Avril,True,False,True
20200426,26,4,2,2020,17,Dimanche,Avril,True,False,True
20200427,27,4,2,2020,18,Lundi,Avril,False,False,True
20200428,28,4,2,2020,18,Mardi,Avril,False,False,True
20200429,29,4,2,2020,18,Mercredi,Avril,False,False,True
20200430,30,4,2,2020,18,Jeudi,Avril,False,False,True
20200501,1,5,2,2020,18,Vendredi,Mai,False,True,True
20200502,2,5,2,2020,18,Samedi,Mai,True,False,True
20200503,3,5,2,2020,18,Dimanche,Mai,True,False,True
20200504,4,5,2,2020,19,Lundi,Mai,False,False,True
20200505,5,5,2,2020,19,Mardi,Mai,False,False,True
20200506,6,5,2,2020,19,Mercredi,Mai,False,False,True
20200507,7,5,2,2020,19,Jeudi,Mai,False,False,True
20200508,8,5,2,2020,19,Vendredi,Mai,False,False,True
20200509,9,5,2,2020,19,Samedi,Mai,True,False,True
20200510,10,5,2,2020,19,Dimanche,Mai,True,False,True
20200511,11,5,2,2020,20,Lundi,Mai,False,False,True
20200512,12,5,2,2020,20,Mardi,Mai,False,False,True
20200513,13,5,2,2020,20,Mercredi,Mai,False,False,True
20200514,14,5,2,2020,20,Jeudi,Mai,False,False,True
20200515,15,5,2,2020,20,Vendredi,Mai,False,False,True
20200516,16,5,2,2020,20,Samedi,Mai,True,False,True
20200517,17,5,2,2020,20,Dimanche,Mai,True,False,True
20200518,18,5,2,2020,21,Lundi,Mai,False,False,True
20200519,19,5,2,2020,21,Mardi,Mai,False,False,True
20200520,20,5,2,2020,21,Mercredi,Mai,False,False,True
20200521,21,5,2,2020,21,Jeudi,Mai,False,False,True
20200522,22,5,2,2020,21,Vendredi,Mai,False,False,True
20200523,23,5,2,2020,21,Samedi,Mai,True,False,True
20200524,24,5,2,2020,21,Dimanche,Mai,True,False,False
20200525,25,5,2,2020,22,Lundi,Mai,False,False,False
20200526,26,5,2,2020,22,Mardi,Mai,False,False,False
20200527,27,5,2,2020,22,Mercredi,Mai,False,False,False
20200528,28,5,2,2020,22,Jeudi,Mai,False,False,False
20200529,29,5,2,2020,22,Vendredi,Mai,False,False,False
20200530,30,5,2,2020,22,Samedi,Mai,True,False,False
20200531,31,5,2,2020,22,Dimanche,Mai,True,False,False
20200601,1,6,2,2020,23,Lundi,Juin,False,False,False
20200602,2,6,2,2020,23,Mardi,Juin,False,False,False
20200603,3,6,2,2020,23,Mercredi,Juin,False,False,False
20200604,4,6,2,2020,23,Jeudi,Juin,False,False,False
20200605,5,6,2,2020,23,Vendredi,Juin,False,False,False
20200606,6,6,2,2020,23,Samedi,Juin,True,False,False
20200607,7,6,2,2020,23,Dimanche,Juin,True,False,False
20200608,8,6,2,2020,24,Lundi,Juin,False,False,False
20200609,9,6,2,2020,24,Mardi,Juin,False,False,False
20200610,10,6,2,2020,24,Mercredi,Juin,False,False,False
20200611,11,6,2,2020,24,Jeudi,Juin,False,False,False
20200612,12,6,2,2020,24,Vendredi,Juin,False,False,False
20200613,13,6,2,2020,24,Samedi,Juin,True,False,False
20200614,14,6,2,2020,24,Dimanche,Juin,True,False,False
20200615,15,6,2,2020,25,Lundi,Juin,False,False,False
20200616,16,6,2,2020,25,Mardi,Juin,False,False,False
20200617,17,6,2,2020,25,Mercredi,Juin,False,False,False
20200618,18,6,2,2020,25,Jeudi,Juin,False,False,False
20200619,19,6,2,2020,25,Vendredi,Juin,False,False,False
20200620,20,6,2,2020,25,Samedi,Juin,True,False,False
20200621,21,6,2,2020,25,Dimanche,Juin,True,False,False
20200622,22,6,2,2020,26,Lundi,Juin,False,False,False
20200623,23,6,2,2020,26,Mardi,Juin,False,False,False
20200624,24,6,2,2020,26,Mercredi,Juin,False,False,False
20200625,25,6,2,2020,26,Jeudi,Juin,False,False,False
20200626,26,6,2,2020,26,Vendredi,Juin,False,False,False
20200627,27,6,2,2020,26,Samedi,Juin,True,False,False
20200628,28,6,2,2020,26,Dimanche,Juin,True,False,False
20200629,29,6,2,2020,27,Lundi,Juin,False,False,False
20200630,30,6,2,2020,27,Mardi,Juin,False,False,False
20200701,1,7,3,2020,27,Mercredi,Juillet,False,False,False
20200702,2,7,3,2020,27,Jeudi,Juillet,False,False,False
20200703,3,7,3,2020,27,Vendredi,Juillet,False,False,False
20200704,4,7,3,2020,27,Samedi,Juillet,True,False,False
20200705,5,7,3,2020,27,Dimanche,Juillet,True,False,False
20200706,6,7,3,2020,28,Lundi,Juillet,False,False,False
20200707,7,7,3,2020,28,Mardi,Juillet,False,False,False
20200708,8,7,3,2020,28,Mercredi,Juillet,False,False,False
20200709,9,7,3,2020,28,Jeudi,Juillet,False,False,False
20200710,10,7,3,2020,28,Vendredi,Juillet,False,False,False
20200711,11,7,3,2020,28,Samedi,Juillet,True,False,False
20200712,12,7,3,2020,28,Dimanche,Juillet,True,False,False
20200713,13,7,3,2020,29,Lundi,Juillet,False,False,False
20200714,14,7,3,2020,29,Mardi,Juillet,False,False,False
20200715,15,7,3,2020,29,Mercredi,Juillet,False,False,False
20200716,16,7,3,2020,29,Jeudi,Juillet,False,False,False
20200717,17,7,3,2020,29,Vendredi,Juillet,False,False,False
20200718,18,7,3,2020,29,Samedi,Juillet,True,False,False
20200719,19,7,3,2020,29,Dimanche,Juillet,True,False,False
20200720,20,7,3,2020,30,Lundi,Juillet,False,False,False
20200721,21,7,3,2020,30,Mardi,Juillet,False,False,False
20200722,22,7,3,2020,30,Mercredi,Juillet,False,False,False
20200723,23,7,3,2020,30,Jeudi,Juillet,False,False,False
20200724,24,7,3,2020,30,Vendredi,Juillet,False,False,False
20200725,25,7,3,2020,30,Samedi,Juillet,True,False,False
20200726,26,7,3,2020,30,Dimanche,Juillet,True,False,False
20200727,27,7,3,2020,31,Lundi,Juillet,False,False,False
20200728,28,7,3,2020,31,Mardi,Juillet,False,False,False
20200729,29,7,3,2020,31,Mercredi,Juillet,False,False,False
20200730,30,7,3,2020,31,Jeudi,Juillet,False,True,False
20200731,31,7,3,2020,31,Vendredi,Juillet,False,False,False
20200801,1,8,3,2020,31,Samedi,Août,True,False,False
20200802,2,8,3,2020,31,Dimanche,Août,True,False,False
20200803,3,8,3,2020,32,Lundi,Août,False,False,False
20200804,4,8,3,2020,32,Mardi,Août,False,False,False
20200805,5,8,3,2020,32,Mercredi,Août,False,False,False
20200806,6,8,3,2020,32,Jeudi,Août,False,False,False
20200807,7,8,3,2020,32,Vendredi,Août,False,False,False
20200808,8,8,3,2020,32,Samedi,Août,True,False,False
20200809,9,8,3,2020,32,Dimanche,Août,True,False,False
20200810,10,8,3,2020,33,Lundi,Août,False,False,False
20200811,11,8,3,2020,33,Mardi,Août,False,False,False
20200812,12,8,3,2020,33,Mercredi,Août,False,False,False
20200813,13,8,3,2020,33,Jeudi,Août,False,False,False
20200814,14,8,3,2020,33,Vendredi,Août,False,True,False
20200815,15,8,3,2020,33,Samedi,Août,True,False,False
20200816,16,8,3,2020,33,Dimanche,Août,True,False,False
20200817,17,8,3,2020,34,Lundi,Août,False,False,False
20200818,18,8,3,2020,34,Mardi,Août,False,False,False
20200819,19,8,3,2020,34,Mercredi,Août,False,False,False
20200820,20,8,3,2020,34,Jeudi,Août,False,True,False
20200821,21,8,3,2020,34,Vendredi,Août,False,True,False
20200822,22,8,3,2020,34,Samedi,Août,True,False,False
20200823,23,8,3,2020,34,Dimanche,Août,True,False,False
20200824,24,8,3,2020,35,Lundi,Août,False,False,False
20200825,25,8,3,2020,35,Mardi,Août,False,False,False
20200826,26,8,3,2020,35,Mercredi,Août,False,False,False
20200827,27,8,3,2020,35,Jeudi,Août,False,False,False
20200828,28,8,3,2020,35,Vendredi,Août,False,False,False
20200829,29,8,3,2020,35,Samedi,Août,True,False,False
20200830,30,8,3,2020,35,Dimanche,Août,True,False,False
20200831,31,8,3,2020,36,Lundi,Août,False,False,False
20200901,1,9,3,2020,36,Mardi,Septembre,False,False,False
20200902,2,9,3,2020,36,Mercredi,Septembre,False,False,False
20200903,3,9,3,2020,36,Jeudi,Septembre,False,False,False
20200904,4,9,3,2020,36,Vendredi,Septembre,False,False,False
20200905,5,9,3,2020,36,Samedi,Septembre,True,False,False
20200906,6,9,3,2020,36,Dimanche,Septembre,True,False,False
20200907,7,9,3,2020,37,Lundi,Septembre,False,False,False
20200908,8,9,3,2020,37,Mardi,Septembre,False,False,False
20200909,9,9,3,2020,37,Mercredi,Septembre,False,False,False
20200910,10,9,3,2020,37,Jeudi,Septembre,False,False,False
20200911,11,9,3,2020,37,Vendredi,Septembre,False,False,False
20200912,12,9,3,2020,37,Samedi,Septembre,True,False,False
20200913,13,9,3,2020,37,Dimanche,Septembre,True,False,False
20200914,14,9,3,2020,38,Lundi,Septembre,False,False,False
20200915,15,9,3,2020,38,Mardi,Septembre,False,False,False
20200916,16,9,3,2020,38,Mercredi,Septembre,False,False,False
20200917,17,9,3,2020,38,Jeudi,Septembre,False,False,False
20200918,18,9,3,2020,38,Vendredi,Septembre,False,False,False
20200919,19,9,3,2020,38,Samedi,Septembre,True,False,False
20200920,20,9,3,2020,38,Dimanche,Septembre,True,False,False
20200921,21,9,3,2020,39,Lundi,Septembre,False,False,False
20200922,22,9,3,2020,39,Mardi,Septembre,False,False,False
20200923,23,9,3,2020,39,Mercredi,Septembre,False,False,False
20200924,24,9,3,2020,39,Jeudi,Septembre,False,False,False
20200925,25,9,3,2020,39,Vendredi,Septembre,False,False,False
20200926,26,9,3,2020,39,Samedi,Septembre,True,False,False
20200927,27,9,3,2020,39,Dimanche,Septembre,True,False,False
20200928,28,9,3,2020,40,Lundi,Septembre,False,False,False
20200929,29,9,3,2020,40,Mardi,Septembre,False,False,False
20200930,30,9,3,2020,40,Mercredi,Septembre,False,False,False
20201001,1,10,4,2020,40,Jeudi,Octobre,False,False,False
20201002,2,10,4,2020,40,Vendredi,Octobre,False,False,False
20201003,3,10,4,2020,40,Samedi,Octobre,True,False,False
20201004,4,10,4,2020,40,Dimanche,Octobre,True,False,False
20201005,5,10,4,2020,41,Lundi,Octobre,False,False,False
20201006,6,10,4,2020,41,Mardi,Octobre,False,False,False
20201007,7,10,4,2020,41,Mercredi,Octobre,False,False,False
20201008,8,10,4,2020,41,Jeudi,Octobre,False,False,False
20201009,9,10,4,2020,41,Vendredi,Octobre,False,False,False
20201010,10,10,4,2020,41,Samedi,Octobre,True,False,False
20201011,11,10,4,2020,41,Dimanche,Octobre,True,False,False
20201012,12,10,4,2020,42,Lundi,Octobre,False,False,False
20201013,13,10,4,2020,42,Mardi,Octobre,False,False,False
20201014,14,10,4,2020,42,Mercredi,Octobre,False,False,False
20201015,15,10,4,2020,42,Jeudi,Octobre,False,False,False
20201016,16,10,4,2020,42,Vendredi,Octobre,False,False,False
20201017,17,10,4,2020,42,Samedi,Octobre,True,False,False
20201018,18,10,4,2020,42,Dimanche,Octobre,True,False,False
20201019,19,10,4,2020,43,Lundi,Octobre,False,False,False
20201020,20,10,4,2020,43,Mardi,Octobre,False,False,False
20201021,21,10,4,2020,43,Mercredi,Octobre,False,False,False
20201022,22,10,4,2020,43,Jeudi,Octobre,False,False,False
20201023,23,10,4,2020,43,Vendredi,Octobre,False,False,False
20201024,24,10,4,2020,43,Samedi,Octobre,True,False,False
20201025,25,10,4,2020,43,Dimanche,Octobre,True,False,False
20201026,26,10,4,2020,44,Lundi,Octobre,False,False,False
20201027,27,10,4,2020,44,Mardi,Octobre,False,False,False
20201028,28,10,4,2020,44,Mercredi,Octobre,False,False,False
20201029,29,10,4,2020,44,Jeudi,Octobre,False,False,False
20201030,30,10,4,2020,44,Vendredi,Octobre,False,False,False
20201031,31,10,4,2020,44,Samedi,Octobre,True,False,False
20201101,1,11,4,2020,44,Dimanche,Novembre,True,False,False
20201102,2,11,4,2020,45,Lundi,Novembre,False,False,False
20201103,3,11,4,2020,45,Mardi,Novembre,False,False,False
20201104,4,11,4,2020,45,Mercredi,Novembre,False,False,False
20201105,5,11,4,2020,45,Jeudi,Novembre,False,False,False
20201106,6,11,4,2020,45,Vendredi,Novembre,False,True,False
20201107,7,11,4,2020,45,Samedi,Novembre,True,False,False
20201108,8,11,4,2020,45,Dimanche,Novembre,True,False,False
20201109,9,11,4,2020,46,Lundi,Novembre,False,False,False
20201110,10,11,4,2020,46,Mardi,Novembre,False,False,False
20201111,11,11,4,2020,46,Mercredi,Novembre,False,False,False
20201112,12,11,4,2020,46,Jeudi,Novembre,False,False,False
20201113,13,11,4,2020,46,Vendredi,Novembre,False,False,False
20201114,14,11,4,2020,46,Samedi,Novembre,True,False,False
20201115,15,11,4,2020,46,Dimanche,Novembre,True,False,False
20201116,16,11,4,2020,47,Lundi,Novembre,False,False,False
20201117,17,11,4,2020,47,Mardi,Novembre,False,False,False
20201118,18,11,4,2020,47,Mercredi,Novembre,False,True,False
20201119,19,11,4,2020,47,Jeudi,Novembre,False,False,False
20201120,20,11,4,2020,47,Vendredi,Novembre,False,False,False
20201121,21,11,4,2020,47,Samedi,Novembre,True,False,False
20201122,22,11,4,2020,47,Dimanche,Novembre,True,False,False
20201123,23,11,4,2020,48,Lundi,Novembre,False,False,False
20201124,24,11,4,2020,48,Mardi,Novembre,False,False,False
20201125,25,11,4,2020,48,Mercredi,Novembre,False,False,False
20201126,26,11,4,2020,48,Jeudi,Novembre,False,False,False
20201127,27,11,4,2020,48,Vendredi,Novembre,False,False,False
20201128,28,11,4,2020,48,Samedi,Novembre,True,False,False
20201129,29,11,4,2020,48,Dimanche,Novembre,True,False,False
20201130,30,11,4,2020,49,Lundi,Novembre,False,False,False
20201201,1,12,4,2020,49,Mardi,Décembre,False,False,False
20201202,2,12,4,2020,49,Mercredi,Décembre,False,False,False
20201203,3,12,4,2020,49,Jeudi,Décembre,False,False,False
20201204,4,12,4,2020,49,Vendredi,Décembre,False,False,False
20201205,5,12,4,2020,49,Samedi,Décembre,True,False,False
20201206,6,12,4,2020,49,Dimanche,Décembre,True,False,False
20201207,7,12,4,2020,50,Lundi,Décembre,False,False,False
20201208,8,12,4,2020,50,Mardi,Décembre,False,False,False
20201209,9,12,4,2020,50,Mercredi,Décembre,False,False,False
20201210,10,12,4,2020,50,Jeudi,Décembre,False,False,False
20201211,11,12,4,2020,50,Vendredi,Décembre,False,False,False
20201212,12,12,4,2020,50,Samedi,Décembre,True,False,False
20201213,13,12,4,2020,50,Dimanche,Décembre,True,False,False
20201214,14,12,4,2020,51,Lundi,Décembre,False,False,False
20201215,15,12,4,2020,51,Mardi,Décembre,False,False,False
20201216,16,12,4,2020,51,Mercredi,Décembre,False,False,False
20201217,17,12,4,2020,51,Jeudi,Décembre,False,False,False
20201218,18,12,4,2020,51,Vendredi,Décembre,False,False,False
20201219,19,12,4,2020,51,Samedi,Décembre,True,False,False
20201220,20,12,4,2020,51,Dimanche,Décembre,True,False,False
20201221,21,12,4,2020,52,Lundi,Décembre,False,False,False
20201222,22,12,4,2020,52,Mardi,Décembre,False,False,False
20201223,23,12,4,2020,52,Mercredi,Décembre,False,False,False
20201224,24,12,4,2020,52,Jeudi,Décembre,False,False,False
20201225,25,12,4,2020,52,Vendredi,Décembre,False,False,False
20201226,26,12,4,2020,52,Samedi,Décembre,True,False,False
20201227,27,12,4,2020,52,Dimanche,Décembre,True,False,False
20201228,28,12,4,2020,53,Lundi,Décembre,False,False,False
20201229,29,12,4,2020,53,Mardi,Décembre,False,False,False
20201230,30,12,4,2020,53,Mercredi,Décembre,False,False,False
20201231,31,12,4,2020,53,Jeudi,Décembre,False,False,False
20210101,1,1,1,2021,53,Vendredi,Janvier,False,True,False
20210102,2,1,1,2021,53,Samedi,Janvier,True,False,False
20210103,3,1,1,2021,53,Dimanche,Janvier,True,False,False
20210104,4,1,1,2021,1,Lundi,Janvier,False,False,False
20210105,5,1,1,2021,1,Mardi,Janvier,False,False,False
20210106,6,1,1,2021,1,Mercredi,Janvier,False,False,False
20210107,7,1,1,2021,1,Jeudi,Janvier,False,False,False
20210108,8,1,1,2021,1,Vendredi,Janvier,False,False,False
20210109,9,1,1,2021,1,Samedi,Janvier,True,False,False
20210110,10,1,1,2021,1,Dimanche,Janvier,True,False,False
20210111,11,1,1,2021,2,Lundi,Janvier,False,True,False
20210112,12,1,1,2021,2,Mardi,Janvier,False,False,False
20210113,13,1,1,2021,2,Mercredi,Janvier,False,False,False
20210114,14,1,1,2021,2,Jeudi,Janvier,False,False,False
20210115,15,1,1,2021,2,Vendredi,Janvier,False,False,False
20210116,16,1,1,2021,2,Samedi,Janvier,True,False,False
20210117,17,1,1,2021,2,Dimanche,Janvier,True,False,False
20210118,18,1,1,2021,3,Lundi,Janvier,False,False,False
20210119,19,1,1,2021,3,Mardi,Janvier,False,False,False
20210120,20,1,1,2021,3,Mercredi,Janvier,False,False,False
20210121,21,1,1,2021,3,Jeudi,Janvier,False,False,False
20210122,22,1,1,2021,3,Vendredi,Janvier,False,False,False
20210123,23,1,1,2021,3,Samedi,Janvier,True,False,False
20210124,24,1,1,2021,3,Dimanche,Janvier,True,False,False
20210125,25,1,1,2021,4,Lundi,Janvier,False,False,False
20210126,26,1,1,2021,4,Mardi,Janvier,False,False,False
20210127,27,1,1,2021,4,Mercredi,Janvier,False,False,False
20210128,28,1,1,2021,4,Jeudi,Janvier,False,False,False
20210129,29,1,1,2021,4,Vendredi,Janvier,False,False,False
20210130,30,1,1,2021,4,Samedi,Janvier,True,False,False
20210131,31,1,1,2021,4,Dimanche,Janvier,True,False,False
20210201,1,2,1,2021,5,Lundi,Février,False,False,False
20210202,2,2,1,2021,5,Mardi,Février,False,False,False
20210203,3,2,1,2021,5,Mercredi,Février,False,False,False
20210204,4,2,1,2021,5,Jeudi,Février,False,False,False
20210205,5,2,1,2021,5,Vendredi,Février,False,False,False
20210206,6,2,1,2021,5,Samedi,Février,True,False,False
20210207,7,2,1,2021,5,Dimanche,Février,True,False,False
20210208,8,2,1,2021,6,Lundi,Février,False,False,False
20210209,9,2,1,2021,6,Mardi,Février,False,False,False
20210210,10,2,1,2021,6,Mercredi,Février,False,False,False
20210211,11,2,1,2021,6,Jeudi,Février,False,False,False
20210212,12,2,1,2021,6,Vendredi,Février,False,False,False
20210213,13,2,1,2021,6,Samedi,Février,True,False,False
20210214,14,2,1,2021,6,Dimanche,Février,True,False,False
20210215,15,2,1,2021,7,Lundi,Février,False,False,False
20210216,16,2,1,2021,7,Mardi,Février,False,False,False
20210217,17,2,1,2021,7,Mercredi,Février,False,False,False
20210218,18,2,1,2021,7,Jeudi,Février,False,False,False
20210219,19,2,1,2021,7,Vendredi,Février,False,False,False
20210220,20,2,1,2021,7,Samedi,Février,True,False,False
20210221,21,2,1,2021,7,Dimanche,Février,True,False,False
20210222,22,2,1,2021,8,Lundi,Février,False,False,False
20210223,23,2,1,2021,8,Mardi,Février,False,False,False
20210224,24,2,1,2021,8,Mercredi,Février,False,False,False
20210225,25,2,1,2021,8,Jeudi,Février,False,False,False
20210226,26,2,1,2021,8,Vendredi,Février,False,False,False
20210227,27,2,1,2021,8,Samedi,Février,True,False,False
20210228,28,2,1,2021,8,Dimanche,Février,True,False,False
20210301,1,3,1,2021,9,Lundi,Mars,False,False,False
20210302,2,3,1,2021,9,Mardi,Mars,False,False,False
20210303,3,3,1,2021,9,Mercredi,Mars,False,False,False
20210304,4,3,1,2021,9,Jeudi,Mars,False,False,False
20210305,5,3,1,2021,9,Vendredi,Mars,False,False,False
20210306,6,3,1,2021,9,Samedi,Mars,True,False,False
20210307,7,3,1,2021,9,Dimanche,Mars,True,False,False
20210308,8,3,1,2021,10,Lundi,Mars,False,False,False
20210309,9,3,1,2021,10,Mardi,Mars,False,False,False
20210310,10,3,1,2021,10,Mercredi,Mars,False,False,False
20210311,11,3,1,2021,10,Jeudi,Mars,False,False,False
20210312,12,3,1,2021,10,Vendredi,Mars,False,False,False
20210313,13,3,1,2021,10,Samedi,Mars,True,False,False
20210314,14,3,1,2021,10,Dimanche,Mars,True,False,False
20210315,15,3,1,2021,11,Lundi,Mars,False,False,False
20210316,16,3,1,2021,11,Mardi,Mars,False,False,False
20210317,17,3,1,2021,11,Mercredi,Mars,False,False,False
20210318,18,3,1,2021,11,Jeudi,Mars,False,False,False
20210319,19,3,1,2021,11,Vendredi,Mars,False,False,False
20210320,20,3,1,2021,11,Samedi,Mars,True,False,False
20210321,21,3,1,2021,11,Dimanche,Mars,True,False,False
20210322,22,3,1,2021,12,Lundi,Mars,False,False,False
20210323,23,3,1,2021,12,Mardi,Mars,False,False,False
20210324,24,3,1,2021,12,Mercredi,Mars,False,False,False
20210325,25,3,1,2021,12,Jeudi,Mars,False,False,False
20210326,26,3,1,2021,12,Vendredi,Mars,False,False,False
20210327,27,3,1,2021,12,Samedi,Mars,True,False,False
20210328,28,3,1,2021,12,Dimanche,Mars,True,False,False
20210329,29,3,1,2021,13,Lundi,Mars,False,False,False
20210330,30,3,1,2021,13,Mardi,Mars,False,False,False
20210331,31,3,1,2021,13,Mercredi,Mars,False,False,False
20210401,1,4,2,2021,13,Jeudi,Avril,False,False,False
20210402,2,4,2,2021,13,Vendredi,Avril,False,False,False
20210403,3,4,2,2021,13,Samedi,Avril,True,False,False
20210404,4,4,2,2021,13,Dimanche,Avril,True,False,False
20210405,5,4,2,2021,14,Lundi,Avril,False,False,False
20210406,6,4,2,2021,14,Mardi,Avril,False,False,False
20210407,7,4,2,2021,14,Mercredi,Avril,False,False,False
20210408,8,4,2,2021,14,Jeudi,Avril,False,False,False
20210409,9,4,2,2021,14,Vendredi,Avril,False,False,False
20210410,10,4,2,2021,14,Samedi,Avril,True,False,False
20210411,11,4,2,2021,14,Dimanche,Avril,True,False,False
20210412,12,4,2,2021,15,Lundi,Avril,False,False,False
20210413,13,4,2,2021,15,Mardi,Avril,False,False,True
20210414,14,4,2,2021,15,Mercredi,Avril,False,False,True
20210415,15,4,2,2021,15,Jeudi,Avril,False,False,True
20210416,16,4,2,2021,15,Vendredi,Avril,False,False,True
20210417,17,4,2,2021,15,Samedi,Avril,True,False,True
20210418,18,4,2,2021,15,Dimanche,Avril,True,False,True
20210419,19,4,2,2021,16,Lundi,Avril,False,False,True
20210420,20,4,2,2021,16,Mardi,Avril,False,False,True
20210421,21,4,2,2021,16,Mercredi,Avril,False,False,True
20210422,22,4,2,2021,16,Jeudi,Avril,False,False,True
20210423,23,4,2,2021,16,Vendredi,Avril,False,False,True
20210424,24,4,2,2021,16,Samedi,Avril,True,False,True
20210425,25,4,2,2021,16,Dimanche,Avril,True,False,True
20210426,26,4,2,2021,17,Lundi,Avril,False,False,True
20210427,27,4,2,2021,17,Mardi,Avril,False,False,True
20210428,28,4,2,2021,17,Mercredi,Avril,False,False,True
20210429,29,4,2,2021,17,Jeudi,Avril,False,False,True
20210430,30,4,2,2021,17,Vendredi,Avril,False,False,True
20210501,1,5,2,2021,17,Samedi,Mai,True,True,True
20210502,2,5,2,2021,17,Dimanche,Mai,True,False,True
20210503,3,5,2,2021,18,Lundi,Mai,False,False,True
20210504,4,5,2,2021,18,Mardi,Mai,False,False,True
20210505,5,5,2,2021,18,Mercredi,Mai,False,False,True
20210506,6,5,2,2021,18,Jeudi,Mai,False,False,True
20210507,7,5,2,2021,18,Vendredi,Mai,False,False,True
20210508,8,5,2,2021,18,Samedi,Mai,True,False,True
20210509,9,5,2,2021,18,Dimanche,Mai,True,False,True
20210510,10,5,2,2021,19,Lundi,Mai,False,False,True
20210511,11,5,2,2021,19,Mardi,Mai,False,False,True
20210512,12,5,2,2021,19,Mercredi,Mai,False,False,True
20210513,13,5,2,2021,19,Jeudi,Mai,False,False,False
20210514,14,5,2,2021,19,Vendredi,Mai,False,False,False
20210515,15,5,2,2021,19,Samedi,Mai,True,False,False
20210516,16,5,2,2021,19,Dimanche,Mai,True,False,False
20210517,17,5,2,2021,20,Lundi,Mai,False,False,False
20210518,18,5,2,2021,20,Mardi,Mai,False,False,False
20210519,19,5,2,2021,20,Mercredi,Mai,False,False,False
20210520,20,5,2,2021,20,Jeudi,Mai,False,False,False
20210521,21,5,2,2021,20,Vendredi,Mai,False,False,False
20210522,22,5,2,2021,20,Samedi,Mai,True,False,False
20210523,23,5,2,2021,20,Dimanche,Mai,True,False,False
20210524,24,5,2,2021,21,Lundi,Mai,False,False,False
20210525,25,5,2,2021,21,Mardi,Mai,False,False,False
20210526,26,5,2,2021,21,Mercredi,Mai,False,False,False
20210527,27,5,2,2021,21,Jeudi,Mai,False,False,False
20210528,28,5,2,2021,21,Vendredi,Mai,False,False,False
20210529,29,5,2,2021,21,Samedi,Mai,True,False,False
20210530,30,5,2,2021,21,Dimanche,Mai,True,False,False
20210531,31,5,2,2021,22,Lundi,Mai,False,False,False
20210601,1,6,2,2021,22,Mardi,Juin,False,False,False
20210602,2,6,2,2021,22,Mercredi,Juin,False,False,False
20210603,3,6,2,2021,22,Jeudi,Juin,False,False,False
20210604,4,6,2,2021,22,Vendredi,Juin,False,False,False
20210605,5,6,2,2021,22,Samedi,Juin,True,False,False
20210606,6,6,2,2021,22,Dimanche,Juin,True,False,False
20210607,7,6,2,2021,23,Lundi,Juin,False,False,False
20210608,8,6,2,2021,23,Mardi,Juin,False,False,False
20210609,9,6,2,2021,23,Mercredi,Juin,False,False,False
20210610,10,6,2,2021,23,Jeudi,Juin,False,False,False
20210611,11,6,2,2021,23,Vendredi,Juin,False,False,False
20210612,12,6,2,2021,23,Samedi,Juin,True,False,False
20210613,13,6,2,2021,23,Dimanche,Juin,True,False,False
20210614,14,6,2,2021,24,Lundi,Juin,False,False,False
20210615,15,6,2,2021,24,Mardi,Juin,False,False,False
20210616,16,6,2,2021,24,Mercredi,Juin,False,False,False
20210617,17,6,2,2021,24,Jeudi,Juin,False,False,False
20210618,18,6,2,2021,24,Vendredi,Juin,False,False,False
20210619,19,6,2,2021,24,Samedi,Juin,True,False,False
20210620,20,6,2,2021,24,Dimanche,Juin,True,False,False
20210621,21,6,2,2021,25,Lundi,Juin,False,False,False
20210622,22,6,2,2021,25,Mardi,Juin,False,False,False
20210623,23,6,2,2021,25,Mercredi,Juin,False,False,False
20210624,24,6,2,2021,25,Jeudi,Juin,False,False,False
20210625,25,6,2,2021,25,Vendredi,Juin,False,False,False
20210626,26,6,2,2021,25,Samedi,Juin,True,False,False
20210627,27,6,2,2021,25,Dimanche,Juin,True,False,False
20210628,28,6,2,2021,26,Lundi,Juin,False,False,False
20210629,29,6,2,2021,26,Mardi,Juin,False,False,False
20210630,30,6,2,2021,26,Mercredi,Juin,False,False,False
20210701,1,7,3,2021,26,Jeudi,Juillet,False,False,False
20210702,2,7,3,2021,26,Vendredi,Juillet,False,False,False
20210703,3,7,3,2021,26,Samedi,Juillet,True,False,False
20210704,4,7,3,2021,26,Dimanche,Juillet,True,False,False
20210705,5,7,3,2021,27,Lundi,Juillet,False,False,False
20210706,6,7,3,2021,27,Mardi,Juillet,False,False,False
20210707,7,7,3,2021,27,Mercredi,Juillet,False,False,False
20210708,8,7,3,2021,27,Jeudi,Juillet,False,False,False
20210709,9,7,3,2021,27,Vendredi,Juillet,False,False,False
20210710,10,7,3,2021,27,Samedi,Juillet,True,False,False
20210711,11,7,3,2021,27,Dimanche,Juillet,True,False,False
20210712,12,7,3,2021,28,Lundi,Juillet,False,False,False
20210713,13,7,3,2021,28,Mardi,Juillet,False,False,False
20210714,14,7,3,2021,28,Mercredi,Juillet,False,False,False
20210715,15,7,3,2021,28,Jeudi,Juillet,False,False,False
20210716,16,7,3,2021,28,Vendredi,Juillet,False,False,False
20210717,17,7,3,2021,28,Samedi,Juillet,True,False,False
20210718,18,7,3,2021,28,Dimanche,Juillet,True,False,False
20210719,19,7,3,2021,29,Lundi,Juillet,False,False,False
20210720,20,7,3,2021,29,Mardi,Juillet,False,False,False
20210721,21,7,3,2021,29,Mercredi,Juillet,False,False,False
20210722,22,7,3,2021,29,Jeudi,Juillet,False,False,False
20210723,23,7,3,2021,29,Vendredi,Juillet,False,False,False
20210724,24,7,3,2021,29,Samedi,Juillet,True,False,False
20210725,25,7,3,2021,29,Dimanche,Juillet,True,False,False
20210726,26,7,3,2021,30,Lundi,Juillet,False,False,False
20210727,27,7,3,2021,30,Mardi,Juillet,False,False,False
20210728,28,7,3,2021,30,Mercredi,Juillet,False,False,False
20210729,29,7,3,2021,30,Jeudi,Juillet,False,False,False
20210730,30,7,3,2021,30,Vendredi,Juillet,False,True,False
20210731,31,7,3,2021,30,Samedi,Juillet,True,False,False
20210801,1,8,3,2021,30,Dimanche,Août,True,False,False
20210802,2,8,3,2021,31,Lundi,Août,False,False,False
20210803,3,8,3,2021,31,Mardi,Août,False,False,False
20210804,4,8,3,2021,31,Mercredi,Août,False,False,False
20210805,5,8,3,2021,31,Jeudi,Août,False,False,False
20210806,6,8,3,2021,31,Vendredi,Août,False,False,False
20210807,7,8,3,2021,31,Samedi,Août,True,False,False
20210808,8,8,3,2021,31,Dimanche,Août,True,False,False
20210809,9,8,3,2021,32,Lundi,Août,False,False,False
20210810,10,8,3,2021,32,Mardi,Août,False,False,False
20210811,11,8,3,2021,32,Mercredi,Août,False,False,False
20210812,12,8,3,2021,32,Jeudi,Août,False,False,False
20210813,13,8,3,2021,32,Vendredi,Août,False,False,False
20210814,14,8,3,2021,32,Samedi,Août,True,True,False
20210815,15,8,3,2021,32,Dimanche,Août,True,False,False
20210816,16,8,3,2021,33,Lundi,Août,False,False,False
20210817,17,8,3,2021,33,Mardi,Août,False,False,False
20210818,18,8,3,2021,33,Mercredi,Août,False,False,False
20210819,19,8,3,2021,33,Jeudi,Août,False,False,False
20210820,20,8,3,2021,33,Vendredi,Août,False,True,False
20210821,21,8,3,2021,33,Samedi,Août,True,True,False
20210822,22,8,3,2021,33,Dimanche,Août,True,False,False
20210823,23,8,3,2021,34,Lundi,Août,False,False,False
20210824,24,8,3,2021,34,Mardi,Août,False,False,False
20210825,25,8,3,2021,34,Mercredi,Août,False,False,False
20210826,26,8,3,2021,34,Jeudi,Août,False,False,False
20210827,27,8,3,2021,34,Vendredi,Août,False,False,False
20210828,28,8,3,2021,34,Samedi,Août,True,False,False
20210829,29,8,3,2021,34,Dimanche,Août,True,False,False
20210830,30,8,3,2021,35,Lundi,Août,False,False,False
20210831,31,8,3,2021,35,Mardi,Août,False,False,False
20210901,1,9,3,2021,35,Mercredi,Septembre,False,False,False
20210902,2,9,3,2021,35,Jeudi,Septembre,False,False,False
20210903,3,9,3,2021,35,Vendredi,Septembre,False,False,False
20210904,4,9,3,2021,35,Samedi,Septembre,True,False,False
20210905,5,9,3,2021,35,Dimanche,Septembre,True,False,False
20210906,6,9,3,2021,36,Lundi,Septembre,False,False,False
20210907,7,9,3,2021,36,Mardi,Septembre,False,False,False
20210908,8,9,3,2021,36,Mercredi,Septembre,False,False,False
20210909,9,9,3,2021,36,Jeudi,Septembre,False,False,False
20210910,10,9,3,2021,36,Vendredi,Septembre,False,False,False
20210911,11,9,3,2021,36,Samedi,Septembre,True,False,False
20210912,12,9,3,2021,36,Dimanche,Septembre,True,False,False
20210913,13,9,3,2021,37,Lundi,Septembre,False,False,False
20210914,14,9,3,2021,37,Mardi,Septembre,False,False,False
20210915,15,9,3,2021,37,Mercredi,Septembre,False,False,False
20210916,16,9,3,2021,37,Jeudi,Septembre,False,False,False
20210917,17,9,3,2021,37,Vendredi,Septembre,False,False,False
20210918,18,9,3,2021,37,Samedi,Septembre,True,False,False
20210919,19,9,3,2021,37,Dimanche,Septembre,True,False,False
20210920,20,9,3,2021,38,Lundi,Septembre,False,False,False
20210921,21,9,3,2021,38,Mardi,Septembre,False,False,False
20210922,22,9,3,2021,38,Mercredi,Septembre,False,False,False
20210923,23,9,3,2021,38,Jeudi,Septembre,False,False,False
20210924,24,9,3,2021,38,Vendredi,Septembre,False,False,False
20210925,25,9,3,2021,38,Samedi,Septembre,True,False,False
20210926,26,9,3,2021,38,Dimanche,Septembre,True,False,False
20210927,27,9,3,2021,39,Lundi,Septembre,False,False,False
20210928,28,9,3,2021,39,Mardi,Septembre,False,False,False
20210929,29,9,3,2021,39,Mercredi,Septembre,False,False,False
20210930,30,9,3,2021,39,Jeudi,Septembre,False,False,False
20211001,1,10,4,2021,39,Vendredi,Octobre,False,False,False
20211002,2,10,4,2021,39,Samedi,Octobre,True,False,False
20211003,3,10,4,2021,39,Dimanche,Octobre,True,False,False
20211004,4,10,4,2021,40,Lundi,Octobre,False,False,False
20211005,5,10,4,2021,40,Mardi,Octobre,False,False,False
20211006,6,10,4,2021,40,Mercredi,Octobre,False,False,False
20211007,7,10,4,2021,40,Jeudi,Octobre,False,False,False
20211008,8,10,4,2021,40,Vendredi,Octobre,False,False,False
20211009,9,10,4,2021,40,Samedi,Octobre,True,False,False
20211010,10,10,4,2021,40,Dimanche,Octobre,True,False,False
20211011,11,10,4,2021,41,Lundi,Octobre,False,False,False
20211012,12,10,4,2021,41,Mardi,Octobre,False,False,False
20211013,13,10,4,2021,41,Mercredi,Octobre,False,False,False
20211014,14,10,4,2021,41,Jeudi,Octobre,False,False,False
20211015,15,10,4,2021,41,Vendredi,Octobre,False,False,False
20211016,16,10,4,2021,41,Samedi,Octobre,True,False,False
20211017,17,10,4,2021,41,Dimanche,Octobre,True,False,False
20211018,18,10,4,2021,42,Lundi,Octobre,False,False,False
20211019,19,10,4,2021,42,Mardi,Octobre,False,False,False
20211020,20,10,4,2021,42,Mercredi,Octobre,False,False,False
20211021,21,10,4,2021,42,Jeudi,Octobre,False,False,False
20211022,22,10,4,2021,42,Vendredi,Octobre,False,False,False
20211023,23,10,4,2021,42,Samedi,Octobre,True,False,False
20211024,24,10,4,2021,42,Dimanche,Octobre,True,False,False
20211025,25,10,4,2021,43,Lundi,Octobre,False,False,False
20211026,26,10,4,2021,43,Mardi,Octobre,False,False,False
20211027,27,10,4,2021,43,Mercredi,Octobre,False,False,False
20211028,28,10,4,2021,43,Jeudi,Octobre,False,False,False
20211029,29,10,4,2021,43,Vendredi,Octobre,False,False,False
20211030,30,10,4,2021,43,Samedi,Octobre,True,False,False
20211031,31,10,4,2021,43,Dimanche,Octobre,True,False,False
20211101,1,11,4,2021,44,Lundi,Novembre,False,False,False
20211102,2,11,4,2021,44,Mardi,Novembre,False,False,False
20211103,3,11,4,2021,44,Mercredi,Novembre,False,False,False
20211104,4,11,4,2021,44,Jeudi,Novembre,False,False,False
20211105,5,11,4,2021,44,Vendredi,Novembre,False,False,False
20211106,6,11,4,2021,44,Samedi,Novembre,True,True,False
20211107,7,11,4,2021,44,Dimanche,Novembre,True,False,False
20211108,8,11,4,2021,45,Lundi,Novembre,False,False,False
20211109,9,11,4,2021,45,Mardi,Novembre,False,False,False
20211110,10,11,4,2021,45,Mercredi,Novembre,False,False,False
20211111,11,11,4,2021,45,Jeudi,Novembre,False,False,False
20211112,12,11,4,2021,45,Vendredi,Novembre,False,False,False
20211113,13,11,4,2021,45,Samedi,Novembre,True,False,False
20211114,14,11,4,2021,45,Dimanche,Novembre,True,False,False
20211115,15,11,4,2021,46,Lundi,Novembre,False,False,False
20211116,16,11,4,2021,46,Mardi,Novembre,False,False,False
20211117,17,11,4,2021,46,Mercredi,Novembre,False,False,False
20211118,18,11,4,2021,46,Jeudi,Novembre,False,True,False
20211119,19,11,4,2021,46,Vendredi,Novembre,False,False,False
20211120,20,11,4,2021,46,Samedi,Novembre,True,False,False
20211121,21,11,4,2021,46,Dimanche,Novembre,True,False,False
20211122,22,11,4,2021,47,Lundi,Novembre,False,False,False
20211123,23,11,4,2021,47,Mardi,Novembre,False,False,False
20211124,24,11,4,2021,47,Mercredi,Novembre,False,False,False
20211125,25,11,4,2021,47,Jeudi,Novembre,False,False,False
20211126,26,11,4,2021,47,Vendredi,Novembre,False,False,False
20211127,27,11,4,2021,47,Samedi,Novembre,True,False,False
20211128,28,11,4,2021,47,Dimanche,Novembre,True,False,False
20211129,29,11,4,2021,48,Lundi,Novembre,False,False,False
20211130,30,11,4,2021,48,Mardi,Novembre,False,False,False
20211201,1,12,4,2021,48,Mercredi,Décembre,False,False,False
20211202,2,12,4,2021,48,Jeudi,Décembre,False,False,False
20211203,3,12,4,2021,48,Vendredi,Décembre,False,False,False
20211204,4,12,4,2021,48,Samedi,Décembre,True,False,False
20211205,5,12,4,2021,48,Dimanche,Décembre,True,False,False
20211206,6,12,4,2021,49,Lundi,Décembre,False,False,False
20211207,7,12,4,2021,49,Mardi,Décembre,False,False,False
20211208,8,12,4,2021,49,Mercredi,Décembre,False,False,False
20211209,9,12,4,2021,49,Jeudi,Décembre,False,False,False
20211210,10,12,4,2021,49,Vendredi,Décembre,False,False,False
20211211,11,12,4,2021,49,Samedi,Décembre,True,False,False
20211212,12,12,4,2021,49,Dimanche,Décembre,True,False,False
20211213,13,12,4,2021,50,Lundi,Décembre,False,False,False
20211214,14,12,4,2021,50,Mardi,Décembre,False,False,False
20211215,15,12,4,2021,50,Mercredi,Décembre,False,False,False
20211216,16,12,4,2021,50,Jeudi,Décembre,False,False,False
20211217,17,12,4,2021,50,Vendredi,Décembre,False,False,False
20211218,18,12,4,2021,50,Samedi,Décembre,True,False,False
20211219,19,12,4,2021,50,Dimanche,Décembre,True,False,False
20211220,20,12,4,2021,51,Lundi,Décembre,False,False,False
20211221,21,12,4,2021,51,Mardi,Décembre,False,False,False
20211222,22,12,4,2021,51,Mercredi,Décembre,False,False,False
20211223,23,12,4,2021,51,Jeudi,Décembre,False,False,False
20211224,24,12,4,2021,51,Vendredi,Décembre,False,False,False
20211225,25,12,4,2021,51,Samedi,Décembre,True,False,False
20211226,26,12,4,2021,51,Dimanche,Décembre,True,False,False
20211227,27,12,4,2021,52,Lundi,Décembre,False,False,False
20211228,28,12,4,2021,52,Mardi,Décembre,False,False,False
20211229,29,12,4,2021,52,Mercredi,Décembre,False,False,False
20211230,30,12,4,2021,52,Jeudi,Décembre,False,False,False
20211231,31,12,4,2021,52,Vendredi,Décembre,False,False,False
20220101,1,1,1,2022,52,Samedi,Janvier,True,True,False
20220102,2,1,1,2022,52,Dimanche,Janvier,True,False,False
20220103,3,1,1,2022,1,Lundi,Janvier,False,False,False
20220104,4,1,1,2022,1,Mardi,Janvier,False,False,False
20220105,5,1,1,2022,1,Mercredi,Janvier,False,False,False
20220106,6,1,1,2022,1,Jeudi,Janvier,False,False,False
20220107,7,1,1,2022,1,Vendredi,Janvier,False,False,False
20220108,8,1,1,2022,1,Samedi,Janvier,True,False,False
20220109,9,1,1,2022,1,Dimanche,Janvier,True,False,False
20220110,10,1,1,2022,2,Lundi,Janvier,False,False,False
20220111,11,1,1,2022,2,Mardi,Janvier,False,True,False
20220112,12,1,1,2022,2,Mercredi,Janvier,False,False,False
20220113,13,1,1,2022,2,Jeudi,Janvier,False,False,False
20220114,14,1,1,2022,2,Vendredi,Janvier,False,False,False
20220115,15,1,1,2022,2,Samedi,Janvier,True,False,False
20220116,16,1,1,2022,2,Dimanche,Janvier,True,False,False
20220117,17,1,1,2022,3,Lundi,Janvier,False,False,False
20220118,18,1,1,2022,3,Mardi,Janvier,False,False,False
20220119,19,1,1,2022,3,Mercredi,Janvier,False,False,False
20220120,20,1,1,2022,3,Jeudi,Janvier,False,False,False
20220121,21,1,1,2022,3,Vendredi,Janvier,False,False,False
20220122,22,1,1,2022,3,Samedi,Janvier,True,False,False
20220123,23,1,1,2022,3,Dimanche,Janvier,True,False,False
20220124,24,1,1,2022,4,Lundi,Janvier,False,False,False
20220125,25,1,1,2022,4,Mardi,Janvier,False,False,False
20220126,26,1,1,2022,4,Mercredi,Janvier,False,False,False
20220127,27,1,1,2022,4,Jeudi,Janvier,False,False,False
20220128,28,1,1,2022,4,Vendredi,Janvier,False,False,False
20220129,29,1,1,2022,4,Samedi,Janvier,True,False,False
20220130,30,1,1,2022,4,Dimanche,Janvier,True,False,False
20220131,31,1,1,2022,5,Lundi,Janvier,False,False,False
20220201,1,2,1,2022,5,Mardi,Février,False,False,False
20220202,2,2,1,2022,5,Mercredi,Février,False,False,False
20220203,3,2,1,2022,5,Jeudi,Février,False,False,False
20220204,4,2,1,2022,5,Vendredi,Février,False,False,False
20220205,5,2,1,2022,5,Samedi,Février,True,False,False
20220206,6,2,1,2022,5,Dimanche,Février,True,False,False
20220207,7,2,1,2022,6,Lundi,Février,False,False,False
20220208,8,2,1,2022,6,Mardi,Février,False,False,False
20220209,9,2,1,2022,6,Mercredi,Février,False,False,False
20220210,10,2,1,2022,6,Jeudi,Février,False,False,False
20220211,11,2,1,2022,6,Vendredi,Février,False,False,False
20220212,12,2,1,2022,6,Samedi,Février,True,False,False
20220213,13,2,1,2022,6,Dimanche,Février,True,False,False
20220214,14,2,1,2022,7,Lundi,Février,False,False,False
20220215,15,2,1,2022,7,Mardi,Février,False,False,False
20220216,16,2,1,2022,7,Mercredi,Février,False,False,False
20220217,17,2,1,2022,7,Jeudi,Février,False,False,False
20220218,18,2,1,2022,7,Vendredi,Février,False,False,False
20220219,19,2,1,2022,7,Samedi,Février,True,False,False
20220220,20,2,1,2022,7,Dimanche,Février,True,False,False
20220221,21,2,1,2022,8,Lundi,Février,False,False,False
20220222,22,2,1,2022,8,Mardi,Février,False,False,False
20220223,23,2,1,2022,8,Mercredi,Février,False,False,False
20220224,24,2,1,2022,8,Jeudi,Février,False,False,False
20220225,25,2,1,2022,8,Vendredi,Février,False,False,False
20220226,26,2,1,2022,8,Samedi,Février,True,False,False
20220227,27,2,1,2022,8,Dimanche,Février,True,False,False
20220228,28,2,1,2022,9,Lundi,Février,False,False,False
20220301,1,3,1,2022,9,Mardi,Mars,False,False,False
20220302,2,3,1,2022,9,Mercredi,Mars,False,False,False
20220303,3,3,1,2022,9,Jeudi,Mars,False,False,False
20220304,4,3,1,2022,9,Vendredi,Mars,False,False,False
20220305,5,3,1,2022,9,Samedi,Mars,True,False,False
20220306,6,3,1,2022,9,Dimanche,Mars,True,False,False
20220307,7,3,1,2022,10,Lundi,Mars,False,False,False
20220308,8,3,1,2022,10,Mardi,Mars,False,False,False
20220309,9,3,1,2022,10,Mercredi,Mars,False,False,False
20220310,10,3,1,2022,10,Jeudi,Mars,False,False,False
20220311,11,3,1,2022,10,Vendredi,Mars,False,False,False
20220312,12,3,1,2022,10,Samedi,Mars,True,False,False
20220313,13,3,1,2022,10,Dimanche,Mars,True,False,False
20220314,14,3,1,2022,11,Lundi,Mars,False,False,False
20220315,15,3,1,2022,11,Mardi,Mars,False,False,False
20220316,16,3,1,2022,11,Mercredi,Mars,False,False,False
20220317,17,3,1,2022,11,Jeudi,Mars,False,False,False
20220318,18,3,1,2022,11,Vendredi,Mars,False,False,False
20220319,19,3,1,2022,11,Samedi,Mars,True,False,False
20220320,20,3,1,2022,11,Dimanche,Mars,True,False,False
20220321,21,3,1,2022,12,Lundi,Mars,False,False,False
20220322,22,3,1,2022,12,Mardi,Mars,False,False,False
20220323,23,3,1,2022,12,Mercredi,Mars,False,False,False
20220324,24,3,1,2022,12,Jeudi,Mars,False,False,False
20220325,25,3,1,2022,12,Vendredi,Mars,False,False,False
20220326,26,3,1,2022,12,Samedi,Mars,True,False,False
20220327,27,3,1,2022,12,Dimanche,Mars,True,False,False
20220328,28,3,1,2022,13,Lundi,Mars,False,False,False
20220329,29,3,1,2022,13,Mardi,Mars,False,False,False
20220330,30,3,1,2022,13,Mercredi,Mars,False,False,False
20220331,31,3,1,2022,13,Jeudi,Mars,False,False,False
20220401,1,4,2,2022,13,Vendredi,Avril,False,False,False
20220402,2,4,2,2022,13,Samedi,Avril,True,False,True
20220403,3,4,2,2022,13,Dimanche,Avril,True,False,True
20220404,4,4,2,2022,14,Lundi,Avril,False,False,True
20220405,5,4,2,2022,14,Mardi,Avril,False,False,True
20220406,6,4,2,2022,14,Mercredi,Avril,False,False,True
20220407,7,4,2,2022,14,Jeudi,Avril,False,False,True
20220408,8,4,2,2022,14,Vendredi,Avril,False,False,True
20220409,9,4,2,2022,14,Samedi,Avril,True,False,True
20220410,10,4,2,2022,14,Dimanche,Avril,True,False,True
20220411,11,4,2,2022,15,Lundi,Avril,False,False,True
20220412,12,4,2,2022,15,Mardi,Avril,False,False,True
20220413,13,4,2,2022,15,Mercredi,Avril,False,False,True
20220414,14,4,2,2022,15,Jeudi,Avril,False,False,True
20220415,15,4,2,2022,15,Vendredi,Avril,False,False,True
20220416,16,4,2,2022,15,Samedi,Avril,True,False,True
20220417,17,4,2,2022,15,Dimanche,Avril,True,False,True
20220418,18,4,2,2022,16,Lundi,Avril,False,False,True
20220419,19,4,2,2022,16,Mardi,Avril,False,False,True
20220420,20,4,2,2022,16,Mercredi,Avril,False,False,True
20220421,21,4,2,2022,16,Jeudi,Avril,False,False,True
20220422,22,4,2,2022,16,Vendredi,Avril,False,False,True
20220423,23,4,2,2022,16,Samedi,Avril,True,False,True
20220424,24,4,2,2022,16,Dimanche,Avril,True,False,True
20220425,25,4,2,2022,17,Lundi,Avril,False,False,True
20220426,26,4,2,2022,17,Mardi,Avril,False,False,True
20220427,27,4,2,2022,17,Mercredi,Avril,False,False,True
20220428,28,4,2,2022,17,Jeudi,Avril,False,False,True
20220429,29,4,2,2022,17,Vendredi,Avril,False,False,True
20220430,30,4,2,2022,17,Samedi,Avril,True,False,True
20220501,1,5,2,2022,17,Dimanche,Mai,True,True,True
20220502,2,5,2,2022,18,Lundi,Mai,False,False,False
20220503,3,5,2,2022,18,Mardi,Mai,False,False,False
20220504,4,5,2,2022,18,Mercredi,Mai,False,False,False
20220505,5,5,2,2022,18,Jeudi,Mai,False,False,False
20220506,6,5,2,2022,18,Vendredi,Mai,False,False,False
20220507,7,5,2,2022,18,Samedi,Mai,True,False,False
20220508,8,5,2,2022,18,Dimanche,Mai,True,False,False
20220509,9,5,2,2022,19,Lundi,Mai,False,False,False
20220510,10,5,2,2022,19,Mardi,Mai,False,False,False
20220511,11,5,2,2022,19,Mercredi,Mai,False,False,False
20220512,12,5,2,2022,19,Jeudi,Mai,False,False,False
20220513,13,5,2,2022,19,Vendredi,Mai,False,False,False
20220514,14,5,2,2022,19,Samedi,Mai,True,False,False
20220515,15,5,2,2022,19,Dimanche,Mai,True,False,False
20220516,16,5,2,2022,20,Lundi,Mai,False,False,False
20220517,17,5,2,2022,20,Mardi,Mai,False,False,False
20220518,18,5,2,2022,20,Mercredi,Mai,False,False,False
20220519,19,5,2,2022,20,Jeudi,Mai,False,False,False
20220520,20,5,2,2022,20,Vendredi,Mai,False,False,False
20220521,21,5,2,2022,20,Samedi,Mai,True,False,False
20220522,22,5,2,2022,20,Dimanche,Mai,True,False,False
20220523,23,5,2,2022,21,Lundi,Mai,False,False,False
20220524,24,5,2,2022,21,Mardi,Mai,False,False,False
20220525,25,5,2,2022,21,Mercredi,Mai,False,False,False
20220526,26,5,2,2022,21,Jeudi,Mai,False,False,False
20220527,27,5,2,2022,21,Vendredi,Mai,False,False,False
20220528,28,5,2,2022,21,Samedi,Mai,True,False,False
20220529,29,5,2,2022,21,Dimanche,Mai,True,False,False
20220530,30,5,2,2022,22,Lundi,Mai,False,False,False
20220531,31,5,2,2022,22,Mardi,Mai,False,False,False
20220601,1,6,2,2022,22,Mercredi,Juin,False,False,False
20220602,2,6,2,2022,22,Jeudi,Juin,False,False,False
20220603,3,6,2,2022,22,Vendredi,Juin,False,False,False
20220604,4,6,2,2022,22,Samedi,Juin,True,False,False
20220605,5,6,2,2022,22,Dimanche,Juin,True,False,False
20220606,6,6,2,2022,23,Lundi,Juin,False,False,False
20220607,7,6,2,2022,23,Mardi,Juin,False,False,False
20220608,8,6,2,2022,23,Mercredi,Juin,False,False,False
20220609,9,6,2,2022,23,Jeudi,Juin,False,False,False
20220610,10,6,2,2022,23,Vendredi,Juin,False,False,False
20220611,11,6,2,2022,23,Samedi,Juin,True,False,False
20220612,12,6,2,2022,23,Dimanche,Juin,True,False,False
20220613,13,6,2,2022,24,Lundi,Juin,False,False,False
20220614,14,6,2,2022,24,Mardi,Juin,False,False,False
20220615,15,6,2,2022,24,Mercredi,Juin,False,False,False
20220616,16,6,2,2022,24,Jeudi,Juin,False,False,False
20220617,17,6,2,2022,24,Vendredi,Juin,False,False,False
20220618,18,6,2,2022,24,Samedi,Juin,True,False,False
20220619,19,6,2,2022,24,Dimanche,Juin,True,False,False
20220620,20,6,2,2022,25,Lundi,Juin,False,False,False
20220621,21,6,2,2022,25,Mardi,Juin,False,False,False
20220622,22,6,2,2022,25,Mercredi,Juin,False,False,False
20220623,23,6,2,2022,25,Jeudi,Juin,False,False,False
20220624,24,6,2,2022,25,Vendredi,Juin,False,False,False
20220625,25,6,2,2022,25,Samedi,Juin,True,False,False
20220626,26,6,2,2022,25,Dimanche,Juin,True,False,False
20220627,27,6,2,2022,26,Lundi,Juin,False,False,False
20220628,28,6,2,2022,26,Mardi,Juin,False,False,False
20220629,29,6,2,2022,26,Mercredi,Juin,False,False,False
20220630,30,6,2,2022,26,Jeudi,Juin,False,False,False
20220701,1,7,3,2022,26,Vendredi,Juillet,False,False,False
20220702,2,7,3,2022,26,Samedi,Juillet,True,False,False
20220703,3,7,3,2022,26,Dimanche,Juillet,True,False,False
20220704,4,7,3,2022,27,Lundi,Juillet,False,False,False
20220705,5,7,3,2022,27,Mardi,Juillet,False,False,False
20220706,6,7,3,2022,27,Mercredi,Juillet,False,False,False
20220707,7,7,3,2022,27,Jeudi,Juillet,False,False,False
20220708,8,7,3,2022,27,Vendredi,Juillet,False,False,False
20220709,9,7,3,2022,27,Samedi,Juillet,True,False,False
20220710,10,7,3,2022,27,Dimanche,Juillet,True,False,False
20220711,11,7,3,2022,28,Lundi,Juillet,False,False,False
20220712,12,7,3,2022,28,Mardi,Juillet,False,False,False
20220713,13,7,3,2022,28,Mercredi,Juillet,False,False,False
20220714,14,7,3,2022,28,Jeudi,Juillet,False,False,False
20220715,15,7,3,2022,28,Vendredi,Juillet,False,False,False
20220716,16,7,3,2022,28,Samedi,Juillet,True,False,False
20220717,17,7,3,2022,28,Dimanche,Juillet,True,False,False
20220718,18,7,3,2022,29,Lundi,Juillet,False,False,False
20220719,19,7,3,2022,29,Mardi,Juillet,False,False,False
20220720,20,7,3,2022,29,Mercredi,Juillet,False,False,False
20220721,21,7,3,2022,29,Jeudi,Juillet,False,False,False
20220722,22,7,3,2022,29,Vendredi,Juillet,False,False,False
20220723,23,7,3,2022,29,Samedi,Juillet,True,False,False
20220724,24,7,3,2022,29,Dimanche,Juillet,True,False,False
20220725,25,7,3,2022,30,Lundi,Juillet,False,False,False
20220726,26,7,3,2022,30,Mardi,Juillet,False,False,False
20220727,27,7,3,2022,30,Mercredi,Juillet,False,False,False
20220728,28,7,3,2022,30,Jeudi,Juillet,False,False,False
20220729,29,7,3,2022,30,Vendredi,Juillet,False,False,False
20220730,30,7,3,2022,30,Samedi,Juillet,True,True,False
20220731,31,7,3,2022,30,Dimanche,Juillet,True,False,False
20220801,1,8,3,2022,31,Lundi,Août,False,False,False
20220802,2,8,3,2022,31,Mardi,Août,False,False,False
20220803,3,8,3,2022,31,Mercredi,Août,False,False,False
20220804,4,8,3,2022,31,Jeudi,Août,False,False,False
20220805,5,8,3,2022,31,Vendredi,Août,False,False,False
20220806,6,8,3,2022,31,Samedi,Août,True,False,False
20220807,7,8,3,2022,31,Dimanche,Août,True,False,False
20220808,8,8,3,2022,32,Lundi,Août,False,False,False
20220809,9,8,3,2022,32,Mardi,Août,False,False,False
20220810,10,8,3,2022,32,Mercredi,Août,False,False,False
20220811,11,8,3,2022,32,Jeudi,Août,False,False,False
20220812,12,8,3,2022,32,Vendredi,Août,False,False,False
20220813,13,8,3,2022,32,Samedi,Août,True,False,False
20220814,14,8,3,2022,32,Dimanche,Août,True,True,False
20220815,15,8,3,2022,33,Lundi,Août,False,False,False
20220816,16,8,3,2022,33,Mardi,Août,False,False,False
20220817,17,8,3,2022,33,Mercredi,Août,False,False,False
20220818,18,8,3,2022,33,Jeudi,Août,False,False,False
20220819,19,8,3,2022,33,Vendredi,Août,False,False,False
20220820,20,8,3,2022,33,Samedi,Août,True,True,False
20220821,21,8,3,2022,33,Dimanche,Août,True,True,False
20220822,22,8,3,2022,34,Lundi,Août,False,False,False
20220823,23,8,3,2022,34,Mardi,Août,False,False,False
20220824,24,8,3,2022,34,Mercredi,Août,False,False,False
20220825,25,8,3,2022,34,Jeudi,Août,False,False,False
20220826,26,8,3,2022,34,Vendredi,Août,False,False,False
20220827,27,8,3,2022,34,Samedi,Août,True,False,False
20220828,28,8,3,2022,34,Dimanche,Août,True,False,False
20220829,29,8,3,2022,35,Lundi,Août,False,False,False
20220830,30,8,3,2022,35,Mardi,Août,False,False,False
20220831,31,8,3,2022,35,Mercredi,Août,False,False,False
20220901,1,9,3,2022,35,Jeudi,Septembre,False,False,False
20220902,2,9,3,2022,35,Vendredi,Septembre,False,False,False
20220903,3,9,3,2022,35,Samedi,Septembre,True,False,False
20220904,4,9,3,2022,35,Dimanche,Septembre,True,False,False
20220905,5,9,3,2022,36,Lundi,Septembre,False,False,False
20220906,6,9,3,2022,36,Mardi,Septembre,False,False,False
20220907,7,9,3,2022,36,Mercredi,Septembre,False,False,False
20220908,8,9,3,2022,36,Jeudi,Septembre,False,False,False
20220909,9,9,3,2022,36,Vendredi,Septembre,False,False,False
20220910,10,9,3,2022,36,Samedi,Septembre,True,False,False
20220911,11,9,3,2022,36,Dimanche,Septembre,True,False,False
20220912,12,9,3,2022,37,Lundi,Septembre,False,False,False
20220913,13,9,3,2022,37,Mardi,Septembre,False,False,False
20220914,14,9,3,2022,37,Mercredi,Septembre,False,False,False
20220915,15,9,3,2022,37,Jeudi,Septembre,False,False,False
20220916,16,9,3,2022,37,Vendredi,Septembre,False,False,False
20220917,17,9,3,2022,37,Samedi,Septembre,True,False,False
20220918,18,9,3,2022,37,Dimanche,Septembre,True,False,False
20220919,19,9,3,2022,38,Lundi,Septembre,False,False,False
20220920,20,9,3,2022,38,Mardi,Septembre,False,False,False
20220921,21,9,3,2022,38,Mercredi,Septembre,False,False,False
20220922,22,9,3,2022,38,Jeudi,Septembre,False,False,False
20220923,23,9,3,2022,38,Vendredi,Septembre,False,False,False
20220924,24,9,3,2022,38,Samedi,Septembre,True,False,False
20220925,25,9,3,2022,38,Dimanche,Septembre,True,False,False
20220926,26,9,3,2022,39,Lundi,Septembre,False,False,False
20220927,27,9,3,2022,39,Mardi,Septembre,False,False,False
20220928,28,9,3,2022,39,Mercredi,Septembre,False,False,False
20220929,29,9,3,2022,39,Jeudi,Septembre,False,False,False
20220930,30,9,3,2022,39,Vendredi,Septembre,False,False,False
20221001,1,10,4,2022,39,Samedi,Octobre,True,False,False
20221002,2,10,4,2022,39,Dimanche,Octobre,True,False,False
20221003,3,10,4,2022,40,Lundi,Octobre,False,False,False
20221004,4,10,4,2022,40,Mardi,Octobre,False,False,False
20221005,5,10,4,2022,40,Mercredi,Octobre,False,False,False
20221006,6,10,4,2022,40,Jeudi,Octobre,False,False,False
20221007,7,10,4,2022,40,Vendredi,Octobre,False,False,False
20221008,8,10,4,2022,40,Samedi,Octobre,True,False,False
20221009,9,10,4,2022,40,Dimanche,Octobre,True,False,False
20221010,10,10,4,2022,41,Lundi,Octobre,False,False,False
20221011,11,10,4,2022,41,Mardi,Octobre,False,False,False
20221012,12,10,4,2022,41,Mercredi,Octobre,False,False,False
20221013,13,10,4,2022,41,Jeudi,Octobre,False,False,False
20221014,14,10,4,2022,41,Vendredi,Octobre,False,False,False
20221015,15,10,4,2022,41,Samedi,Octobre,True,False,False
20221016,16,10,4,2022,41,Dimanche,Octobre,True,False,False
20221017,17,10,4,2022,42,Lundi,Octobre,False,False,False
20221018,18,10,4,2022,42,Mardi,Octobre,False,False,False
20221019,19,10,4,2022,42,Mercredi,Octobre,False,False,False
20221020,20,10,4,2022,42,Jeudi,Octobre,False,False,False
20221021,21,10,4,2022,42,Vendredi,Octobre,False,False,False
20221022,22,10,4,2022,42,Samedi,Octobre,True,False,False
20221023,23,10,4,2022,42,Dimanche,Octobre,True,False,False
20221024,24,10,4,2022,43,Lundi,Octobre,False,False,False
20221025,25,10,4,2022,43,Mardi,Octobre,False,False,False
20221026,26,10,4,2022,43,Mercredi,Octobre,False,False,False
20221027,27,10,4,2022,43,Jeudi,Octobre,False,False,False
20221028,28,10,4,2022,43,Vendredi,Octobre,False,False,False
20221029,29,10,4,2022,43,Samedi,Octobre,True,False,False
20221030,30,10,4,2022,43,Dimanche,Octobre,True,False,False
20221031,31,10,4,2022,44,Lundi,Octobre,False,False,False
20221101,1,11,4,2022,44,Mardi,Novembre,False,False,False
20221102,2,11,4,2022,44,Mercredi,Novembre,False,False,False
20221103,3,11,4,2022,44,Jeudi,Novembre,False,False,False
20221104,4,11,4,2022,44,Vendredi,Novembre,False,False,False
20221105,5,11,4,2022,44,Samedi,Novembre,True,False,False
20221106,6,11,4,2022,44,Dimanche,Novembre,True,True,False
20221107,7,11,4,2022,45,Lundi,Novembre,False,False,False
20221108,8,11,4,2022,45,Mardi,Novembre,False,False,False
20221109,9,11,4,2022,45,Mercredi,Novembre,False,False,False
20221110,10,11,4,2022,45,Jeudi,Novembre,False,False,False
20221111,11,11,4,2022,45,Vendredi,Novembre,False,False,False
20221112,12,11,4,2022,45,Samedi,Novembre,True,False,False
20221113,13,11,4,2022,45,Dimanche,Novembre,True,False,False
20221114,14,11,4,2022,46,Lundi,Novembre,False,False,False
20221115,15,11,4,2022,46,Mardi,Novembre,False,False,False
20221116,16,11,4,2022,46,Mercredi,Novembre,False,False,False
20221117,17,11,4,2022,46,Jeudi,Novembre,False,False,False
20221118,18,11,4,2022,46,Vendredi,Novembre,False,True,False
20221119,19,11,4,2022,46,Samedi,Novembre,True,False,False
20221120,20,11,4,2022,46,Dimanche,Novembre,True,False,False
20221121,21,11,4,2022,47,Lundi,Novembre,False,False,False
20221122,22,11,4,2022,47,Mardi,Novembre,False,False,False
20221123,23,11,4,2022,47,Mercredi,Novembre,False,False,False
20221124,24,11,4,2022,47,Jeudi,Novembre,False,False,False
20221125,25,11,4,2022,47,Vendredi,Novembre,False,False,False
20221126,26,11,4,2022,47,Samedi,Novembre,True,False,False
20221127,27,11,4,2022,47,Dimanche,Novembre,True,False,False
20221128,28,11,4,2022,48,Lundi,Novembre,False,False,False
20221129,29,11,4,2022,48,Mardi,Novembre,False,False,False
20221130,30,11,4,2022,48,Mercredi,Novembre,False,False,False
20221201,1,12,4,2022,48,Jeudi,Décembre,False,False,False
20221202,2,12,4,2022,48,Vendredi,Décembre,False,False,False
20221203,3,12,4,2022,48,Samedi,Décembre,True,False,False
20221204,4,12,4,2022,48,Dimanche,Décembre,True,False,False
20221205,5,12,4,2022,49,Lundi,Décembre,False,False,False
20221206,6,12,4,2022,49,Mardi,Décembre,False,False,False
20221207,7,12,4,2022,49,Mercredi,Décembre,False,False,False
20221208,8,12,4,2022,49,Jeudi,Décembre,False,False,False
20221209,9,12,4,2022,49,Vendredi,Décembre,False,False,False
20221210,10,12,4,2022,49,Samedi,Décembre,True,False,False
20221211,11,12,4,2022,49,Dimanche,Décembre,True,False,False
20221212,12,12,4,2022,50,Lundi,Décembre,False,False,False
20221213,13,12,4,2022,50,Mardi,Décembre,False,False,False
20221214,14,12,4,2022,50,Mercredi,Décembre,False,False,False
20221215,15,12,4,2022,50,Jeudi,Décembre,False,False,False
20221216,16,12,4,2022,50,Vendredi,Décembre,False,False,False
20221217,17,12,4,2022,50,Samedi,Décembre,True,False,False
20221218,18,12,4,2022,50,Dimanche,Décembre,True,False,False
20221219,19,12,4,2022,51,Lundi,Décembre,False,False,False
20221220,20,12,4,2022,51,Mardi,Décembre,False,False,False
20221221,21,12,4,2022,51,Mercredi,Décembre,False,False,False
20221222,22,12,4,2022,51,Jeudi,Décembre,False,False,False
20221223,23,12,4,2022,51,Vendredi,Décembre,False,False,False
20221224,24,12,4,2022,51,Samedi,Décembre,True,False,False
20221225,25,12,4,2022,51,Dimanche,Décembre,True,False,False
20221226,26,12,4,2022,52,Lundi,Décembre,False,False,False
20221227,27,12,4,2022,52,Mardi,Décembre,False,False,False
20221228,28,12,4,2022,52,Mercredi,Décembre,False,False,False
20221229,29,12,4,2022,52,Jeudi,Décembre,False,False,False
20221230,30,12,4,2022,52,Vendredi,Décembre,False,False,False
20221231,31,12,4,2022,52,Samedi,Décembre,True,False,False
20230101,1,1,1,2023,52,Dimanche,Janvier,True,True,False
20230102,2,1,1,2023,1,Lundi,Janvier,False,False,False
20230103,3,1,1,2023,1,Mardi,Janvier,False,False,False
20230104,4,1,1,2023,1,Mercredi,Janvier,False,False,False
20230105,5,1,1,2023,1,Jeudi,Janvier,False,False,False
20230106,6,1,1,2023,1,Vendredi,Janvier,False,False,False
20230107,7,1,1,2023,1,Samedi,Janvier,True,False,False
20230108,8,1,1,2023,1,Dimanche,Janvier,True,False,False
20230109,9,1,1,2023,2,Lundi,Janvier,False,False,False
20230110,10,1,1,2023,2,Mardi,Janvier,False,False,False
20230111,11,1,1,2023,2,Mercredi,Janvier,False,True,False
20230112,12,1,1,2023,2,Jeudi,Janvier,False,False,False
20230113,13,1,1,2023,2,Vendredi,Janvier,False,False,False
20230114,14,1,1,2023,2,Samedi,Janvier,True,False,False
20230115,15,1,1,2023,2,Dimanche,Janvier,True,False,False
20230116,16,1,1,2023,3,Lundi,Janvier,False,False,False
20230117,17,1,1,2023,3,Mardi,Janvier,False,False,False
20230118,18,1,1,2023,3,Mercredi,Janvier,False,False,False
20230119,19,1,1,2023,3,Jeudi,Janvier,False,False,False
20230120,20,1,1,2023,3,Vendredi,Janvier,False,False,False
20230121,21,1,1,2023,3,Samedi,Janvier,True,False,False
20230122,22,1,1,2023,3,Dimanche,Janvier,True,False,False
20230123,23,1,1,2023,4,Lundi,Janvier,False,False,False
20230124,24,1,1,2023,4,Mardi,Janvier,False,False,False
20230125,25,1,1,2023,4,Mercredi,Janvier,False,False,False
20230126,26,1,1,2023,4,Jeudi,Janvier,False,False,False
20230127,27,1,1,2023,4,Vendredi,Janvier,False,False,False
20230128,28,1,1,2023,4,Samedi,Janvier,True,False,False
20230129,29,1,1,2023,4,Dimanche,Janvier,True,False,False
20230130,30,1,1,2023,5,Lundi,Janvier,False,False,False
20230131,31,1,1,2023,5,Mardi,Janvier,False,False,False
20230201,1,2,1,2023,5,Mercredi,Février,False,False,False
20230202,2,2,1,2023,5,Jeudi,Février,False,False,False
20230203,3,2,1,2023,5,Vendredi,Février,False,False,False
20230204,4,2,1,2023,5,Samedi,Février,True,False,False
20230205,5,2,1,2023,5,Dimanche,Février,True,False,False
20230206,6,2,1,2023,6,Lundi,Février,False,False,False
20230207,7,2,1,2023,6,Mardi,Février,False,False,False
20230208,8,2,1,2023,6,Mercredi,Février,False,False,False
20230209,9,2,1,2023,6,Jeudi,Février,False,False,False
20230210,10,2,1,2023,6,Vendredi,Février,False,False,False
20230211,11,2,1,2023,6,Samedi,Février,True,False,False
20230212,12,2,1,2023,6,Dimanche,Février,True,False,False
20230213,13,2,1,2023,7,Lundi,Février,False,False,False
20230214,14,2,1,2023,7,Mardi,Février,False,False,False
20230215,15,2,1,2023,7,Mercredi,Février,False,False,False
20230216,16,2,1,2023,7,Jeudi,Février,False,False,False
20230217,17,2,1,2023,7,Vendredi,Février,False,False,False
20230218,18,2,1,2023,7,Samedi,Février,True,False,False
20230219,19,2,1,2023,7,Dimanche,Février,True,False,False
20230220,20,2,1,2023,8,Lundi,Février,False,False,False
20230221,21,2,1,2023,8,Mardi,Février,False,False,False
20230222,22,2,1,2023,8,Mercredi,Février,False,False,False
20230223,23,2,1,2023,8,Jeudi,Février,False,False,False
20230224,24,2,1,2023,8,Vendredi,Février,False,False,False
20230225,25,2,1,2023,8,Samedi,Février,True,False,False
20230226,26,2,1,2023,8,Dimanche,Février,True,False,False
20230227,27,2,1,2023,9,Lundi,Février,False,False,False
20230228,28,2,1,2023,9,Mardi,Février,False,False,False
20230301,1,3,1,2023,9,Mercredi,Mars,False,False,False
20230302,2,3,1,2023,9,Jeudi,Mars,False,False,False
20230303,3,3,1,2023,9,Vendredi,Mars,False,False,False
20230304,4,3,1,2023,9,Samedi,Mars,True,False,False
20230305,5,3,1,2023,9,Dimanche,Mars,True,False,False
20230306,6,3,1,2023,10,Lundi,Mars,False,False,False
20230307,7,3,1,2023,10,Mardi,Mars,False,False,False
20230308,8,3,1,2023,10,Mercredi,Mars,False,False,False
20230309,9,3,1,2023,10,Jeudi,Mars,False,False,False
20230310,10,3,1,2023,10,Vendredi,Mars,False,False,False
20230311,11,3,1,2023,10,Samedi,Mars,True,False,False
20230312,12,3,1,2023,10,Dimanche,Mars,True,False,False
20230313,13,3,1,2023,11,Lundi,Mars,False,False,False
20230314,14,3,1,2023,11,Mardi,Mars,False,False,False
20230315,15,3,1,2023,11,Mercredi,Mars,False,False,False
20230316,16,3,1,2023,11,Jeudi,Mars,False,False,False
20230317,17,3,1,2023,11,Vendredi,Mars,False,False,False
20230318,18,3,1,2023,11,Samedi,Mars,True,False,False
20230319,19,3,1,2023,11,Dimanche,Mars,True,False,False
20230320,20,3,1,2023,12,Lundi,Mars,False,False,False
20230321,21,3,1,2023,12,Mardi,Mars,False,False,False
20230322,22,3,1,2023,12,Mercredi,Mars,False,False,True
20230323,23,3,1,2023,12,Jeudi,Mars,False,False,True
20230324,24,3,1,2023,12,Vendredi,Mars,False,False,True
20230325,25,3,1,2023,12,Samedi,Mars,True,False,True
20230326,26,3,1,2023,12,Dimanche,Mars,True,False,True
20230327,27,3,1,2023,13,Lundi,Mars,False,False,True
20230328,28,3,1,2023,13,Mardi,Mars,False,False,True
20230329,29,3,1,2023,13,Mercredi,Mars,False,False,True
20230330,30,3,1,2023,13,Jeudi,Mars,False,False,True
20230331,31,3,1,2023,13,Vendredi,Mars,False,False,True
20230401,1,4,2,2023,13,Samedi,Avril,True,False,True
20230402,2,4,2,2023,13,Dimanche,Avril,True,False,True
20230403,3,4,2,2023,14,Lundi,Avril,False,False,True
20230404,4,4,2,2023,14,Mardi,Avril,False,False,True
20230405,5,4,2,2023,14,Mercredi,Avril,False,False,True
20230406,6,4,2,2023,14,Jeudi,Avril,False,False,True
20230407,7,4,2,2023,14,Vendredi,Avril,False,False,True
20230408,8,4,2,2023,14,Samedi,Avril,True,False,True
20230409,9,4,2,2023,14,Dimanche,Avril,True,False,True
20230410,10,4,2,2023,15,Lundi,Avril,False,False,True
20230411,11,4,2,2023,15,Mardi,Avril,False,False,True
20230412,12,4,2,2023,15,Mercredi,Avril,False,False,True
20230413,13,4,2,2023,15,Jeudi,Avril,False,False,True
20230414,14,4,2,2023,15,Vendredi,Avril,False,False,True
20230415,15,4,2,2023,15,Samedi,Avril,True,False,True
20230416,16,4,2,2023,15,Dimanche,Avril,True,False,True
20230417,17,4,2,2023,16,Lundi,Avril,False,False,True
20230418,18,4,2,2023,16,Mardi,Avril,False,False,True
20230419,19,4,2,2023,16,Mercredi,Avril,False,False,True
20230420,20,4,2,2023,16,Jeudi,Avril,False,False,True
20230421,21,4,2,2023,16,Vendredi,Avril,False,False,False
20230422,22,4,2,2023,16,Samedi,Avril,True,False,False
20230423,23,4,2,2023,16,Dimanche,Avril,True,False,False
20230424,24,4,2,2023,17,Lundi,Avril,False,False,False
20230425,25,4,2,2023,17,Mardi,Avril,False,False,False
20230426,26,4,2,2023,17,Mercredi,Avril,False,False,False
20230427,27,4,2,2023,17,Jeudi,Avril,False,False,False
20230428,28,4,2,2023,17,Vendredi,Avril,False,False,False
20230429,29,4,2,2023,17,Samedi,Avril,True,False,False
20230430,30,4,2,2023,17,Dimanche,Avril,True,False,False
20230501,1,5,2,2023,18,Lundi,Mai,False,True,False
20230502,2,5,2,2023,18,Mardi,Mai,False,False,False
20230503,3,5,2,2023,18,Mercredi,Mai,False,False,False
20230504,4,5,2,2023,18,Jeudi,Mai,False,False,False
20230505,5,5,2,2023,18,Vendredi,Mai,False,False,False
20230506,6,5,2,2023,18,Samedi,Mai,True,False,False
20230507,7,5,2,2023,18,Dimanche,Mai,True,False,False
20230508,8,5,2,2023,19,Lundi,Mai,False,False,False
20230509,9,5,2,2023,19,Mardi,Mai,False,False,False
20230510,10,5,2,2023,19,Mercredi,Mai,False,False,False
20230511,11,5,2,2023,19,Jeudi,Mai,False,False,False
20230512,12,5,2,2023,19,Vendredi,Mai,False,False,False
20230513,13,5,2,2023,19,Samedi,Mai,True,False,False
20230514,14,5,2,2023,19,Dimanche,Mai,True,False,False
20230515,15,5,2,2023,20,Lundi,Mai,False,False,False
20230516,16,5,2,2023,20,Mardi,Mai,False,False,False
20230517,17,5,2,2023,20,Mercredi,Mai,False,False,False
20230518,18,5,2,2023,20,Jeudi,Mai,False,False,False
20230519,19,5,2,2023,20,Vendredi,Mai,False,False,False
20230520,20,5,2,2023,20,Samedi,Mai,True,False,False
20230521,21,5,2,2023,20,Dimanche,Mai,True,False,False
20230522,22,5,2,2023,21,Lundi,Mai,False,False,False
20230523,23,5,2,2023,21,Mardi,Mai,False,False,False
20230524,24,5,2,2023,21,Mercredi,Mai,False,False,False
20230525,25,5,2,2023,21,Jeudi,Mai,False,False,False
20230526,26,5,2,2023,21,Vendredi,Mai,False,False,False
20230527,27,5,2,2023,21,Samedi,Mai,True,False,False
20230528,28,5,2,2023,21,Dimanche,Mai,True,False,False
20230529,29,5,2,2023,22,Lundi,Mai,False,False,False
20230530,30,5,2,2023,22,Mardi,Mai,False,False,False
20230531,31,5,2,2023,22,Mercredi,Mai,False,False,False
20230601,1,6,2,2023,22,Jeudi,Juin,False,False,False
20230602,2,6,2,2023,22,Vendredi,Juin,False,False,False
20230603,3,6,2,2023,22,Samedi,Juin,True,False,False
20230604,4,6,2,2023,22,Dimanche,Juin,True,False,False
20230605,5,6,2,2023,23,Lundi,Juin,False,False,False
20230606,6,6,2,2023,23,Mardi,Juin,False,False,False
20230607,7,6,2,2023,23,Mercredi,Juin,False,False,False
20230608,8,6,2,2023,23,Jeudi,Juin,False,False,False
20230609,9,6,2,2023,23,Vendredi,Juin,False,False,False
20230610,10,6,2,2023,23,Samedi,Juin,True,False,False
20230611,11,6,2,2023,23,Dimanche,Juin,True,False,False
20230612,12,6,2,2023,24,Lundi,Juin,False,False,False
20230613,13,6,2,2023,24,Mardi,Juin,False,False,False
20230614,14,6,2,2023,24,Mercredi,Juin,False,False,False
20230615,15,6,2,2023,24,Jeudi,Juin,False,False,False
20230616,16,6,2,2023,24,Vendredi,Juin,False,False,False
20230617,17,6,2,2023,24,Samedi,Juin,True,False,False
20230618,18,6,2,2023,24,Dimanche,Juin,True,False,False
20230619,19,6,2,2023,25,Lundi,Juin,False,False,False
20230620,20,6,2,2023,25,Mardi,Juin,False,False,False
20230621,21,6,2,2023,25,Mercredi,Juin,False,False,False
20230622,22,6,2,2023,25,Jeudi,Juin,False,False,False
20230623,23,6,2,2023,25,Vendredi,Juin,False,False,False
20230624,24,6,2,2023,25,Samedi,Juin,True,False,False
20230625,25,6,2,2023,25,Dimanche,Juin,True,False,False
20230626,26,6,2,2023,26,Lundi,Juin,False,False,False
20230627,27,6,2,2023,26,Mardi,Juin,False,False,False
20230628,28,6,2,2023,26,Mercredi,Juin,False,False,False
20230629,29,6,2,2023,26,Jeudi,Juin,False,False,False
20230630,30,6,2,2023,26,Vendredi,Juin,False,False,False
20230701,1,7,3,2023,26,Samedi,Juillet,True,False,False
20230702,2,7,3,2023,26,Dimanche,Juillet,True,False,False
20230703,3,7,3,2023,27,Lundi,Juillet,False,False,False
20230704,4,7,3,2023,27,Mardi,Juillet,False,False,False
20230705,5,7,3,2023,27,Mercredi,Juillet,False,False,False
20230706,6,7,3,2023,27,Jeudi,Juillet,False,False,False
20230707,7,7,3,2023,27,Vendredi,Juillet,False,False,False
20230708,8,7,3,2023,27,Samedi,Juillet,True,False,False
20230709,9,7,3,2023,27,Dimanche,Juillet,True,False,False
20230710,10,7,3,2023,28,Lundi,Juillet,False,False,False
20230711,11,7,3,2023,28,Mardi,Juillet,False,False,False
20230712,12,7,3,2023,28,Mercredi,Juillet,False,False,False
20230713,13,7,3,2023,28,Jeudi,Juillet,False,False,False
20230714,14,7,3,2023,28,Vendredi,Juillet,False,False,False
20230715,15,7,3,2023,28,Samedi,Juillet,True,False,False
20230716,16,7,3,2023,28,Dimanche,Juillet,True,False,False
20230717,17,7,3,2023,29,Lundi,Juillet,False,False,False
20230718,18,7,3,2023,29,Mardi,Juillet,False,False,False
20230719,19,7,3,2023,29,Mercredi,Juillet,False,False,False
20230720,20,7,3,2023,29,Jeudi,Juillet,False,False,False
20230721,21,7,3,2023,29,Vendredi,Juillet,False,False,False
20230722,22,7,3,2023,29,Samedi,Juillet,True,False,False
20230723,23,7,3,2023,29,Dimanche,Juillet,True,False,False
20230724,24,7,3,2023,30,Lundi,Juillet,False,False,False
20230725,25,7,3,2023,30,Mardi,Juillet,False,False,False
20230726,26,7,3,2023,30,Mercredi,Juillet,False,False,False
20230727,27,7,3,2023,30,Jeudi,Juillet,False,False,False
20230728,28,7,3,2023,30,Vendredi,Juillet,False,False,False
20230729,29,7,3,2023,30,Samedi,Juillet,True,False,False
20230730,30,7,3,2023,30,Dimanche,Juillet,True,True,False
20230731,31,7,3,2023,31,Lundi,Juillet,False,False,False
20230801,1,8,3,2023,31,Mardi,Août,False,False,False
20230802,2,8,3,2023,31,Mercredi,Août,False,False,False
20230803,3,8,3,2023,31,Jeudi,Août,False,False,False
20230804,4,8,3,2023,31,Vendredi,Août,False,False,False
20230805,5,8,3,2023,31,Samedi,Août,True,False,False
20230806,6,8,3,2023,31,Dimanche,Août,True,False,False
20230807,7,8,3,2023,32,Lundi,Août,False,False,False
20230808,8,8,3,2023,32,Mardi,Août,False,False,False
20230809,9,8,3,2023,32,Mercredi,Août,False,False,False
20230810,10,8,3,2023,32,Jeudi,Août,False,False,False
20230811,11,8,3,2023,32,Vendredi,Août,False,False,False
20230812,12,8,3,2023,32,Samedi,Août,True,False,False
20230813,13,8,3,2023,32,Dimanche,Août,True,False,False
20230814,14,8,3,2023,33,Lundi,Août,False,True,False
20230815,15,8,3,2023,33,Mardi,Août,False,False,False
20230816,16,8,3,2023,33,Mercredi,Août,False,False,False
20230817,17,8,3,2023,33,Jeudi,Août,False,False,False
20230818,18,8,3,2023,33,Vendredi,Août,False,False,False
20230819,19,8,3,2023,33,Samedi,Août,True,False,False
20230820,20,8,3,2023,33,Dimanche,Août,True,True,False
20230821,21,8,3,2023,34,Lundi,Août,False,True,False
20230822,22,8,3,2023,34,Mardi,Août,False,False,False
20230823,23,8,3,2023,34,Mercredi,Août,False,False,False
20230824,24,8,3,2023,34,Jeudi,Août,False,False,False
20230825,25,8,3,2023,34,Vendredi,Août,False,False,False
20230826,26,8,3,2023,34,Samedi,Août,True,False,False
20230827,27,8,3,2023,34,Dimanche,Août,True,False,False
20230828,28,8,3,2023,35,Lundi,Août,False,False,False
20230829,29,8,3,2023,35,Mardi,Août,False,False,False
20230830,30,8,3,2023,35,Mercredi,Août,False,False,False
20230831,31,8,3,2023,35,Jeudi,Août,False,False,False
20230901,1,9,3,2023,35,Vendredi,Septembre,False,False,False
20230902,2,9,3,2023,35,Samedi,Septembre,True,False,False
20230903,3,9,3,2023,35,Dimanche,Septembre,True,False,False
20230904,4,9,3,2023,36,Lundi,Septembre,False,False,False
20230905,5,9,3,2023,36,Mardi,Septembre,False,False,False
20230906,6,9,3,2023,36,Mercredi,Septembre,False,False,False
20230907,7,9,3,2023,36,Jeudi,Septembre,False,False,False
20230908,8,9,3,2023,36,Vendredi,Septembre,False,False,False
20230909,9,9,3,2023,36,Samedi,Septembre,True,False,False
20230910,10,9,3,2023,36,Dimanche,Septembre,True,False,False
20230911,11,9,3,2023,37,Lundi,Septembre,False,False,False
20230912,12,9,3,2023,37,Mardi,Septembre,False,False,False
20230913,13,9,3,2023,37,Mercredi,Septembre,False,False,False
20230914,14,9,3,2023,37,Jeudi,Septembre,False,False,False
20230915,15,9,3,2023,37,Vendredi,Septembre,False,False,False
20230916,16,9,3,2023,37,Samedi,Septembre,True,False,False
20230917,17,9,3,2023,37,Dimanche,Septembre,True,False,False
20230918,18,9,3,2023,38,Lundi,Septembre,False,False,False
20230919,19,9,3,2023,38,Mardi,Septembre,False,False,False
20230920,20,9,3,2023,38,Mercredi,Septembre,False,False,False
20230921,21,9,3,2023,38,Jeudi,Septembre,False,False,False
20230922,22,9,3,2023,38,Vendredi,Septembre,False,False,False
20230923,23,9,3,2023,38,Samedi,Septembre,True,False,False
20230924,24,9,3,2023,38,Dimanche,Septembre,True,False,False
20230925,25,9,3,2023,39,Lundi,Septembre,False,False,False
20230926,26,9,3,2023,39,Mardi,Septembre,False,False,False
20230927,27,9,3,2023,39,Mercredi,Septembre,False,False,False
20230928,28,9,3,2023,39,Jeudi,Septembre,False,False,False
20230929,29,9,3,2023,39,Vendredi,Septembre,False,False,False
20230930,30,9,3,2023,39,Samedi,Septembre,True,False,False
20231001,1,10,4,2023,39,Dimanche,Octobre,True,False,False
20231002,2,10,4,2023,40,Lundi,Octobre,False,False,False
20231003,3,10,4,2023,40,Mardi,Octobre,False,False,False
20231004,4,10,4,2023,40,Mercredi,Octobre,False,False,False
20231005,5,10,4,2023,40,Jeudi,Octobre,False,False,False
20231006,6,10,4,2023,40,Vendredi,Octobre,False,False,False
20231007,7,10,4,2023,40,Samedi,Octobre,True,False,False
20231008,8,10,4,2023,40,Dimanche,Octobre,True,False,False
20231009,9,10,4,2023,41,Lundi,Octobre,False,False,False
20231010,10,10,4,2023,41,Mardi,Octobre,False,False,False
20231011,11,10,4,2023,41,Mercredi,Octobre,False,False,False
20231012,12,10,4,2023,41,Jeudi,Octobre,False,False,False
20231013,13,10,4,2023,41,Vendredi,Octobre,False,False,False
20231014,14,10,4,2023,41,Samedi,Octobre,True,False,False
20231015,15,10,4,2023,41,Dimanche,Octobre,True,False,False
20231016,16,10,4,2023,42,Lundi,Octobre,False,False,False
20231017,17,10,4,2023,42,Mardi,Octobre,False,False,False
20231018,18,10,4,2023,42,Mercredi,Octobre,False,False,False
20231019,19,10,4,2023,42,Jeudi,Octobre,False,False,False
20231020,20,10,4,2023,42,Vendredi,Octobre,False,False,False
20231021,21,10,4,2023,42,Samedi,Octobre,True,False,False
20231022,22,10,4,2023,42,Dimanche,Octobre,True,False,False
20231023,23,10,4,2023,43,Lundi,Octobre,False,False,False
20231024,24,10,4,2023,43,Mardi,Octobre,False,False,False
20231025,25,10,4,2023,43,Mercredi,Octobre,False,False,False
20231026,26,10,4,2023,43,Jeudi,Octobre,False,False,False
20231027,27,10,4,2023,43,Vendredi,Octobre,False,False,False
20231028,28,10,4,2023,43,Samedi,Octobre,True,False,False
20231029,29,10,4,2023,43,Dimanche,Octobre,True,False,False
20231030,30,10,4,2023,44,Lundi,Octobre,False,False,False
20231031,31,10,4,2023,44,Mardi,Octobre,False,False,False
20231101,1,11,4,2023,44,Mercredi,Novembre,False,False,False
20231102,2,11,4,2023,44,Jeudi,Novembre,False,False,False
20231103,3,11,4,2023,44,Vendredi,Novembre,False,False,False
20231104,4,11,4,2023,44,Samedi,Novembre,True,False,False
20231105,5,11,4,2023,44,Dimanche,Novembre,True,False,False
20231106,6,11,4,2023,45,Lundi,Novembre,False,True,False
20231107,7,11,4,2023,45,Mardi,Novembre,False,False,False
20231108,8,11,4,2023,45,Mercredi,Novembre,False,False,False
20231109,9,11,4,2023,45,Jeudi,Novembre,False,False,False
20231110,10,11,4,2023,45,Vendredi,Novembre,False,False,False
20231111,11,11,4,2023,45,Samedi,Novembre,True,False,False
20231112,12,11,4,2023,45,Dimanche,Novembre,True,False,False
20231113,13,11,4,2023,46,Lundi,Novembre,False,False,False
20231114,14,11,4,2023,46,Mardi,Novembre,False,False,False
20231115,15,11,4,2023,46,Mercredi,Novembre,False,False,False
20231116,16,11,4,2023,46,Jeudi,Novembre,False,False,False
20231117,17,11,4,2023,46,Vendredi,Novembre,False,False,False
20231118,18,11,4,2023,46,Samedi,Novembre,True,True,False
20231119,19,11,4,2023,46,Dimanche,Novembre,True,False,False
20231120,20,11,4,2023,47,Lundi,Novembre,False,False,False
20231121,21,11,4,2023,47,Mardi,Novembre,False,False,False
20231122,22,11,4,2023,47,Mercredi,Novembre,False,False,False
20231123,23,11,4,2023,47,Jeudi,Novembre,False,False,False
20231124,24,11,4,2023,47,Vendredi,Novembre,False,False,False
20231125,25,11,4,2023,47,Samedi,Novembre,True,False,False
20231126,26,11,4,2023,47,Dimanche,Novembre,True,False,False
20231127,27,11,4,2023,48,Lundi,Novembre,False,False,False
20231128,28,11,4,2023,48,Mardi,Novembre,False,False,False
20231129,29,11,4,2023,48,Mercredi,Novembre,False,False,False
20231130,30,11,4,2023,48,Jeudi,Novembre,False,False,False
20231201,1,12,4,2023,48,Vendredi,Décembre,False,False,False
20231202,2,12,4,2023,48,Samedi,Décembre,True,False,False
20231203,3,12,4,2023,48,Dimanche,Décembre,True,False,False
20231204,4,12,4,2023,49,Lundi,Décembre,False,False,False
20231205,5,12,4,2023,49,Mardi,Décembre,False,False,False
20231206,6,12,4,2023,49,Mercredi,Décembre,False,False,False
20231207,7,12,4,2023,49,Jeudi,Décembre,False,False,False
20231208,8,12,4,2023,49,Vendredi,Décembre,False,False,False
20231209,9,12,4,2023,49,Samedi,Décembre,True,False,False
20231210,10,12,4,2023,49,Dimanche,Décembre,True,False,False
20231211,11,12,4,2023,50,Lundi,Décembre,False,False,False
20231212,12,12,4,2023,50,Mardi,Décembre,False,False,False
20231213,13,12,4,2023,50,Mercredi,Décembre,False,False,False
20231214,14,12,4,2023,50,Jeudi,Décembre,False,False,False
20231215,15,12,4,2023,50,Vendredi,Décembre,False,False,False
20231216,16,12,4,2023,50,Samedi,Décembre,True,False,False
20231217,17,12,4,2023,50,Dimanche,Décembre,True,False,False
20231218,18,12,4,2023,51,Lundi,Décembre,False,False,False
20231219,19,12,4,2023,51,Mardi,Décembre,False,False,False
20231220,20,12,4,2023,51,Mercredi,Décembre,False,False,False
20231221,21,12,4,2023,51,Jeudi,Décembre,False,False,False
20231222,22,12,4,2023,51,Vendredi,Décembre,False,False,False
20231223,23,12,4,2023,51,Samedi,Décembre,True,False,False
20231224,24,12,4,2023,51,Dimanche,Décembre,True,False,False
20231225,25,12,4,2023,52,Lundi,Décembre,False,False,False
20231226,26,12,4,2023,52,Mardi,Décembre,False,False,False
20231227,27,12,4,2023,52,Mercredi,Décembre,False,False,False
20231228,28,12,4,2023,52,Jeudi,Décembre,False,False,False
20231229,29,12,4,2023,52,Vendredi,Décembre,False,False,False
20231230,30,12,4,2023,52,Samedi,Décembre,True,False,False
20231231,31,12,4,2023,52,Dimanche,Décembre,True,False,False
20240101,1,1,1,2024,1,Lundi,Janvier,False,True,False
20240102,2,1,1,2024,1,Mardi,Janvier,False,False,False
20240103,3,1,1,2024,1,Mercredi,Janvier,False,False,False
20240104,4,1,1,2024,1,Jeudi,Janvier,False,False,False
20240105,5,1,1,2024,1,Vendredi,Janvier,False,False,False
20240106,6,1,1,2024,1,Samedi,Janvier,True,False,False
20240107,7,1,1,2024,1,Dimanche,Janvier,True,False,False
20240108,8,1,1,2024,2,Lundi,Janvier,False,False,False
20240109,9,1,1,2024,2,Mardi,Janvier,False,False,False
20240110,10,1,1,2024,2,Mercredi,Janvier,False,False,False
20240111,11,1,1,2024,2,Jeudi,Janvier,False,True,False
20240112,12,1,1,2024,2,Vendredi,Janvier,False,False,False
20240113,13,1,1,2024,2,Samedi,Janvier,True,False,False
20240114,14,1,1,2024,2,Dimanche,Janvier,True,False,False
20240115,15,1,1,2024,3,Lundi,Janvier,False,False,False
20240116,16,1,1,2024,3,Mardi,Janvier,False,False,False
20240117,17,1,1,2024,3,Mercredi,Janvier,False,False,False
20240118,18,1,1,2024,3,Jeudi,Janvier,False,False,False
20240119,19,1,1,2024,3,Vendredi,Janvier,False,False,False
20240120,20,1,1,2024,3,Samedi,Janvier,True,False,False
20240121,21,1,1,2024,3,Dimanche,Janvier,True,False,False
20240122,22,1,1,2024,4,Lundi,Janvier,False,False,False
20240123,23,1,1,2024,4,Mardi,Janvier,False,False,False
20240124,24,1,1,2024,4,Mercredi,Janvier,False,False,False
20240125,25,1,1,2024,4,Jeudi,Janvier,False,False,False
20240126,26,1,1,2024,4,Vendredi,Janvier,False,False,False
20240127,27,1,1,2024,4,Samedi,Janvier,True,False,False
20240128,28,1,1,2024,4,Dimanche,Janvier,True,False,False
20240129,29,1,1,2024,5,Lundi,Janvier,False,False,False
20240130,30,1,1,2024,5,Mardi,Janvier,False,False,False
20240131,31,1,1,2024,5,Mercredi,Janvier,False,False,False
20240201,1,2,1,2024,5,Jeudi,Février,False,False,False
20240202,2,2,1,2024,5,Vendredi,Février,False,False,False
20240203,3,2,1,2024,5,Samedi,Février,True,False,False
20240204,4,2,1,2024,5,Dimanche,Février,True,False,False
20240205,5,2,1,2024,6,Lundi,Février,False,False,False
20240206,6,2,1,2024,6,Mardi,Février,False,False,False
20240207,7,2,1,2024,6,Mercredi,Février,False,False,False
20240208,8,2,1,2024,6,Jeudi,Février,False,False,False
20240209,9,2,1,2024,6,Vendredi,Février,False,False,False
20240210,10,2,1,2024,6,Samedi,Février,True,False,False
20240211,11,2,1,2024,6,Dimanche,Février,True,False,False
20240212,12,2,1,2024,7,Lundi,Février,False,False,False
20240213,13,2,1,2024,7,Mardi,Février,False,False,False
20240214,14,2,1,2024,7,Mercredi,Février,False,False,False
20240215,15,2,1,2024,7,Jeudi,Février,False,False,False
20240216,16,2,1,2024,7,Vendredi,Février,False,False,False
20240217,17,2,1,2024,7,Samedi,Février,True,False,False
20240218,18,2,1,2024,7,Dimanche,Février,True,False,False
20240219,19,2,1,2024,8,Lundi,Février,False,False,False
20240220,20,2,1,2024,8,Mardi,Février,False,False,False
20240221,21,2,1,2024,8,Mercredi,Février,False,False,False
20240222,22,2,1,2024,8,Jeudi,Février,False,False,False
20240223,23,2,1,2024,8,Vendredi,Février,False,False,False
20240224,24,2,1,2024,8,Samedi,Février,True,False,False
20240225,25,2,1,2024,8,Dimanche,Février,True,False,False
20240226,26,2,1,2024,9,Lundi,Février,False,False,False
20240227,27,2,1,2024,9,Mardi,Février,False,False,False
20240228,28,2,1,2024,9,Mercredi,Février,False,False,False
20240229,29,2,1,2024,9,Jeudi,Février,False,False,False
20240301,1,3,1,2024,9,Vendredi,Mars,False,False,False
20240302,2,3,1,2024,9,Samedi,Mars,True,False,False
20240303,3,3,1,2024,9,Dimanche,Mars,True,False,False
20240304,4,3,1,2024,10,Lundi,Mars,False,False,False
20240305,5,3,1,2024,10,Mardi,Mars,False,False,False
20240306,6,3,1,2024,10,Mercredi,Mars,False,False,False
20240307,7,3,1,2024,10,Jeudi,Mars,False,False,False
20240308,8,3,1,2024,10,Vendredi,Mars,False,False,False
20240309,9,3,1,2024,10,Samedi,Mars,True,False,False
20240310,10,3,1,2024,10,Dimanche,Mars,True,False,True
20240311,11,3,1,2024,11,Lundi,Mars,False,False,True
20240312,12,3,1,2024,11,Mardi,Mars,False,False,True
20240313,13,3,1,2024,11,Mercredi,Mars,False,False,True
20240314,14,3,1,2024,11,Jeudi,Mars,False,False,True
20240315,15,3,1,2024,11,Vendredi,Mars,False,False,True
20240316,16,3,1,2024,11,Samedi,Mars,True,False,True
20240317,17,3,1,2024,11,Dimanche,Mars,True,False,True
20240318,18,3,1,2024,12,Lundi,Mars,False,False,True
20240319,19,3,1,2024,12,Mardi,Mars,False,False,True
20240320,20,3,1,2024,12,Mercredi,Mars,False,False,True
20240321,21,3,1,2024,12,Jeudi,Mars,False,False,True
20240322,22,3,1,2024,12,Vendredi,Mars,False,False,True
20240323,23,3,1,2024,12,Samedi,Mars,True,False,True
20240324,24,3,1,2024,12,Dimanche,Mars,True,False,True
20240325,25,3,1,2024,13,Lundi,Mars,False,False,True
20240326,26,3,1,2024,13,Mardi,Mars,False,False,True
20240327,27,3,1,2024,13,Mercredi,Mars,False,False,True
20240328,28,3,1,2024,13,Jeudi,Mars,False,False,True
20240329,29,3,1,2024,13,Vendredi,Mars,False,False,True
20240330,30,3,1,2024,13,Samedi,Mars,True,False,True
20240331,31,3,1,2024,13,Dimanche,Mars,True,False,True
20240401,1,4,2,2024,14,Lundi,Avril,False,False,True
20240402,2,4,2,2024,14,Mardi,Avril,False,False,True
20240403,3,4,2,2024,14,Mercredi,Avril,False,False,True
20240404,4,4,2,2024,14,Jeudi,Avril,False,False,True
20240405,5,4,2,2024,14,Vendredi,Avril,False,False,True
20240406,6,4,2,2024,14,Samedi,Avril,True,False,True
20240407,7,4,2,2024,14,Dimanche,Avril,True,False,True
20240408,8,4,2,2024,15,Lundi,Avril,False,False,True
20240409,9,4,2,2024,15,Mardi,Avril,False,False,True
20240410,10,4,2,2024,15,Mercredi,Avril,False,False,False
20240411,11,4,2,2024,15,Jeudi,Avril,False,False,False
20240412,12,4,2,2024,15,Vendredi,Avril,False,False,False
20240413,13,4,2,2024,15,Samedi,Avril,True,False,False
20240414,14,4,2,2024,15,Dimanche,Avril,True,False,False
20240415,15,4,2,2024,16,Lundi,Avril,False,False,False
20240416,16,4,2,2024,16,Mardi,Avril,False,False,False
20240417,17,4,2,2024,16,Mercredi,Avril,False,False,False
20240418,18,4,2,2024,16,Jeudi,Avril,False,False,False
20240419,19,4,2,2024,16,Vendredi,Avril,False,False,False
20240420,20,4,2,2024,16,Samedi,Avril,True,False,False
20240421,21,4,2,2024,16,Dimanche,Avril,True,False,False
20240422,22,4,2,2024,17,Lundi,Avril,False,False,False
20240423,23,4,2,2024,17,Mardi,Avril,False,False,False
20240424,24,4,2,2024,17,Mercredi,Avril,False,False,False
20240425,25,4,2,2024,17,Jeudi,Avril,False,False,False
20240426,26,4,2,2024,17,Vendredi,Avril,False,False,False
20240427,27,4,2,2024,17,Samedi,Avril,True,False,False
20240428,28,4,2,2024,17,Dimanche,Avril,True,False,False
20240429,29,4,2,2024,18,Lundi,Avril,False,False,False
20240430,30,4,2,2024,18,Mardi,Avril,False,False,False
20240501,1,5,2,2024,18,Mercredi,Mai,False,True,False
20240502,2,5,2,2024,18,Jeudi,Mai,False,False,False
20240503,3,5,2,2024,18,Vendredi,Mai,False,False,False
20240504,4,5,2,2024,18,Samedi,Mai,True,False,False
20240505,5,5,2,2024,18,Dimanche,Mai,True,False,False
20240506,6,5,2,2024,19,Lundi,Mai,False,False,False
20240507,7,5,2,2024,19,Mardi,Mai,False,False,False
20240508,8,5,2,2024,19,Mercredi,Mai,False,False,False
20240509,9,5,2,2024,19,Jeudi,Mai,False,False,False
20240510,10,5,2,2024,19,Vendredi,Mai,False,False,False
20240511,11,5,2,2024,19,Samedi,Mai,True,False,False
20240512,12,5,2,2024,19,Dimanche,Mai,True,False,False
20240513,13,5,2,2024,20,Lundi,Mai,False,False,False
20240514,14,5,2,2024,20,Mardi,Mai,False,False,False
20240515,15,5,2,2024,20,Mercredi,Mai,False,False,False
20240516,16,5,2,2024,20,Jeudi,Mai,False,False,False
20240517,17,5,2,2024,20,Vendredi,Mai,False,False,False
20240518,18,5,2,2024,20,Samedi,Mai,True,False,False
20240519,19,5,2,2024,20,Dimanche,Mai,True,False,False
20240520,20,5,2,2024,21,Lundi,Mai,False,False,False
20240521,21,5,2,2024,21,Mardi,Mai,False,False,False
20240522,22,5,2,2024,21,Mercredi,Mai,False,False,False
20240523,23,5,2,2024,21,Jeudi,Mai,False,False,False
20240524,24,5,2,2024,21,Vendredi,Mai,False,False,False
20240525,25,5,2,2024,21,Samedi,Mai,True,False,False
20240526,26,5,2,2024,21,Dimanche,Mai,True,False,False
20240527,27,5,2,2024,22,Lundi,Mai,False,False,False
20240528,28,5,2,2024,22,Mardi,Mai,False,False,False
20240529,29,5,2,2024,22,Mercredi,Mai,False,False,False
20240530,30,5,2,2024,22,Jeudi,Mai,False,False,False
20240531,31,5,2,2024,22,Vendredi,Mai,False,False,False
20240601,1,6,2,2024,22,Samedi,Juin,True,False,False
20240602,2,6,2,2024,22,Dimanche,Juin,True,False,False
20240603,3,6,2,2024,23,Lundi,Juin,False,False,False
20240604,4,6,2,2024,23,Mardi,Juin,False,False,False
20240605,5,6,2,2024,23,Mercredi,Juin,False,False,False
20240606,6,6,2,2024,23,Jeudi,Juin,False,False,False
20240607,7,6,2,2024,23,Vendredi,Juin,False,False,False
20240608,8,6,2,2024,23,Samedi,Juin,True,False,False
20240609,9,6,2,2024,23,Dimanche,Juin,True,False,False
20240610,10,6,2,2024,24,Lundi,Juin,False,False,False
20240611,11,6,2,2024,24,Mardi,Juin,False,False,False
20240612,12,6,2,2024,24,Mercredi,Juin,False,False,False
20240613,13,6,2,2024,24,Jeudi,Juin,False,False,False
20240614,14,6,2,2024,24,Vendredi,Juin,False,False,False
20240615,15,6,2,2024,24,Samedi,Juin,True,False,False
20240616,16,6,2,2024,24,Dimanche,Juin,True,False,False
20240617,17,6,2,2024,25,Lundi,Juin,False,False,False
20240618,18,6,2,2024,25,Mardi,Juin,False,False,False
20240619,19,6,2,2024,25,Mercredi,Juin,False,False,False
20240620,20,6,2,2024,25,Jeudi,Juin,False,False,False
20240621,21,6,2,2024,25,Vendredi,Juin,False,False,False
20240622,22,6,2,2024,25,Samedi,Juin,True,False,False
20240623,23,6,2,2024,25,Dimanche,Juin,True,False,False
20240624,24,6,2,2024,26,Lundi,Juin,False,False,False
20240625,25,6,2,2024,26,Mardi,Juin,False,False,False
20240626,26,6,2,2024,26,Mercredi,Juin,False,False,False
20240627,27,6,2,2024,26,Jeudi,Juin,False,False,False
20240628,28,6,2,2024,26,Vendredi,Juin,False,False,False
20240629,29,6,2,2024,26,Samedi,Juin,True,False,False
20240630,30,6,2,2024,26,Dimanche,Juin,True,False,False
20240701,1,7,3,2024,27,Lundi,Juillet,False,False,False
20240702,2,7,3,2024,27,Mardi,Juillet,False,False,False
20240703,3,7,3,2024,27,Mercredi,Juillet,False,False,False
20240704,4,7,3,2024,27,Jeudi,Juillet,False,False,False
20240705,5,7,3,2024,27,Vendredi,Juillet,False,False,False
20240706,6,7,3,2024,27,Samedi,Juillet,True,False,False
20240707,7,7,3,2024,27,Dimanche,Juillet,True,False,False
20240708,8,7,3,2024,28,Lundi,Juillet,False,False,False
20240709,9,7,3,2024,28,Mardi,Juillet,False,False,False
20240710,10,7,3,2024,28,Mercredi,Juillet,False,False,False
20240711,11,7,3,2024,28,Jeudi,Juillet,False,False,False
20240712,12,7,3,2024,28,Vendredi,Juillet,False,False,False
20240713,13,7,3,2024,28,Samedi,Juillet,True,False,False
20240714,14,7,3,2024,28,Dimanche,Juillet,True,False,False
20240715,15,7,3,2024,29,Lundi,Juillet,False,False,False
20240716,16,7,3,2024,29,Mardi,Juillet,False,False,False
20240717,17,7,3,2024,29,Mercredi,Juillet,False,False,False
20240718,18,7,3,2024,29,Jeudi,Juillet,False,False,False
20240719,19,7,3,2024,29,Vendredi,Juillet,False,False,False
20240720,20,7,3,2024,29,Samedi,Juillet,True,False,False
20240721,21,7,3,2024,29,Dimanche,Juillet,True,False,False
20240722,22,7,3,2024,30,Lundi,Juillet,False,False,False
20240723,23,7,3,2024,30,Mardi,Juillet,False,False,False
20240724,24,7,3,2024,30,Mercredi,Juillet,False,False,False
20240725,25,7,3,2024,30,Jeudi,Juillet,False,False,False
20240726,26,7,3,2024,30,Vendredi,Juillet,False,False,False
20240727,27,7,3,2024,30,Samedi,Juillet,True,False,False
20240728,28,7,3,2024,30,Dimanche,Juillet,True,False,False
20240729,29,7,3,2024,31,Lundi,Juillet,False,False,False
20240730,30,7,3,2024,31,Mardi,Juillet,False,True,False
20240731,31,7,3,2024,31,Mercredi,Juillet,False,False,False
20240801,1,8,3,2024,31,Jeudi,Août,False,False,False
20240802,2,8,3,2024,31,Vendredi,Août,False,False,False
20240803,3,8,3,2024,31,Samedi,Août,True,False,False
20240804,4,8,3,2024,31,Dimanche,Août,True,False,False
20240805,5,8,3,2024,32,Lundi,Août,False,False,False
20240806,6,8,3,2024,32,Mardi,Août,False,False,False
20240807,7,8,3,2024,32,Mercredi,Août,False,False,False
20240808,8,8,3,2024,32,Jeudi,Août,False,False,False
20240809,9,8,3,2024,32,Vendredi,Août,False,False,False
20240810,10,8,3,2024,32,Samedi,Août,True,False,False
20240811,11,8,3,2024,32,Dimanche,Août,True,False,False
20240812,12,8,3,2024,33,Lundi,Août,False,False,False
20240813,13,8,3,2024,33,Mardi,Août,False,False,False
20240814,14,8,3,2024,33,Mercredi,Août,False,True,False
20240815,15,8,3,2024,33,Jeudi,Août,False,False,False
20240816,16,8,3,2024,33,Vendredi,Août,False,False,False
20240817,17,8,3,2024,33,Samedi,Août,True,False,False
20240818,18,8,3,2024,33,Dimanche,Août,True,False,False
20240819,19,8,3,2024,34,Lundi,Août,False,False,False
20240820,20,8,3,2024,34,Mardi,Août,False,True,False
20240821,21,8,3,2024,34,Mercredi,Août,False,True,False
20240822,22,8,3,2024,34,Jeudi,Août,False,False,False
20240823,23,8,3,2024,34,Vendredi,Août,False,False,False
20240824,24,8,3,2024,34,Samedi,Août,True,False,False
20240825,25,8,3,2024,34,Dimanche,Août,True,False,False
20240826,26,8,3,2024,35,Lundi,Août,False,False,False
20240827,27,8,3,2024,35,Mardi,Août,False,False,False
20240828,28,8,3,2024,35,Mercredi,Août,False,False,False
20240829,29,8,3,2024,35,Jeudi,Août,False,False,False
20240830,30,8,3,2024,35,Vendredi,Août,False,False,False
20240831,31,8,3,2024,35,Samedi,Août,True,False,False
20240901,1,9,3,2024,35,Dimanche,Septembre,True,False,False
20240902,2,9,3,2024,36,Lundi,Septembre,False,False,False
20240903,3,9,3,2024,36,Mardi,Septembre,False,False,False
20240904,4,9,3,2024,36,Mercredi,Septembre,False,False,False
20240905,5,9,3,2024,36,Jeudi,Septembre,False,False,False
20240906,6,9,3,2024,36,Vendredi,Septembre,False,False,False
20240907,7,9,3,2024,36,Samedi,Septembre,True,False,False
20240908,8,9,3,2024,36,Dimanche,Septembre,True,False,False
20240909,9,9,3,2024,37,Lundi,Septembre,False,False,False
20240910,10,9,3,2024,37,Mardi,Septembre,False,False,False
20240911,11,9,3,2024,37,Mercredi,Septembre,False,False,False
20240912,12,9,3,2024,37,Jeudi,Septembre,False,False,False
20240913,13,9,3,2024,37,Vendredi,Septembre,False,False,False
20240914,14,9,3,2024,37,Samedi,Septembre,True,False,False
20240915,15,9,3,2024,37,Dimanche,Septembre,True,False,False
20240916,16,9,3,2024,38,Lundi,Septembre,False,False,False
20240917,17,9,3,2024,38,Mardi,Septembre,False,False,False
20240918,18,9,3,2024,38,Mercredi,Septembre,False,False,False
20240919,19,9,3,2024,38,Jeudi,Septembre,False,False,False
20240920,20,9,3,2024,38,Vendredi,Septembre,False,False,False
20240921,21,9,3,2024,38,Samedi,Septembre,True,False,False
20240922,22,9,3,2024,38,Dimanche,Septembre,True,False,False
20240923,23,9,3,2024,39,Lundi,Septembre,False,False,False
20240924,24,9,3,2024,39,Mardi,Septembre,False,False,False
20240925,25,9,3,2024,39,Mercredi,Septembre,False,False,False
20240926,26,9,3,2024,39,Jeudi,Septembre,False,False,False
20240927,27,9,3,2024,39,Vendredi,Septembre,False,False,False
20240928,28,9,3,2024,39,Samedi,Septembre,True,False,False
20240929,29,9,3,2024,39,Dimanche,Septembre,True,False,False
20240930,30,9,3,2024,40,Lundi,Septembre,False,False,False
20241001,1,10,4,2024,40,Mardi,Octobre,False,False,False
20241002,2,10,4,2024,40,Mercredi,Octobre,False,False,False
20241003,3,10,4,2024,40,Jeudi,Octobre,False,False,False
20241004,4,10,4,2024,40,Vendredi,Octobre,False,False,False
20241005,5,10,4,2024,40,Samedi,Octobre,True,False,False
20241006,6,10,4,2024,40,Dimanche,Octobre,True,False,False
20241007,7,10,4,2024,41,Lundi,Octobre,False,False,False
20241008,8,10,4,2024,41,Mardi,Octobre,False,False,False
20241009,9,10,4,2024,41,Mercredi,Octobre,False,False,False
20241010,10,10,4,2024,41,Jeudi,Octobre,False,False,False
20241011,11,10,4,2024,41,Vendredi,Octobre,False,False,False
20241012,12,10,4,2024,41,Samedi,Octobre,True,False,False
20241013,13,10,4,2024,41,Dimanche,Octobre,True,False,False
20241014,14,10,4,2024,42,Lundi,Octobre,False,False,False
20241015,15,10,4,2024,42,Mardi,Octobre,False,False,False
20241016,16,10,4,2024,42,Mercredi,Octobre,False,False,False
20241017,17,10,4,2024,42,Jeudi,Octobre,False,False,False
20241018,18,10,4,2024,42,Vendredi,Octobre,False,False,False
20241019,19,10,4,2024,42,Samedi,Octobre,True,False,False
20241020,20,10,4,2024,42,Dimanche,Octobre,True,False,False
20241021,21,10,4,2024,43,Lundi,Octobre,False,False,False
20241022,22,10,4,2024,43,Mardi,Octobre,False,False,False
20241023,23,10,4,2024,43,Mercredi,Octobre,False,False,False
20241024,24,10,4,2024,43,Jeudi,Octobre,False,False,False
20241025,25,10,4,2024,43,Vendredi,Octobre,False,False,False
20241026,26,10,4,2024,43,Samedi,Octobre,True,False,False
20241027,27,10,4,2024,43,Dimanche,Octobre,True,False,False
20241028,28,10,4,2024,44,Lundi,Octobre,False,False,False
20241029,29,10,4,2024,44,Mardi,Octobre,False,False,False
20241030,30,10,4,2024,44,Mercredi,Octobre,False,False,False
20241031,31,10,4,2024,44,Jeudi,Octobre,False,False,False
20241101,1,11,4,2024,44,Vendredi,Novembre,False,False,False
20241102,2,11,4,2024,44,Samedi,Novembre,True,False,False
20241103,3,11,4,2024,44,Dimanche,Novembre,True,False,False
20241104,4,11,4,2024,45,Lundi,Novembre,False,False,False
20241105,5,11,4,2024,45,Mardi,Novembre,False,False,False
20241106,6,11,4,2024,45,Mercredi,Novembre,False,True,False
20241107,7,11,4,2024,45,Jeudi,Novembre,False,False,False
20241108,8,11,4,2024,45,Vendredi,Novembre,False,False,False
20241109,9,11,4,2024,45,Samedi,Novembre,True,False,False
20241110,10,11,4,2024,45,Dimanche,Novembre,True,False,False
20241111,11,11,4,2024,46,Lundi,Novembre,False,False,False
20241112,12,11,4,2024,46,Mardi,Novembre,False,False,False
20241113,13,11,4,2024,46,Mercredi,Novembre,False,False,False
20241114,14,11,4,2024,46,Jeudi,Novembre,False,False,False
20241115,15,11,4,2024,46,Vendredi,Novembre,False,False,False
20241116,16,11,4,2024,46,Samedi,Novembre,True,False,False
20241117,17,11,4,2024,46,Dimanche,Novembre,True,False,False
20241118,18,11,4,2024,47,Lundi,Novembre,False,True,False
20241119,19,11,4,2024,47,Mardi,Novembre,False,False,False
20241120,20,11,4,2024,47,Mercredi,Novembre,False,False,False
20241121,21,11,4,2024,47,Jeudi,Novembre,False,False,False
20241122,22,11,4,2024,47,Vendredi,Novembre,False,False,False
20241123,23,11,4,2024,47,Samedi,Novembre,True,False,False
20241124,24,11,4,2024,47,Dimanche,Novembre,True,False,False
20241125,25,11,4,2024,48,Lundi,Novembre,False,False,False
20241126,26,11,4,2024,48,Mardi,Novembre,False,False,False
20241127,27,11,4,2024,48,Mercredi,Novembre,False,False,False
20241128,28,11,4,2024,48,Jeudi,Novembre,False,False,False
20241129,29,11,4,2024,48,Vendredi,Novembre,False,False,False
20241130,30,11,4,2024,48,Samedi,Novembre,True,False,False
20241201,1,12,4,2024,48,Dimanche,Décembre,True,False,False
20241202,2,12,4,2024,49,Lundi,Décembre,False,False,False
20241203,3,12,4,2024,49,Mardi,Décembre,False,False,False
20241204,4,12,4,2024,49,Mercredi,Décembre,False,False,False
20241205,5,12,4,2024,49,Jeudi,Décembre,False,False,False
20241206,6,12,4,2024,49,Vendredi,Décembre,False,False,False
20241207,7,12,4,2024,49,Samedi,Décembre,True,False,False
20241208,8,12,4,2024,49,Dimanche,Décembre,True,False,False
20241209,9,12,4,2024,50,Lundi,Décembre,False,False,False
20241210,10,12,4,2024,50,Mardi,Décembre,False,False,False
20241211,11,12,4,2024,50,Mercredi,Décembre,False,False,False
20241212,12,12,4,2024,50,Jeudi,Décembre,False,False,False
20241213,13,12,4,2024,50,Vendredi,Décembre,False,False,False
20241214,14,12,4,2024,50,Samedi,Décembre,True,False,False
20241215,15,12,4,2024,50,Dimanche,Décembre,True,False,False
20241216,16,12,4,2024,51,Lundi,Décembre,False,False,False
20241217,17,12,4,2024,51,Mardi,Décembre,False,False,False
20241218,18,12,4,2024,51,Mercredi,Décembre,False,False,False
20241219,19,12,4,2024,51,Jeudi,Décembre,False,False,False
20241220,20,12,4,2024,51,Vendredi,Décembre,False,False,False
20241221,21,12,4,2024,51,Samedi,Décembre,True,False,False
20241222,22,12,4,2024,51,Dimanche,Décembre,True,False,False
20241223,23,12,4,2024,52,Lundi,Décembre,False,False,False
20241224,24,12,4,2024,52,Mardi,Décembre,False,False,False
20241225,25,12,4,2024,52,Mercredi,Décembre,False,False,False
20241226,26,12,4,2024,52,Jeudi,Décembre,False,False,False
20241227,27,12,4,2024,52,Vendredi,Décembre,False,False,False
20241228,28,12,4,2024,52,Samedi,Décembre,True,False,False
20241229,29,12,4,2024,52,Dimanche,Décembre,True,False,False
20241230,30,12,4,2024,1,Lundi,Décembre,False,False,False
20241231,31,12,4,2024,1,Mardi,Décembre,False,False,False
20250101,1,1,1,2025,1,Mercredi,Janvier,False,True,False
20250102,2,1,1,2025,1,Jeudi,Janvier,False,False,False
20250103,3,1,1,2025,1,Vendredi,Janvier,False,False,False
20250104,4,1,1,2025,1,Samedi,Janvier,True,False,False
20250105,5,1,1,2025,1,Dimanche,Janvier,True,False,False
20250106,6,1,1,2025,2,Lundi,Janvier,False,False,False
20250107,7,1,1,2025,2,Mardi,Janvier,False,False,False
20250108,8,1,1,2025,2,Mercredi,Janvier,False,False,False
20250109,9,1,1,2025,2,Jeudi,Janvier,False,False,False
20250110,10,1,1,2025,2,Vendredi,Janvier,False,False,False
20250111,11,1,1,2025,2,Samedi,Janvier,True,True,False
20250112,12,1,1,2025,2,Dimanche,Janvier,True,False,False
20250113,13,1,1,2025,3,Lundi,Janvier,False,False,False
20250114,14,1,1,2025,3,Mardi,Janvier,False,False,False
20250115,15,1,1,2025,3,Mercredi,Janvier,False,False,False
20250116,16,1,1,2025,3,Jeudi,Janvier,False,False,False
20250117,17,1,1,2025,3,Vendredi,Janvier,False,False,False
20250118,18,1,1,2025,3,Samedi,Janvier,True,False,False
20250119,19,1,1,2025,3,Dimanche,Janvier,True,False,False
20250120,20,1,1,2025,4,Lundi,Janvier,False,False,False
20250121,21,1,1,2025,4,Mardi,Janvier,False,False,False
20250122,22,1,1,2025,4,Mercredi,Janvier,False,False,False
20250123,23,1,1,2025,4,Jeudi,Janvier,False,False,False
20250124,24,1,1,2025,4,Vendredi,Janvier,False,False,False
20250125,25,1,1,2025,4,Samedi,Janvier,True,False,False
20250126,26,1,1,2025,4,Dimanche,Janvier,True,False,False
20250127,27,1,1,2025,5,Lundi,Janvier,False,False,False
20250128,28,1,1,2025,5,Mardi,Janvier,False,False,False
20250129,29,1,1,2025,5,Mercredi,Janvier,False,False,False
20250130,30,1,1,2025,5,Jeudi,Janvier,False,False,False
20250131,31,1,1,2025,5,Vendredi,Janvier,False,False,False
20250201,1,2,1,2025,5,Samedi,Février,True,False,False
20250202,2,2,1,2025,5,Dimanche,Février,True,False,False
20250203,3,2,1,2025,6,Lundi,Février,False,False,False
20250204,4,2,1,2025,6,Mardi,Février,False,False,False
20250205,5,2,1,2025,6,Mercredi,Février,False,False,False
20250206,6,2,1,2025,6,Jeudi,Février,False,False,False
20250207,7,2,1,2025,6,Vendredi,Février,False,False,False
20250208,8,2,1,2025,6,Samedi,Février,True,False,False
20250209,9,2,1,2025,6,Dimanche,Février,True,False,False
20250210,10,2,1,2025,7,Lundi,Février,False,False,False
20250211,11,2,1,2025,7,Mardi,Février,False,False,False
20250212,12,2,1,2025,7,Mercredi,Février,False,False,False
20250213,13,2,1,2025,7,Jeudi,Février,False,False,False
20250214,14,2,1,2025,7,Vendredi,Février,False,False,False
20250215,15,2,1,2025,7,Samedi,Février,True,False,False
20250216,16,2,1,2025,7,Dimanche,Février,True,False,False
20250217,17,2,1,2025,8,Lundi,Février,False,False,False
20250218,18,2,1,2025,8,Mardi,Février,False,False,False
20250219,19,2,1,2025,8,Mercredi,Février,False,False,False
20250220,20,2,1,2025,8,Jeudi,Février,False,False,False
20250221,21,2,1,2025,8,Vendredi,Février,False,False,False
20250222,22,2,1,2025,8,Samedi,Février,True,False,False
20250223,23,2,1,2025,8,Dimanche,Février,True,False,False
20250224,24,2,1,2025,9,Lundi,Février,False,False,False
20250225,25,2,1,2025,9,Mardi,Février,False,False,False
20250226,26,2,1,2025,9,Mercredi,Février,False,False,False
20250227,27,2,1,2025,9,Jeudi,Février,False,False,False
20250228,28,2,1,2025,9,Vendredi,Février,False,False,False
20250301,1,3,1,2025,9,Samedi,Mars,True,False,True
20250302,2,3,1,2025,9,Dimanche,Mars,True,False,True
20250303,3,3,1,2025,10,Lundi,Mars,False,False,True
20250304,4,3,1,2025,10,Mardi,Mars,False,False,True
20250305,5,3,1,2025,10,Mercredi,Mars,False,False,True
20250306,6,3,1,2025,10,Jeudi,Mars,False,False,True
20250307,7,3,1,2025,10,Vendredi,Mars,False,False,True
20250308,8,3,1,2025,10,Samedi,Mars,True,False,True
20250309,9,3,1,2025,10,Dimanche,Mars,True,False,True
20250310,10,3,1,2025,11,Lundi,Mars,False,False,True
20250311,11,3,1,2025,11,Mardi,Mars,False,False,True
20250312,12,3,1,2025,11,Mercredi,Mars,False,False,True
20250313,13,3,1,2025,11,Jeudi,Mars,False,False,True
20250314,14,3,1,2025,11,Vendredi,Mars,False,False,True
20250315,15,3,1,2025,11,Samedi,Mars,True,False,True
20250316,16,3,1,2025,11,Dimanche,Mars,True,False,True
20250317,17,3,1,2025,12,Lundi,Mars,False,False,True
20250318,18,3,1,2025,12,Mardi,Mars,False,False,True
20250319,19,3,1,2025,12,Mercredi,Mars,False,False,True
20250320,20,3,1,2025,12,Jeudi,Mars,False,False,True
20250321,21,3,1,2025,12,Vendredi,Mars,False,False,True
20250322,22,3,1,2025,12,Samedi,Mars,True,False,True
20250323,23,3,1,2025,12,Dimanche,Mars,True,False,True
20250324,24,3,1,2025,13,Lundi,Mars,False,False,True
20250325,25,3,1,2025,13,Mardi,Mars,False,False,True
20250326,26,3,1,2025,13,Mercredi,Mars,False,False,True
20250327,27,3,1,2025,13,Jeudi,Mars,False,False,True
20250328,28,3,1,2025,13,Vendredi,Mars,False,False,True
20250329,29,3,1,2025,13,Samedi,Mars,True,False,True
20250330,30,3,1,2025,13,Dimanche,Mars,True,False,False
20250331,31,3,1,2025,14,Lundi,Mars,False,False,False
20250401,1,4,2,2025,14,Mardi,Avril,False,False,False
20250402,2,4,2,2025,14,Mercredi,Avril,False,False,False
20250403,3,4,2,2025,14,Jeudi,Avril,False,False,False
20250404,4,4,2,2025,14,Vendredi,Avril,False,False,False
20250405,5,4,2,2025,14,Samedi,Avril,True,False,False
20250406,6,4,2,2025,14,Dimanche,Avril,True,False,False
20250407,7,4,2,2025,15,Lundi,Avril,False,False,False
20250408,8,4,2,2025,15,Mardi,Avril,False,False,False
20250409,9,4,2,2025,15,Mercredi,Avril,False,False,False
20250410,10,4,2,2025,15,Jeudi,Avril,False,False,False
20250411,11,4,2,2025,15,Vendredi,Avril,False,False,False
20250412,12,4,2,2025,15,Samedi,Avril,True,False,False
20250413,13,4,2,2025,15,Dimanche,Avril,True,False,False
20250414,14,4,2,2025,16,Lundi,Avril,False,False,False
20250415,15,4,2,2025,16,Mardi,Avril,False,False,False
20250416,16,4,2,2025,16,Mercredi,Avril,False,False,False
20250417,17,4,2,2025,16,Jeudi,Avril,False,False,False
20250418,18,4,2,2025,16,Vendredi,Avril,False,False,False
20250419,19,4,2,2025,16,Samedi,Avril,True,False,False
20250420,20,4,2,2025,16,Dimanche,Avril,True,False,False
20250421,21,4,2,2025,17,Lundi,Avril,False,False,False
20250422,22,4,2,2025,17,Mardi,Avril,False,False,False
20250423,23,4,2,2025,17,Mercredi,Avril,False,False,False
20250424,24,4,2,2025,17,Jeudi,Avril,False,False,False
20250425,25,4,2,2025,17,Vendredi,Avril,False,False,False
20250426,26,4,2,2025,17,Samedi,Avril,True,False,False
20250427,27,4,2,2025,17,Dimanche,Avril,True,False,False
20250428,28,4,2,2025,18,Lundi,Avril,False,False,False
20250429,29,4,2,2025,18,Mardi,Avril,False,False,False
20250430,30,4,2,2025,18,Mercredi,Avril,False,False,False
20250501,1,5,2,2025,18,Jeudi,Mai,False,True,False
20250502,2,5,2,2025,18,Vendredi,Mai,False,False,False
20250503,3,5,2,2025,18,Samedi,Mai,True,False,False
20250504,4,5,2,2025,18,Dimanche,Mai,True,False,False
20250505,5,5,2,2025,19,Lundi,Mai,False,False,False
20250506,6,5,2,2025,19,Mardi,Mai,False,False,False
20250507,7,5,2,2025,19,Mercredi,Mai,False,False,False
20250508,8,5,2,2025,19,Jeudi,Mai,False,False,False
20250509,9,5,2,2025,19,Vendredi,Mai,False,False,False
20250510,10,5,2,2025,19,Samedi,Mai,True,False,False
20250511,11,5,2,2025,19,Dimanche,Mai,True,False,False
20250512,12,5,2,2025,20,Lundi,Mai,False,False,False
20250513,13,5,2,2025,20,Mardi,Mai,False,False,False
20250514,14,5,2,2025,20,Mercredi,Mai,False,False,False
20250515,15,5,2,2025,20,Jeudi,Mai,False,False,False
20250516,16,5,2,2025,20,Vendredi,Mai,False,False,False
20250517,17,5,2,2025,20,Samedi,Mai,True,False,False
20250518,18,5,2,2025,20,Dimanche,Mai,True,False,False
20250519,19,5,2,2025,21,Lundi,Mai,False,False,False
20250520,20,5,2,2025,21,Mardi,Mai,False,False,False
20250521,21,5,2,2025,21,Mercredi,Mai,False,False,False
20250522,22,5,2,2025,21,Jeudi,Mai,False,False,False
20250523,23,5,2,2025,21,Vendredi,Mai,False,False,False
20250524,24,5,2,2025,21,Samedi,Mai,True,False,False
20250525,25,5,2,2025,21,Dimanche,Mai,True,False,False
20250526,26,5,2,2025,22,Lundi,Mai,False,False,False
20250527,27,5,2,2025,22,Mardi,Mai,False,False,False
20250528,28,5,2,2025,22,Mercredi,Mai,False,False,False
20250529,29,5,2,2025,22,Jeudi,Mai,False,False,False
20250530,30,5,2,2025,22,Vendredi,Mai,False,False,False
20250531,31,5,2,2025,22,Samedi,Mai,True,False,False
20250601,1,6,2,2025,22,Dimanche,Juin,True,False,False
20250602,2,6,2,2025,23,Lundi,Juin,False,False,False
20250603,3,6,2,2025,23,Mardi,Juin,False,False,False
20250604,4,6,2,2025,23,Mercredi,Juin,False,False,False
20250605,5,6,2,2025,23,Jeudi,Juin,False,False,False
20250606,6,6,2,2025,23,Vendredi,Juin,False,False,False
20250607,7,6,2,2025,23,Samedi,Juin,True,False,False
20250608,8,6,2,2025,23,Dimanche,Juin,True,False,False
20250609,9,6,2,2025,24,Lundi,Juin,False,False,False
20250610,10,6,2,2025,24,Mardi,Juin,False,False,False
20250611,11,6,2,2025,24,Mercredi,Juin,False,False,False
20250612,12,6,2,2025,24,Jeudi,Juin,False,False,False
20250613,13,6,2,2025,24,Vendredi,Juin,False,False,False
20250614,14,6,2,2025,24,Samedi,Juin,True,False,False
20250615,15,6,2,2025,24,Dimanche,Juin,True,False,False
20250616,16,6,2,2025,25,Lundi,Juin,False,False,False
20250617,17,6,2,2025,25,Mardi,Juin,False,False,False
20250618,18,6,2,2025,25,Mercredi,Juin,False,False,False
20250619,19,6,2,2025,25,Jeudi,Juin,False,False,False
20250620,20,6,2,2025,25,Vendredi,Juin,False,False,False
20250621,21,6,2,2025,25,Samedi,Juin,True,False,False
20250622,22,6,2,2025,25,Dimanche,Juin,True,False,False
20250623,23,6,2,2025,26,Lundi,Juin,False,False,False
20250624,24,6,2,2025,26,Mardi,Juin,False,False,False
20250625,25,6,2,2025,26,Mercredi,Juin,False,False,False
20250626,26,6,2,2025,26,Jeudi,Juin,False,False,False
20250627,27,6,2,2025,26,Vendredi,Juin,False,False,False
20250628,28,6,2,2025,26,Samedi,Juin,True,False,False
20250629,29,6,2,2025,26,Dimanche,Juin,True,False,False
20250630,30,6,2,2025,27,Lundi,Juin,False,False,False
20250701,1,7,3,2025,27,Mardi,Juillet,False,False,False
20250702,2,7,3,2025,27,Mercredi,Juillet,False,False,False
20250703,3,7,3,2025,27,Jeudi,Juillet,False,False,False
20250704,4,7,3,2025,27,Vendredi,Juillet,False,False,False
20250705,5,7,3,2025,27,Samedi,Juillet,True,False,False
20250706,6,7,3,2025,27,Dimanche,Juillet,True,False,False
20250707,7,7,3,2025,28,Lundi,Juillet,False,False,False
20250708,8,7,3,2025,28,Mardi,Juillet,False,False,False
20250709,9,7,3,2025,28,Mercredi,Juillet,False,False,False
20250710,10,7,3,2025,28,Jeudi,Juillet,False,False,False
20250711,11,7,3,2025,28,Vendredi,Juillet,False,False,False
20250712,12,7,3,2025,28,Samedi,Juillet,True,False,False
20250713,13,7,3,2025,28,Dimanche,Juillet,True,False,False
20250714,14,7,3,2025,29,Lundi,Juillet,False,False,False
20250715,15,7,3,2025,29,Mardi,Juillet,False,False,False
20250716,16,7,3,2025,29,Mercredi,Juillet,False,False,False
20250717,17,7,3,2025,29,Jeudi,Juillet,False,False,False
20250718,18,7,3,2025,29,Vendredi,Juillet,False,False,False
20250719,19,7,3,2025,29,Samedi,Juillet,True,False,False
20250720,20,7,3,2025,29,Dimanche,Juillet,True,False,False
20250721,21,7,3,2025,30,Lundi,Juillet,False,False,False
20250722,22,7,3,2025,30,Mardi,Juillet,False,False,False
20250723,23,7,3,2025,30,Mercredi,Juillet,False,False,False
20250724,24,7,3,2025,30,Jeudi,Juillet,False,False,False
20250725,25,7,3,2025,30,Vendredi,Juillet,False,False,False
20250726,26,7,3,2025,30,Samedi,Juillet,True,False,False
20250727,27,7,3,2025,30,Dimanche,Juillet,True,False,False
20250728,28,7,3,2025,31,Lundi,Juillet,False,False,False
20250729,29,7,3,2025,31,Mardi,Juillet,False,False,False
20250730,30,7,3,2025,31,Mercredi,Juillet,False,True,False
20250731,31,7,3,2025,31,Jeudi,Juillet,False,False,False
20250801,1,8,3,2025,31,Vendredi,Août,False,False,False
20250802,2,8,3,2025,31,Samedi,Août,True,False,False
20250803,3,8,3,2025,31,Dimanche,Août,True,False,False
20250804,4,8,3,2025,32,Lundi,Août,False,False,False
20250805,5,8,3,2025,32,Mardi,Août,False,False,False
20250806,6,8,3,2025,32,Mercredi,Août,False,False,False
20250807,7,8,3,2025,32,Jeudi,Août,False,False,False
20250808,8,8,3,2025,32,Vendredi,Août,False,False,False
20250809,9,8,3,2025,32,Samedi,Août,True,False,False
20250810,10,8,3,2025,32,Dimanche,Août,True,False,False
20250811,11,8,3,2025,33,Lundi,Août,False,False,False
20250812,12,8,3,2025,33,Mardi,Août,False,False,False
20250813,13,8,3,2025,33,Mercredi,Août,False,False,False
20250814,14,8,3,2025,33,Jeudi,Août,False,True,False
20250815,15,8,3,2025,33,Vendredi,Août,False,False,False
20250816,16,8,3,2025,33,Samedi,Août,True,False,False
20250817,17,8,3,2025,33,Dimanche,Août,True,False,False
20250818,18,8,3,2025,34,Lundi,Août,False,False,False
20250819,19,8,3,2025,34,Mardi,Août,False,False,False
20250820,20,8,3,2025,34,Mercredi,Août,False,True,False
20250821,21,8,3,2025,34,Jeudi,Août,False,True,False
20250822,22,8,3,2025,34,Vendredi,Août,False,False,False
20250823,23,8,3,2025,34,Samedi,Août,True,False,False
20250824,24,8,3,2025,34,Dimanche,Août,True,False,False
20250825,25,8,3,2025,35,Lundi,Août,False,False,False
20250826,26,8,3,2025,35,Mardi,Août,False,False,False
20250827,27,8,3,2025,35,Mercredi,Août,False,False,False
20250828,28,8,3,2025,35,Jeudi,Août,False,False,False
20250829,29,8,3,2025,35,Vendredi,Août,False,False,False
20250830,30,8,3,2025,35,Samedi,Août,True,False,False
20250831,31,8,3,2025,35,Dimanche,Août,True,False,False
20250901,1,9,3,2025,36,Lundi,Septembre,False,False,False
20250902,2,9,3,2025,36,Mardi,Septembre,False,False,False
20250903,3,9,3,2025,36,Mercredi,Septembre,False,False,False
20250904,4,9,3,2025,36,Jeudi,Septembre,False,False,False
20250905,5,9,3,2025,36,Vendredi,Septembre,False,False,False
20250906,6,9,3,2025,36,Samedi,Septembre,True,False,False
20250907,7,9,3,2025,36,Dimanche,Septembre,True,False,False
20250908,8,9,3,2025,37,Lundi,Septembre,False,False,False
20250909,9,9,3,2025,37,Mardi,Septembre,False,False,False
20250910,10,9,3,2025,37,Mercredi,Septembre,False,False,False
20250911,11,9,3,2025,37,Jeudi,Septembre,False,False,False
20250912,12,9,3,2025,37,Vendredi,Septembre,False,False,False
20250913,13,9,3,2025,37,Samedi,Septembre,True,False,False
20250914,14,9,3,2025,37,Dimanche,Septembre,True,False,False
20250915,15,9,3,2025,38,Lundi,Septembre,False,False,False
20250916,16,9,3,2025,38,Mardi,Septembre,False,False,False
20250917,17,9,3,2025,38,Mercredi,Septembre,False,False,False
20250918,18,9,3,2025,38,Jeudi,Septembre,False,False,False
20250919,19,9,3,2025,38,Vendredi,Septembre,False,False,False
20250920,20,9,3,2025,38,Samedi,Septembre,True,False,False
20250921,21,9,3,2025,38,Dimanche,Septembre,True,False,False
20250922,22,9,3,2025,39,Lundi,Septembre,False,False,False
20250923,23,9,3,2025,39,Mardi,Septembre,False,False,False
20250924,24,9,3,2025,39,Mercredi,Septembre,False,False,False
20250925,25,9,3,2025,39,Jeudi,Septembre,False,False,False
20250926,26,9,3,2025,39,Vendredi,Septembre,False,False,False
20250927,27,9,3,2025,39,Samedi,Septembre,True,False,False
20250928,28,9,3,2025,39,Dimanche,Septembre,True,False,False
20250929,29,9,3,2025,40,Lundi,Septembre,False,False,False
20250930,30,9,3,2025,40,Mardi,Septembre,False,False,False
20251001,1,10,4,2025,40,Mercredi,Octobre,False,False,False
20251002,2,10,4,2025,40,Jeudi,Octobre,False,False,False
20251003,3,10,4,2025,40,Vendredi,Octobre,False,False,False
20251004,4,10,4,2025,40,Samedi,Octobre,True,False,False
20251005,5,10,4,2025,40,Dimanche,Octobre,True,False,False
20251006,6,10,4,2025,41,Lundi,Octobre,False,False,False
20251007,7,10,4,2025,41,Mardi,Octobre,False,False,False
20251008,8,10,4,2025,41,Mercredi,Octobre,False,False,False
20251009,9,10,4,2025,41,Jeudi,Octobre,False,False,False
20251010,10,10,4,2025,41,Vendredi,Octobre,False,False,False
20251011,11,10,4,2025,41,Samedi,Octobre,True,False,False
20251012,12,10,4,2025,41,Dimanche,Octobre,True,False,False
20251013,13,10,4,2025,42,Lundi,Octobre,False,False,False
20251014,14,10,4,2025,42,Mardi,Octobre,False,False,False
20251015,15,10,4,2025,42,Mercredi,Octobre,False,False,False
20251016,16,10,4,2025,42,Jeudi,Octobre,False,False,False
20251017,17,10,4,2025,42,Vendredi,Octobre,False,False,False
20251018,18,10,4,2025,42,Samedi,Octobre,True,False,False
20251019,19,10,4,2025,42,Dimanche,Octobre,True,False,False
20251020,20,10,4,2025,43,Lundi,Octobre,False,False,False
20251021,21,10,4,2025,43,Mardi,Octobre,False,False,False
20251022,22,10,4,2025,43,Mercredi,Octobre,False,False,False
20251023,23,10,4,2025,43,Jeudi,Octobre,False,False,False
20251024,24,10,4,2025,43,Vendredi,Octobre,False,False,False
20251025,25,10,4,2025,43,Samedi,Octobre,True,False,False
20251026,26,10,4,2025,43,Dimanche,Octobre,True,False,False
20251027,27,10,4,2025,44,Lundi,Octobre,False,False,False
20251028,28,10,4,2025,44,Mardi,Octobre,False,False,False
20251029,29,10,4,2025,44,Mercredi,Octobre,False,False,False
20251030,30,10,4,2025,44,Jeudi,Octobre,False,False,False
20251031,31,10,4,2025,44,Vendredi,Octobre,False,False,False
20251101,1,11,4,2025,44,Samedi,Novembre,True,False,False
20251102,2,11,4,2025,44,Dimanche,Novembre,True,False,False
20251103,3,11,4,2025,45,Lundi,Novembre,False,False,False
20251104,4,11,4,2025,45,Mardi,Novembre,False,False,False
20251105,5,11,4,2025,45,Mercredi,Novembre,False,False,False
20251106,6,11,4,2025,45,Jeudi,Novembre,False,True,False
20251107,7,11,4,2025,45,Vendredi,Novembre,False,False,False
20251108,8,11,4,2025,45,Samedi,Novembre,True,False,False
20251109,9,11,4,2025,45,Dimanche,Novembre,True,False,False
20251110,10,11,4,2025,46,Lundi,Novembre,False,False,False
20251111,11,11,4,2025,46,Mardi,Novembre,False,False,False
20251112,12,11,4,2025,46,Mercredi,Novembre,False,False,False
20251113,13,11,4,2025,46,Jeudi,Novembre,False,False,False
20251114,14,11,4,2025,46,Vendredi,Novembre,False,False,False
20251115,15,11,4,2025,46,Samedi,Novembre,True,False,False
20251116,16,11,4,2025,46,Dimanche,Novembre,True,False,False
20251117,17,11,4,2025,47,Lundi,Novembre,False,False,False
20251118,18,11,4,2025,47,Mardi,Novembre,False,True,False
20251119,19,11,4,2025,47,Mercredi,Novembre,False,False,False
20251120,20,11,4,2025,47,Jeudi,Novembre,False,False,False
20251121,21,11,4,2025,47,Vendredi,Novembre,False,False,False
20251122,22,11,4,2025,47,Samedi,Novembre,True,False,False
20251123,23,11,4,2025,47,Dimanche,Novembre,True,False,False
20251124,24,11,4,2025,48,Lundi,Novembre,False,False,False
20251125,25,11,4,2025,48,Mardi,Novembre,False,False,False
20251126,26,11,4,2025,48,Mercredi,Novembre,False,False,False
20251127,27,11,4,2025,48,Jeudi,Novembre,False,False,False
20251128,28,11,4,2025,48,Vendredi,Novembre,False,False,False
20251129,29,11,4,2025,48,Samedi,Novembre,True,False,False
20251130,30,11,4,2025,48,Dimanche,Novembre,True,False,False
20251201,1,12,4,2025,49,Lundi,Décembre,False,False,False
20251202,2,12,4,2025,49,Mardi,Décembre,False,False,False
20251203,3,12,4,2025,49,Mercredi,Décembre,False,False,False
20251204,4,12,4,2025,49,Jeudi,Décembre,False,False,False
20251205,5,12,4,2025,49,Vendredi,Décembre,False,False,False
20251206,6,12,4,2025,49,Samedi,Décembre,True,False,False
20251207,7,12,4,2025,49,Dimanche,Décembre,True,False,False
20251208,8,12,4,2025,50,Lundi,Décembre,False,False,False
20251209,9,12,4,2025,50,Mardi,Décembre,False,False,False
20251210,10,12,4,2025,50,Mercredi,Décembre,False,False,False
20251211,11,12,4,2025,50,Jeudi,Décembre,False,False,False
20251212,12,12,4,2025,50,Vendredi,Décembre,False,False,False
20251213,13,12,4,2025,50,Samedi,Décembre,True,False,False
20251214,14,12,4,2025,50,Dimanche,Décembre,True,False,False
20251215,15,12,4,2025,51,Lundi,Décembre,False,False,False
20251216,16,12,4,2025,51,Mardi,Décembre,False,False,False
20251217,17,12,4,2025,51,Mercredi,Décembre,False,False,False
20251218,18,12,4,2025,51,Jeudi,Décembre,False,False,False
20251219,19,12,4,2025,51,Vendredi,Décembre,False,False,False
20251220,20,12,4,2025,51,Samedi,Décembre,True,False,False
20251221,21,12,4,2025,51,Dimanche,Décembre,True,False,False
20251222,22,12,4,2025,52,Lundi,Décembre,False,False,False
20251223,23,12,4,2025,52,Mardi,Décembre,False,False,False
20251224,24,12,4,2025,52,Mercredi,Décembre,False,False,False
20251225,25,12,4,2025,52,Jeudi,Décembre,False,False,False
20251226,26,12,4,2025,52,Vendredi,Décembre,False,False,False
20251227,27,12,4,2025,52,Samedi,Décembre,True,False,False
20251228,28,12,4,2025,52,Dimanche,Décembre,True,False,False
20251229,29,12,4,2025,1,Lundi,Décembre,False,False,False
20251230,30,12,4,2025,1,Mardi,Décembre,False,False,False
20251231,31,12,4,2025,1,Mercredi,Décembre,False,False,False
