id_client_sk,id_client_nk,nom_complet,tranche_age,sexe,ville,region_admin,segment_client,canal_acquisition,date_debut,date_fin,est_actif
1,C00691,Ahmed Tazi,45-54,m,Rabat,Rabat-Salé-Kénitra,Gold,organic,2026-06-01,9999-12-31,True
2,C01924,Ahmed Gharbi,25-34,m,Agadir,Souss-Massa,Gold,email,2026-06-01,9999-12-31,True
3,C02008,Rim Moussaoui,55-64,f,Oujda,Oriental,Gold,direct,2026-06-01,9999-12-31,True
4,C02251,Hicham Ziani,65+,m,Rabat,Rabat-Salé-Kénitra,Gold,direct,2026-06-01,9999-12-31,True
5,C01635,Hajar Jamai,65+,f,Marrakech,Marrakech-Safi,Gold,influencer,2026-06-01,9999-12-31,True
6,C01916,Hassan Filali,65+,m,Oujda,Oriental,Gold,influencer,2026-06-01,9999-12-31,True
7,C00647,Rachid Benali,25-34,m,Meknès,Fès-Meknès,Gold,paid_search,2026-06-01,9999-12-31,True
8,C00471,Leila Ziani,65+,f,Tanger,Tanger-Tétouan-Al Hoceïma,Gold,organic,2026-06-01,9999-12-31,True
9,C02507,Aisha Filali,65+,f,El Jadida,Casablanca-Settat,Bronze,direct,2026-06-01,9999-12-31,True
10,C00339,Hassan Bensaid,<18,m,Kenitra,Rabat-Salé-Kénitra,Gold,social_media,2026-06-01,9999-12-31,True
11,C02372,Yasmine Rachidi,65+,f,Agadir,Souss-Massa,Gold,referral,2026-06-01,9999-12-31,True
12,C02655,Rachid Chaoui,65+,m,Agadir,Souss-Massa,Gold,organic,2026-06-01,9999-12-31,True
13,C01669,Sanaa El Mansouri,18-24,f,Safi,Marrakech-Safi,Gold,email,2026-06-01,9999-12-31,True
14,C00198,Ahmed Hajji,65+,m,El Jadida,Casablanca-Settat,Gold,social_media,2026-06-01,9999-12-31,True
15,C00161,Sanaa Hajji,45-54,f,Tétouan,Tanger-Tétouan-Al Hoceïma,Gold,email,2026-06-01,9999-12-31,True
16,C02222,Youssef Lahlou,45-54,m,Safi,Marrakech-Safi,Gold,paid_search,2026-06-01,9999-12-31,True
17,C01601,Hajar Idrissi,45-54,f,Fès,Fès-Meknès,Gold,social_media,2026-06-01,9999-12-31,True
18,C00372,Aisha El Mansouri,65+,f,Errachidia,Drâa-Tafilalet,Gold,influencer,2026-06-01,9999-12-31,True
19,C01583,Mohammed Karimi,25-34,m,Rabat,Rabat-Salé-Kénitra,Gold,paid_search,2026-06-01,9999-12-31,True
20,C00505,Imane Karimi,55-64,f,Tétouan,Tanger-Tétouan-Al Hoceïma,Gold,email,2026-06-01,9999-12-31,True
21,C01622,Tariq Ouali,18-24,m,El Jadida,Casablanca-Settat,Gold,paid_search,2026-06-01,9999-12-31,True
22,C01461,Sanaa Fassi,<18,f,Oujda,Oriental,Gold,influencer,2026-06-01,9999-12-31,True
23,C01614,Meryem Idrissi,25-34,f,Tanger,Tanger-Tétouan-Al Hoceïma,Gold,organic,2026-06-01,9999-12-31,True
24,C01370,Nabil Ziani,25-34,m,Fès,Fès-Meknès,Gold,referral,2026-06-01,9999-12-31,True
25,C00562,Mehdi Drissi,65+,m,Marrakech,Marrakech-Safi,Gold,direct,2026-06-01,9999-12-31,True
26,C02607,Leila Gharbi,65+,f,Kenitra,Rabat-Salé-Kénitra,Gold,influencer,2026-06-01,9999-12-31,True
27,C02389,Zineb Tazi,65+,f,Rabat,Rabat-Salé-Kénitra,Gold,direct,2026-06-01,9999-12-31,True
28,C02964,Adil El Mansouri,65+,m,Béni Mellal,Béni Mellal-Khénifra,Gold,referral,2026-06-01,9999-12-31,True
29,C01638,Karim Lahlou,18-24,m,Rabat,Rabat-Salé-Kénitra,Gold,influencer,2026-06-01,9999-12-31,True
30,C02643,Hicham Naciri,45-54,m,Fès,Fès-Meknès,Gold,paid_search,2026-06-01,9999-12-31,True
31,C02570,Mehdi Idrissi,45-54,m,Agadir,Souss-Massa,Gold,social_media,2026-06-01,9999-12-31,True
32,C01913,Nadia Senhaji,35-44,f,Marrakech,Marrakech-Safi,Gold,direct,2026-06-01,9999-12-31,True
33,C02355,Leila Benali,65+,f,Kenitra,Rabat-Salé-Kénitra,Silver,social_media,2026-06-01,9999-12-31,True
34,C00594,Hassan Gharbi,65+,m,Tétouan,Tanger-Tétouan-Al Hoceïma,Gold,social_media,2026-06-01,9999-12-31,True
35,C02480,Youssef Chraibi,65+,m,El Jadida,Casablanca-Settat,Gold,social_media,2026-06-01,9999-12-31,True
36,C02782,Yasmine Fassi,65+,f,Kenitra,Rabat-Salé-Kénitra,Gold,direct,2026-06-01,9999-12-31,True
37,C02317,Adil Bensaid,65+,m,Marrakech,Marrakech-Safi,Gold,social_media,2026-06-01,9999-12-31,True
38,C02218,Sara Jamai,45-54,f,El Jadida,Casablanca-Settat,Gold,organic,2026-06-01,9999-12-31,True
39,C02486,Leila Hajji,65+,f,Oujda,Oriental,Gold,influencer,2026-06-01,9999-12-31,True
40,C00510,Hassan Filali,35-44,m,Rabat,Rabat-Salé-Kénitra,Gold,influencer,2026-06-01,9999-12-31,True
41,C00533,Adil Jamai,65+,m,Rabat,Rabat-Salé-Kénitra,Gold,influencer,2026-06-01,9999-12-31,True
42,C00001,Mohammed Idrissi,25-34,m,Tétouan,Tanger-Tétouan-Al Hoceïma,Gold,social_media,2026-06-01,9999-12-31,True
43,C02766,Ahmed Filali,18-24,m,Casablanca,Casablanca-Settat,Gold,social_media,2026-06-01,9999-12-31,True
44,C02451,Mehdi Karimi,65+,m,Fès,Fès-Meknès,Gold,influencer,2026-06-01,9999-12-31,True
45,C00745,Fatima Hajji,65+,f,Fès,Fès-Meknès,Gold,organic,2026-06-01,9999-12-31,True
46,C02472,Omar Chaoui,35-44,m,Agadir,Souss-Massa,Gold,email,2026-06-01,9999-12-31,True
47,C02375,Tariq Chaoui,18-24,m,Tétouan,Tanger-Tétouan-Al Hoceïma,Gold,referral,2026-06-01,9999-12-31,True
48,C02805,Yasmine Jamai,18-24,f,Tétouan,Tanger-Tétouan-Al Hoceïma,Gold,organic,2026-06-01,9999-12-31,True
49,C00466,Omar Alami,65+,m,Kenitra,Rabat-Salé-Kénitra,Gold,email,2026-06-01,9999-12-31,True
50,C00284,Fatima Hajji,65+,f,Agadir,Souss-Massa,Gold,direct,2026-06-01,9999-12-31,True
51,C02205,Khadija Ouali,<18,f,Errachidia,Drâa-Tafilalet,Gold,organic,2026-06-01,9999-12-31,True
52,C02543,Youssef Gharbi,65+,m,Tétouan,Tanger-Tétouan-Al Hoceïma,Gold,organic,2026-06-01,9999-12-31,True
53,C00713,Hajar Drissi,65+,f,Casablanca,Casablanca-Settat,Gold,social_media,2026-06-01,9999-12-31,True
54,C02569,Sara Gharbi,65+,f,Béni Mellal,Béni Mellal-Khénifra,Gold,social_media,2026-06-01,9999-12-31,True
55,C02651,Tariq Tazi,65+,m,Marrakech,Marrakech-Safi,Gold,organic,2026-06-01,9999-12-31,True
56,C01679,Hassan Karimi,35-44,m,Meknès,Fès-Meknès,Gold,social_media,2026-06-01,9999-12-31,True
57,C02746,Yasmine Tazi,35-44,f,El Jadida,Casablanca-Settat,Gold,referral,2026-06-01,9999-12-31,True
58,C00690,Adil Gharbi,35-44,m,Meknès,Fès-Meknès,Gold,social_media,2026-06-01,9999-12-31,True
59,C01105,Samir Gharbi,18-24,m,Oujda,Oriental,Gold,social_media,2026-06-01,9999-12-31,True
60,C02538,Sara Lahlou,65+,f,Errachidia,Drâa-Tafilalet,Gold,referral,2026-06-01,9999-12-31,True
61,C01689,Youssef Lahlou,35-44,m,Oujda,Oriental,Gold,paid_search,2026-06-01,9999-12-31,True
62,C02540,Khadija Drissi,25-34,f,Oujda,Oriental,Gold,email,2026-06-01,9999-12-31,True
63,C01218,Aisha Ouali,65+,f,Agadir,Souss-Massa,Gold,influencer,2026-06-01,9999-12-31,True
64,C02571,Fatima Fassi,25-34,f,Agadir,Souss-Massa,Gold,influencer,2026-06-01,9999-12-31,True
65,C01348,Fatima Benali,25-34,f,Tétouan,Tanger-Tétouan-Al Hoceïma,Bronze,paid_search,2026-06-01,9999-12-31,True
66,C01494,Omar Rachidi,18-24,m,Rabat,Rabat-Salé-Kénitra,Gold,paid_search,2026-06-01,9999-12-31,True
67,C02997,Zineb Ouali,25-34,f,Kenitra,Rabat-Salé-Kénitra,Gold,organic,2026-06-01,9999-12-31,True
68,C01177,Karim Drissi,25-34,m,Fès,Fès-Meknès,Gold,influencer,2026-06-01,9999-12-31,True
69,C01186,Rim Gharbi,<18,f,Meknès,Fès-Meknès,Gold,paid_search,2026-06-01,9999-12-31,True
70,C01212,Amine Moussaoui,45-54,m,Agadir,Souss-Massa,Gold,influencer,2026-06-01,9999-12-31,True
71,C00417,Mohammed Fassi,18-24,m,Marrakech,Marrakech-Safi,Gold,social_media,2026-06-01,9999-12-31,True
72,C01927,Leila Senhaji,65+,f,Agadir,Souss-Massa,Gold,referral,2026-06-01,9999-12-31,True
73,C02874,Amine Naciri,65+,m,Tétouan,Tanger-Tétouan-Al Hoceïma,Gold,influencer,2026-06-01,9999-12-31,True
74,C02819,Karim Chaoui,65+,m,Meknès,Fès-Meknès,Gold,paid_search,2026-06-01,9999-12-31,True
75,C00091,Samir Alami,45-54,m,Tanger,Tanger-Tétouan-Al Hoceïma,Gold,paid_search,2026-06-01,9999-12-31,True
76,C01302,Fatima Chraibi,<18,f,Meknès,Fès-Meknès,Gold,influencer,2026-06-01,9999-12-31,True
77,C01203,Omar Moussaoui,25-34,m,El Jadida,Casablanca-Settat,Gold,direct,2026-06-01,9999-12-31,True
78,C01456,Leila Lahlou,65+,f,Casablanca,Casablanca-Settat,Gold,direct,2026-06-01,9999-12-31,True
79,C01802,Aisha Ouali,25-34,f,Meknès,Fès-Meknès,Gold,influencer,2026-06-01,9999-12-31,True
80,C02815,Leila Lahlou,65+,f,El Jadida,Casablanca-Settat,Gold,email,2026-06-01,9999-12-31,True
81,C01433,Nadia Hajji,25-34,f,Rabat,Rabat-Salé-Kénitra,Gold,social_media,2026-06-01,9999-12-31,True
82,C00832,Hajar Naciri,65+,f,Fès,Fès-Meknès,Bronze,organic,2026-06-01,9999-12-31,True
83,C02135,Adil Tazi,65+,m,Tanger,Tanger-Tétouan-Al Hoceïma,Gold,influencer,2026-06-01,9999-12-31,True
84,C01903,Leila Filali,65+,f,Béni Mellal,Béni Mellal-Khénifra,Gold,direct,2026-06-01,9999-12-31,True
85,C01386,Omar El Mansouri,65+,m,Errachidia,Drâa-Tafilalet,Gold,referral,2026-06-01,9999-12-31,True
86,C00398,Meryem Rachidi,55-64,f,Tanger,Tanger-Tétouan-Al Hoceïma,Gold,influencer,2026-06-01,9999-12-31,True
87,C02236,Rim Karimi,35-44,f,Oujda,Oriental,Bronze,email,2026-06-01,9999-12-31,True
88,C00442,Yasmine Naciri,65+,f,Safi,Marrakech-Safi,Gold,referral,2026-06-01,9999-12-31,True
89,C01758,Fatima Ouali,65+,f,Rabat,Rabat-Salé-Kénitra,Gold,email,2026-06-01,9999-12-31,True
90,C00668,Hassan Naciri,25-34,m,Oujda,Oriental,Gold,referral,2026-06-01,9999-12-31,True
91,C01404,Mohammed Idrissi,65+,m,Tétouan,Tanger-Tétouan-Al Hoceïma,Gold,email,2026-06-01,9999-12-31,True
92,C01312,Tariq Lahlou,65+,m,Oujda,Oriental,Gold,referral,2026-06-01,9999-12-31,True
93,C01837,Mohammed Drissi,45-54,m,Casablanca,Casablanca-Settat,Gold,paid_search,2026-06-01,9999-12-31,True
94,C00626,Imane El Mansouri,35-44,f,El Jadida,Casablanca-Settat,Gold,paid_search,2026-06-01,9999-12-31,True
95,C01848,Karim Moussaoui,55-64,m,Safi,Marrakech-Safi,Gold,influencer,2026-06-01,9999-12-31,True
96,C00813,Sara Hajji,<18,f,Béni Mellal,Béni Mellal-Khénifra,Gold,referral,2026-06-01,9999-12-31,True
97,C00791,Ayoub El Mansouri,65+,m,El Jadida,Casablanca-Settat,Gold,social_media,2026-06-01,9999-12-31,True
98,C02373,Adil Drissi,35-44,m,Béni Mellal,Béni Mellal-Khénifra,Gold,referral,2026-06-01,9999-12-31,True
99,C01725,Yasmine Moussaoui,45-54,f,Safi,Marrakech-Safi,Gold,organic,2026-06-01,9999-12-31,True
100,C02716,Omar El Mansouri,65+,m,Oujda,Oriental,Gold,influencer,2026-06-01,9999-12-31,True
101,C02906,Amine Naciri,25-34,m,Agadir,Souss-Massa,Gold,organic,2026-06-01,9999-12-31,True
102,C00136,Tariq Chaoui,65+,m,El Jadida,Casablanca-Settat,Gold,email,2026-06-01,9999-12-31,True
103,C00060,Tariq Drissi,45-54,m,Fès,Fès-Meknès,Gold,paid_search,2026-06-01,9999-12-31,True
104,C02475,Mohammed Bensaid,45-54,m,El Jadida,Casablanca-Settat,Gold,organic,2026-06-01,9999-12-31,True
105,C01050,Mohammed El Mansouri,18-24,m,El Jadida,Casablanca-Settat,Gold,organic,2026-06-01,9999-12-31,True
106,C02393,Yasmine Chaoui,45-54,f,Safi,Marrakech-Safi,Gold,referral,2026-06-01,9999-12-31,True
107,C00744,Zineb Karimi,55-64,f,Marrakech,Marrakech-Safi,Gold,influencer,2026-06-01,9999-12-31,True
108,C01353,Houda Rachidi,55-64,f,Oujda,Oriental,Gold,direct,2026-06-01,9999-12-31,True
109,C00012,Tariq Karimi,55-64,m,Tanger,Tanger-Tétouan-Al Hoceïma,Gold,paid_search,2026-06-01,9999-12-31,True
110,C01806,Mehdi Idrissi,<18,m,Nador,Oriental,Gold,referral,2026-06-01,9999-12-31,True
111,C01869,Amine Rachidi,65+,m,Casablanca,Casablanca-Settat,Gold,direct,2026-06-01,9999-12-31,True
112,C02136,Nabil Ziani,65+,m,Kenitra,Rabat-Salé-Kénitra,Silver,direct,2026-06-01,9999-12-31,True
113,C00041,Rim Hajji,45-54,f,Agadir,Souss-Massa,Gold,social_media,2026-06-01,9999-12-31,True
114,C02235,Sanaa Hajji,55-64,f,Fès,Fès-Meknès,Gold,referral,2026-06-01,9999-12-31,True
115,C00630,Houda Lahlou,35-44,f,Marrakech,Marrakech-Safi,Bronze,referral,2026-06-01,9999-12-31,True
116,C01392,Soukaina Drissi,65+,f,Fès,Fès-Meknès,Gold,influencer,2026-06-01,9999-12-31,True
117,C02797,Nadia Lahlou,45-54,f,Safi,Marrakech-Safi,Gold,paid_search,2026-06-01,9999-12-31,True
118,C01264,Meryem Jamai,65+,f,Nador,Oriental,Gold,paid_search,2026-06-01,9999-12-31,True
119,C02469,Yasmine Senhaji,<18,f,Tétouan,Tanger-Tétouan-Al Hoceïma,Gold,paid_search,2026-06-01,9999-12-31,True
120,C02378,Rachid El Mansouri,65+,m,Errachidia,Drâa-Tafilalet,Gold,direct,2026-06-01,9999-12-31,True
121,C01600,Rim Hajji,45-54,f,Errachidia,Drâa-Tafilalet,Gold,direct,2026-06-01,9999-12-31,True
122,C00262,Youssef Benali,65+,m,Marrakech,Marrakech-Safi,Gold,paid_search,2026-06-01,9999-12-31,True
123,C02059,Imane El Mansouri,45-54,f,Agadir,Souss-Massa,Gold,influencer,2026-06-01,9999-12-31,True
124,C02743,Soukaina Fassi,35-44,f,Safi,Marrakech-Safi,Gold,direct,2026-06-01,9999-12-31,True
125,C02519,Leila Ziani,25-34,f,Marrakech,Marrakech-Safi,Silver,direct,2026-06-01,9999-12-31,True
126,C01040,Khadija Bensaid,25-34,f,Errachidia,Drâa-Tafilalet,Silver,email,2026-06-01,9999-12-31,True
127,C01590,Khadija Tazi,25-34,f,Agadir,Souss-Massa,Gold,paid_search,2026-06-01,9999-12-31,True
128,C00772,Samir Ziani,25-34,m,Marrakech,Marrakech-Safi,Gold,influencer,2026-06-01,9999-12-31,True
129,C00769,Amine Hajji,65+,m,Rabat,Rabat-Salé-Kénitra,Gold,paid_search,2026-06-01,9999-12-31,True
130,C02984,Zineb Idrissi,25-34,f,Errachidia,Drâa-Tafilalet,Gold,email,2026-06-01,9999-12-31,True
131,C01000,Yasmine Senhaji,35-44,f,Béni Mellal,Béni Mellal-Khénifra,Gold,referral,2026-06-01,9999-12-31,True
132,C01574,Rim Lahlou,65+,f,Meknès,Fès-Meknès,Gold,organic,2026-06-01,9999-12-31,True
133,C00146,Karim Tazi,65+,m,Nador,Oriental,Gold,influencer,2026-06-01,9999-12-31,True
134,C02390,Amine Idrissi,45-54,m,Béni Mellal,Béni Mellal-Khénifra,Gold,paid_search,2026-06-01,9999-12-31,True
135,C00795,Samir Hajji,18-24,m,Fès,Fès-Meknès,Gold,referral,2026-06-01,9999-12-31,True
136,C00920,Zineb Bensaid,55-64,f,Rabat,Rabat-Salé-Kénitra,Gold,direct,2026-06-01,9999-12-31,True
137,C01272,Sara Ziani,<18,f,Kenitra,Rabat-Salé-Kénitra,Gold,referral,2026-06-01,9999-12-31,True
138,C01238,Aisha Senhaji,55-64,f,Rabat,Rabat-Salé-Kénitra,Gold,influencer,2026-06-01,9999-12-31,True
139,C02179,Imane Alami,65+,f,Kenitra,Rabat-Salé-Kénitra,Gold,direct,2026-06-01,9999-12-31,True
140,C02118,Hicham Filali,55-64,m,Agadir,Souss-Massa,Gold,email,2026-06-01,9999-12-31,True
141,C02920,Hicham El Mansouri,55-64,m,Errachidia,Drâa-Tafilalet,Bronze,organic,2026-06-01,9999-12-31,True
142,C00433,Youssef Chaoui,18-24,m,Meknès,Fès-Meknès,Gold,organic,2026-06-01,9999-12-31,True
143,C01787,Soukaina Senhaji,18-24,f,Agadir,Souss-Massa,Gold,email,2026-06-01,9999-12-31,True
144,C00305,Khadija Ziani,65+,f,El Jadida,Casablanca-Settat,Gold,social_media,2026-06-01,9999-12-31,True
145,C02671,Sanaa Gharbi,65+,f,Agadir,Souss-Massa,Gold,referral,2026-06-01,9999-12-31,True
146,C01365,Hicham Tazi,65+,m,Fès,Fès-Meknès,Bronze,direct,2026-06-01,9999-12-31,True
147,C01397,Houda Fassi,65+,f,Errachidia,Drâa-Tafilalet,Gold,direct,2026-06-01,9999-12-31,True
148,C01991,Leila Chaoui,<18,f,Meknès,Fès-Meknès,Gold,paid_search,2026-06-01,9999-12-31,True
149,C00299,Mohammed Karimi,25-34,m,Meknès,Fès-Meknès,Gold,social_media,2026-06-01,9999-12-31,True
150,C02215,Soukaina Hajji,65+,f,Tétouan,Tanger-Tétouan-Al Hoceïma,Gold,referral,2026-06-01,9999-12-31,True
151,C00615,Yasmine Bensaid,18-24,f,Agadir,Souss-Massa,Gold,referral,2026-06-01,9999-12-31,True
152,C01313,Sanaa Jamai,25-34,f,Meknès,Fès-Meknès,Gold,organic,2026-06-01,9999-12-31,True
153,C02137,Youssef Alami,35-44,m,Marrakech,Marrakech-Safi,Gold,social_media,2026-06-01,9999-12-31,True
154,C01027,Amine Gharbi,25-34,m,Meknès,Fès-Meknès,Gold,influencer,2026-06-01,9999-12-31,True
155,C00677,Houda Moussaoui,35-44,f,Casablanca,Casablanca-Settat,Gold,direct,2026-06-01,9999-12-31,True
156,C01979,Hicham Hajji,55-64,m,El Jadida,Casablanca-Settat,Gold,direct,2026-06-01,9999-12-31,True
157,C00716,Leila Jamai,35-44,f,Agadir,Souss-Massa,Gold,organic,2026-06-01,9999-12-31,True
158,C02379,Nabil Tazi,65+,m,Tanger,Tanger-Tétouan-Al Hoceïma,Gold,social_media,2026-06-01,9999-12-31,True
159,C01920,Houda Ouali,<18,f,Oujda,Oriental,Gold,social_media,2026-06-01,9999-12-31,True
160,C02773,Hicham Tazi,65+,m,Safi,Marrakech-Safi,Gold,direct,2026-06-01,9999-12-31,True
161,C00313,Samir Lahlou,65+,m,Nador,Oriental,Silver,referral,2026-06-01,9999-12-31,True
162,C00881,Ayoub Drissi,35-44,m,Rabat,Rabat-Salé-Kénitra,Gold,paid_search,2026-06-01,9999-12-31,True
163,C00532,Samir Gharbi,35-44,m,Fès,Fès-Meknès,Bronze,organic,2026-06-01,9999-12-31,True
164,C00203,Omar Idrissi,65+,m,Agadir,Souss-Massa,Gold,influencer,2026-06-01,9999-12-31,True
165,C00597,Houda Drissi,45-54,f,El Jadida,Casablanca-Settat,Gold,email,2026-06-01,9999-12-31,True
166,C00621,Soukaina Moussaoui,55-64,f,Agadir,Souss-Massa,Gold,paid_search,2026-06-01,9999-12-31,True
167,C02259,Soukaina Idrissi,45-54,f,Oujda,Oriental,Silver,influencer,2026-06-01,9999-12-31,True
168,C02381,Zineb Lahlou,65+,f,Casablanca,Casablanca-Settat,Gold,influencer,2026-06-01,9999-12-31,True
169,C02533,Rachid Bensaid,18-24,m,Fès,Fès-Meknès,Gold,direct,2026-06-01,9999-12-31,True
170,C02505,Amine Ouali,55-64,m,Tanger,Tanger-Tétouan-Al Hoceïma,Gold,social_media,2026-06-01,9999-12-31,True
171,C01104,Aisha Chaoui,65+,f,Errachidia,Drâa-Tafilalet,Gold,organic,2026-06-01,9999-12-31,True
172,C02391,Youssef Benali,35-44,m,Meknès,Fès-Meknès,Gold,referral,2026-06-01,9999-12-31,True
173,C02277,Karim Alami,65+,m,Béni Mellal,Béni Mellal-Khénifra,Bronze,social_media,2026-06-01,9999-12-31,True
174,C00319,Youssef Moussaoui,45-54,m,Kenitra,Rabat-Salé-Kénitra,Gold,referral,2026-06-01,9999-12-31,True
175,C02601,Sara Naciri,45-54,f,Marrakech,Marrakech-Safi,Gold,referral,2026-06-01,9999-12-31,True
176,C01452,Soukaina Drissi,35-44,f,Casablanca,Casablanca-Settat,Gold,organic,2026-06-01,9999-12-31,True
177,C00565,Zineb Moussaoui,65+,f,El Jadida,Casablanca-Settat,Gold,social_media,2026-06-01,9999-12-31,True
178,C02186,Amine Lahlou,35-44,m,Béni Mellal,Béni Mellal-Khénifra,Gold,referral,2026-06-01,9999-12-31,True
179,C00787,Aisha Idrissi,<18,f,Tétouan,Tanger-Tétouan-Al Hoceïma,Gold,social_media,2026-06-01,9999-12-31,True
180,C01591,Soukaina Jamai,45-54,f,Oujda,Oriental,Gold,paid_search,2026-06-01,9999-12-31,True
181,C02426,Samir Drissi,65+,m,Oujda,Oriental,Gold,paid_search,2026-06-01,9999-12-31,True
182,C02847,Youssef El Mansouri,55-64,m,Oujda,Oriental,Gold,social_media,2026-06-01,9999-12-31,True
183,C02150,Hicham Rachidi,65+,m,Errachidia,Drâa-Tafilalet,Gold,direct,2026-06-01,9999-12-31,True
184,C02181,Nadia Drissi,65+,f,Oujda,Oriental,Gold,organic,2026-06-01,9999-12-31,True
185,C01855,Amine Senhaji,45-54,m,El Jadida,Casablanca-Settat,Gold,paid_search,2026-06-01,9999-12-31,True
186,C01778,Hicham Naciri,35-44,m,Errachidia,Drâa-Tafilalet,Gold,direct,2026-06-01,9999-12-31,True
187,C00710,Aisha Naciri,25-34,f,Kenitra,Rabat-Salé-Kénitra,Gold,organic,2026-06-01,9999-12-31,True
188,C00927,Tariq Lahlou,45-54,m,Fès,Fès-Meknès,Gold,influencer,2026-06-01,9999-12-31,True
189,C02198,Nabil Ouali,55-64,m,Tanger,Tanger-Tétouan-Al Hoceïma,Gold,influencer,2026-06-01,9999-12-31,True
190,C01132,Adil Idrissi,65+,m,Tanger,Tanger-Tétouan-Al Hoceïma,Gold,referral,2026-06-01,9999-12-31,True
191,C00729,Aisha Senhaji,<18,f,El Jadida,Casablanca-Settat,Gold,organic,2026-06-01,9999-12-31,True
192,C01784,Sara Gharbi,65+,f,Casablanca,Casablanca-Settat,Gold,paid_search,2026-06-01,9999-12-31,True
193,C01575,Tariq Drissi,65+,m,Kenitra,Rabat-Salé-Kénitra,Gold,influencer,2026-06-01,9999-12-31,True
194,C00125,Fatima Chraibi,55-64,f,El Jadida,Casablanca-Settat,Gold,referral,2026-06-01,9999-12-31,True
195,C01502,Soukaina Fassi,65+,f,Casablanca,Casablanca-Settat,Gold,email,2026-06-01,9999-12-31,True
196,C01867,Soukaina Rachidi,25-34,f,Nador,Oriental,Gold,paid_search,2026-06-01,9999-12-31,True
197,C02669,Nadia Fassi,45-54,f,Kenitra,Rabat-Salé-Kénitra,Bronze,paid_search,2026-06-01,9999-12-31,True
198,C00369,Mehdi Bensaid,45-54,m,Safi,Marrakech-Safi,Gold,direct,2026-06-01,9999-12-31,True
199,C02624,Adil El Mansouri,25-34,m,Tanger,Tanger-Tétouan-Al Hoceïma,Gold,email,2026-06-01,9999-12-31,True
200,C02976,Sanaa Moussaoui,65+,f,Meknès,Fès-Meknès,Gold,referral,2026-06-01,9999-12-31,True
201,C01072,Samir Jamai,65+,m,Meknès,Fès-Meknès,Gold,referral,2026-06-01,9999-12-31,True
202,C00085,Tariq Tazi,18-24,m,Nador,Oriental,Gold,organic,2026-06-01,9999-12-31,True
203,C00206,Tariq Moussaoui,65+,m,Rabat,Rabat-Salé-Kénitra,Gold,influencer,2026-06-01,9999-12-31,True
204,C01833,Sanaa Chaoui,45-54,f,Errachidia,Drâa-Tafilalet,Gold,referral,2026-06-01,9999-12-31,True
205,C01938,Leila Alami,25-34,f,Tanger,Tanger-Tétouan-Al Hoceïma,Gold,direct,2026-06-01,9999-12-31,True
206,C00414,Hajar Senhaji,35-44,f,Safi,Marrakech-Safi,Gold,direct,2026-06-01,9999-12-31,True
207,C00735,Hicham El Mansouri,65+,m,Tétouan,Tanger-Tétouan-Al Hoceïma,Gold,social_media,2026-06-01,9999-12-31,True
208,C02220,Nadia Naciri,<18,f,Casablanca,Casablanca-Settat,Gold,paid_search,2026-06-01,9999-12-31,True
209,C01002,Omar Tazi,35-44,m,Meknès,Fès-Meknès,Gold,social_media,2026-06-01,9999-12-31,True
210,C01899,Aisha Bensaid,<18,f,Oujda,Oriental,Gold,email,2026-06-01,9999-12-31,True
211,C01449,Tariq Chraibi,55-64,m,Safi,Marrakech-Safi,Gold,direct,2026-06-01,9999-12-31,True
212,C02300,Houda Bensaid,55-64,f,Béni Mellal,Béni Mellal-Khénifra,Gold,paid_search,2026-06-01,9999-12-31,True
213,C01324,Rim Drissi,45-54,f,Errachidia,Drâa-Tafilalet,Silver,email,2026-06-01,9999-12-31,True
214,C02479,Imane El Mansouri,65+,f,Fès,Fès-Meknès,Gold,email,2026-06-01,9999-12-31,True
215,C02474,Nabil Drissi,55-64,m,Fès,Fès-Meknès,Gold,social_media,2026-06-01,9999-12-31,True
216,C00331,Zineb Rachidi,35-44,f,Nador,Oriental,Gold,email,2026-06-01,9999-12-31,True
217,C00964,Yasmine Alami,55-64,f,Fès,Fès-Meknès,Gold,social_media,2026-06-01,9999-12-31,True
218,C02326,Rim Hajji,65+,f,Safi,Marrakech-Safi,Gold,direct,2026-06-01,9999-12-31,True
219,C02249,Fatima Hajji,<18,f,Oujda,Oriental,Silver,social_media,2026-06-01,9999-12-31,True
220,C01741,Omar Senhaji,45-54,m,Kenitra,Rabat-Salé-Kénitra,Gold,social_media,2026-06-01,9999-12-31,True
221,C00874,Hicham Idrissi,<18,m,Tanger,Tanger-Tétouan-Al Hoceïma,Gold,referral,2026-06-01,9999-12-31,True
222,C02199,Rachid Chaoui,18-24,m,Nador,Oriental,Gold,direct,2026-06-01,9999-12-31,True
223,C00178,Sanaa Naciri,<18,f,Errachidia,Drâa-Tafilalet,Gold,social_media,2026-06-01,9999-12-31,True
224,C01058,Tariq Fassi,55-64,m,Safi,Marrakech-Safi,Gold,influencer,2026-06-01,9999-12-31,True
225,C00444,Houda Naciri,35-44,f,Safi,Marrakech-Safi,Gold,influencer,2026-06-01,9999-12-31,True
226,C00116,Hassan Drissi,18-24,m,Rabat,Rabat-Salé-Kénitra,Gold,influencer,2026-06-01,9999-12-31,True
227,C02833,Adil Naciri,55-64,m,Marrakech,Marrakech-Safi,Gold,paid_search,2026-06-01,9999-12-31,True
228,C01932,Houda Karimi,45-54,f,Nador,Oriental,Gold,direct,2026-06-01,9999-12-31,True
229,C00342,Nabil Hajji,55-64,m,Béni Mellal,Béni Mellal-Khénifra,Gold,direct,2026-06-01,9999-12-31,True
230,C00645,Aisha El Mansouri,65+,f,Rabat,Rabat-Salé-Kénitra,Gold,organic,2026-06-01,9999-12-31,True
231,C02241,Nadia Hajji,65+,f,Béni Mellal,Béni Mellal-Khénifra,Gold,organic,2026-06-01,9999-12-31,True
232,C01349,Rim Idrissi,65+,f,El Jadida,Casablanca-Settat,Gold,influencer,2026-06-01,9999-12-31,True
233,C02820,Soukaina Fassi,65+,f,Marrakech,Marrakech-Safi,Gold,referral,2026-06-01,9999-12-31,True
234,C00708,Rachid Moussaoui,65+,m,Meknès,Fès-Meknès,Gold,direct,2026-06-01,9999-12-31,True
235,C01054,Ayoub Tazi,18-24,m,Safi,Marrakech-Safi,Gold,influencer,2026-06-01,9999-12-31,True
236,C01170,Soukaina Chaoui,45-54,f,El Jadida,Casablanca-Settat,Gold,social_media,2026-06-01,9999-12-31,True
237,C01100,Soukaina Tazi,65+,f,Errachidia,Drâa-Tafilalet,Gold,referral,2026-06-01,9999-12-31,True
238,C01616,Meryem El Mansouri,65+,f,Tétouan,Tanger-Tétouan-Al Hoceïma,Silver,referral,2026-06-01,9999-12-31,True
239,C00082,Ahmed Jamai,25-34,m,Kenitra,Rabat-Salé-Kénitra,Gold,influencer,2026-06-01,9999-12-31,True
240,C01673,Omar Hajji,65+,m,Agadir,Souss-Massa,Gold,direct,2026-06-01,9999-12-31,True
241,C02132,Youssef Senhaji,25-34,m,Nador,Oriental,Gold,direct,2026-06-01,9999-12-31,True
242,C00228,Ahmed Alami,55-64,m,El Jadida,Casablanca-Settat,Gold,direct,2026-06-01,9999-12-31,True
243,C00984,Meryem Bensaid,18-24,f,Kenitra,Rabat-Salé-Kénitra,Gold,organic,2026-06-01,9999-12-31,True
244,C00797,Hajar Alami,65+,f,Rabat,Rabat-Salé-Kénitra,Gold,paid_search,2026-06-01,9999-12-31,True
245,C00291,Imane Karimi,45-54,f,El Jadida,Casablanca-Settat,Gold,direct,2026-06-01,9999-12-31,True
246,C00453,Karim Chaoui,65+,m,Fès,Fès-Meknès,Gold,direct,2026-06-01,9999-12-31,True
247,C01171,Rachid Chraibi,65+,m,El Jadida,Casablanca-Settat,Gold,direct,2026-06-01,9999-12-31,True
248,C02121,Samir Naciri,65+,m,El Jadida,Casablanca-Settat,Gold,direct,2026-06-01,9999-12-31,True
249,C02510,Zineb Ziani,65+,f,Errachidia,Drâa-Tafilalet,Bronze,social_media,2026-06-01,9999-12-31,True
250,C02803,Ahmed Alami,45-54,m,Kenitra,Rabat-Salé-Kénitra,Gold,direct,2026-06-01,9999-12-31,True
251,C01357,Sanaa Hajji,65+,f,Kenitra,Rabat-Salé-Kénitra,Gold,email,2026-06-01,9999-12-31,True
252,C00191,Fatima Jamai,65+,f,Kenitra,Rabat-Salé-Kénitra,Gold,email,2026-06-01,9999-12-31,True
253,C01200,Karim Chraibi,<18,m,Meknès,Fès-Meknès,Gold,referral,2026-06-01,9999-12-31,True
254,C02802,Adil Senhaji,<18,m,Agadir,Souss-Massa,Gold,direct,2026-06-01,9999-12-31,True
255,C00972,Mohammed Bensaid,55-64,m,Safi,Marrakech-Safi,Gold,referral,2026-06-01,9999-12-31,True
256,C00246,Youssef Drissi,18-24,m,Safi,Marrakech-Safi,Gold,referral,2026-06-01,9999-12-31,True
257,C01844,Hicham Chaoui,35-44,m,Fès,Fès-Meknès,Bronze,referral,2026-06-01,9999-12-31,True
258,C02145,Ahmed Bensaid,55-64,m,El Jadida,Casablanca-Settat,Gold,referral,2026-06-01,9999-12-31,True
259,C02144,Meryem Ziani,65+,f,Tanger,Tanger-Tétouan-Al Hoceïma,Gold,email,2026-06-01,9999-12-31,True
260,C00802,Sanaa Gharbi,65+,f,Errachidia,Drâa-Tafilalet,Gold,direct,2026-06-01,9999-12-31,True
261,C01352,Rim Karimi,<18,f,Safi,Marrakech-Safi,Gold,social_media,2026-06-01,9999-12-31,True
262,C02039,Houda Bensaid,55-64,f,Marrakech,Marrakech-Safi,Gold,referral,2026-06-01,9999-12-31,True
263,C02448,Omar Rachidi,65+,m,Oujda,Oriental,Gold,email,2026-06-01,9999-12-31,True
264,C02074,Ayoub Fassi,65+,m,Meknès,Fès-Meknès,Gold,social_media,2026-06-01,9999-12-31,True
265,C00646,Youssef Jamai,<18,m,Rabat,Rabat-Salé-Kénitra,Gold,organic,2026-06-01,9999-12-31,True
266,C02618,Samir Lahlou,<18,m,Béni Mellal,Béni Mellal-Khénifra,Gold,influencer,2026-06-01,9999-12-31,True
267,C01470,Sara Ziani,<18,f,Meknès,Fès-Meknès,Gold,organic,2026-06-01,9999-12-31,True
268,C02542,Samir El Mansouri,65+,m,Marrakech,Marrakech-Safi,Gold,direct,2026-06-01,9999-12-31,True
269,C01890,Hajar Moussaoui,65+,f,Marrakech,Marrakech-Safi,Gold,influencer,2026-06-01,9999-12-31,True
270,C02337,Houda Alami,25-34,f,Errachidia,Drâa-Tafilalet,Gold,paid_search,2026-06-01,9999-12-31,True
271,C00715,Mehdi Naciri,45-54,m,Fès,Fès-Meknès,Gold,organic,2026-06-01,9999-12-31,True
272,C01619,Khadija Naciri,<18,f,Safi,Marrakech-Safi,Gold,influencer,2026-06-01,9999-12-31,True
273,C02385,Adil Alami,65+,m,Oujda,Oriental,Gold,social_media,2026-06-01,9999-12-31,True
274,C01510,Hajar El Mansouri,25-34,f,Rabat,Rabat-Salé-Kénitra,Gold,direct,2026-06-01,9999-12-31,True
275,C01676,Hajar Lahlou,35-44,f,Tanger,Tanger-Tétouan-Al Hoceïma,Gold,influencer,2026-06-01,9999-12-31,True
276,C00320,Meryem Tazi,55-64,f,Errachidia,Drâa-Tafilalet,Gold,influencer,2026-06-01,9999-12-31,True
277,C00492,Sara Fassi,55-64,f,Meknès,Fès-Meknès,Bronze,direct,2026-06-01,9999-12-31,True
278,C00815,Hicham Tazi,65+,m,Rabat,Rabat-Salé-Kénitra,Gold,direct,2026-06-01,9999-12-31,True
279,C01129,Tariq Tazi,65+,m,Rabat,Rabat-Salé-Kénitra,Gold,email,2026-06-01,9999-12-31,True
280,C02258,Yasmine Drissi,65+,f,Safi,Marrakech-Safi,Gold,referral,2026-06-01,9999-12-31,True
281,C00637,Khadija Ouali,65+,f,Safi,Marrakech-Safi,Gold,paid_search,2026-06-01,9999-12-31,True
282,C02866,Fatima Benali,65+,f,Béni Mellal,Béni Mellal-Khénifra,Gold,social_media,2026-06-01,9999-12-31,True
283,C02376,Mehdi Tazi,<18,m,El Jadida,Casablanca-Settat,Gold,referral,2026-06-01,9999-12-31,True
284,C00900,Nabil El Mansouri,45-54,m,Agadir,Souss-Massa,Gold,social_media,2026-06-01,9999-12-31,True
285,C02852,Hicham Senhaji,65+,m,Fès,Fès-Meknès,Gold,paid_search,2026-06-01,9999-12-31,True
286,C00624,Soukaina Lahlou,65+,f,Casablanca,Casablanca-Settat,Gold,paid_search,2026-06-01,9999-12-31,True
287,C02128,Hassan Chaoui,25-34,m,Tanger,Tanger-Tétouan-Al Hoceïma,Gold,paid_search,2026-06-01,9999-12-31,True
288,C00421,Yasmine El Mansouri,65+,f,Errachidia,Drâa-Tafilalet,Gold,organic,2026-06-01,9999-12-31,True
289,C01789,Fatima Senhaji,18-24,f,Tanger,Tanger-Tétouan-Al Hoceïma,Gold,referral,2026-06-01,9999-12-31,True
290,C00644,Sara Idrissi,65+,f,Agadir,Souss-Massa,Gold,organic,2026-06-01,9999-12-31,True
291,C01559,Aisha Chraibi,<18,f,El Jadida,Casablanca-Settat,Gold,paid_search,2026-06-01,9999-12-31,True
292,C00660,Hassan Moussaoui,65+,m,Agadir,Souss-Massa,Gold,social_media,2026-06-01,9999-12-31,True
293,C02728,Adil Naciri,45-54,m,Béni Mellal,Béni Mellal-Khénifra,Gold,direct,2026-06-01,9999-12-31,True
294,C00976,Hassan Rachidi,55-64,m,Meknès,Fès-Meknès,Gold,referral,2026-06-01,9999-12-31,True
295,C02231,Soukaina Benali,65+,f,Fès,Fès-Meknès,Gold,influencer,2026-06-01,9999-12-31,True
296,C01485,Fatima Fassi,65+,f,Meknès,Fès-Meknès,Gold,referral,2026-06-01,9999-12-31,True
297,C01742,Aisha Moussaoui,35-44,f,Béni Mellal,Béni Mellal-Khénifra,Gold,social_media,2026-06-01,9999-12-31,True
298,C01018,Hicham Senhaji,<18,m,Oujda,Oriental,Gold,social_media,2026-06-01,9999-12-31,True
299,C02704,Ayoub Idrissi,<18,m,Meknès,Fès-Meknès,Gold,organic,2026-06-01,9999-12-31,True
300,C01246,Mohammed Filali,55-64,m,Casablanca,Casablanca-Settat,Gold,direct,2026-06-01,9999-12-31,True
301,C01298,Sanaa Filali,45-54,f,Errachidia,Drâa-Tafilalet,Bronze,email,2026-06-01,9999-12-31,True
302,C02903,Sara Senhaji,<18,f,Fès,Fès-Meknès,Gold,influencer,2026-06-01,9999-12-31,True
303,C00237,Hassan Idrissi,55-64,m,Marrakech,Marrakech-Safi,Gold,influencer,2026-06-01,9999-12-31,True
304,C01544,Aisha Ouali,65+,f,Marrakech,Marrakech-Safi,Gold,social_media,2026-06-01,9999-12-31,True
305,C00103,Aisha Jamai,18-24,f,Tétouan,Tanger-Tétouan-Al Hoceïma,Gold,social_media,2026-06-01,9999-12-31,True
306,C00838,Imane Chaoui,<18,f,Meknès,Fès-Meknès,Gold,direct,2026-06-01,9999-12-31,True
307,C00257,Sara Benali,65+,f,Fès,Fès-Meknès,Gold,email,2026-06-01,9999-12-31,True
308,C01908,Imane Karimi,<18,f,Béni Mellal,Béni Mellal-Khénifra,Gold,paid_search,2026-06-01,9999-12-31,True
309,C01094,Leila Moussaoui,35-44,f,Tanger,Tanger-Tétouan-Al Hoceïma,Gold,influencer,2026-06-01,9999-12-31,True
310,C01558,Hicham Drissi,25-34,m,Errachidia,Drâa-Tafilalet,Gold,influencer,2026-06-01,9999-12-31,True
311,C02052,Mohammed Chaoui,65+,m,El Jadida,Casablanca-Settat,Gold,email,2026-06-01,9999-12-31,True
312,C02683,Rachid Drissi,<18,m,Rabat,Rabat-Salé-Kénitra,Gold,direct,2026-06-01,9999-12-31,True
313,C00606,Ahmed Bensaid,65+,m,Marrakech,Marrakech-Safi,Gold,influencer,2026-06-01,9999-12-31,True
314,C01442,Yasmine Fassi,65+,f,Marrakech,Marrakech-Safi,Gold,direct,2026-06-01,9999-12-31,True
315,C00623,Omar Alami,<18,m,Nador,Oriental,Gold,social_media,2026-06-01,9999-12-31,True
316,C00818,Fatima Lahlou,45-54,f,Agadir,Souss-Massa,Gold,direct,2026-06-01,9999-12-31,True
317,C02116,Soukaina Bensaid,<18,f,Safi,Marrakech-Safi,Gold,paid_search,2026-06-01,9999-12-31,True
318,C00871,Nabil Alami,55-64,m,Nador,Oriental,Gold,social_media,2026-06-01,9999-12-31,True
319,C00397,Hicham Jamai,65+,m,Agadir,Souss-Massa,Gold,referral,2026-06-01,9999-12-31,True
320,C00422,Rim Drissi,65+,f,Agadir,Souss-Massa,Gold,social_media,2026-06-01,9999-12-31,True
321,C00789,Hajar Chaoui,65+,f,Casablanca,Casablanca-Settat,Gold,social_media,2026-06-01,9999-12-31,True
322,C00756,Samir Gharbi,55-64,m,El Jadida,Casablanca-Settat,Gold,influencer,2026-06-01,9999-12-31,True
323,C01835,Youssef Lahlou,65+,m,Meknès,Fès-Meknès,Gold,influencer,2026-06-01,9999-12-31,True
324,C01568,Houda Idrissi,<18,f,Tanger,Tanger-Tétouan-Al Hoceïma,Gold,social_media,2026-06-01,9999-12-31,True
325,C00527,Meryem Filali,65+,f,Nador,Oriental,Gold,organic,2026-06-01,9999-12-31,True
326,C02548,Sanaa Lahlou,65+,f,Oujda,Oriental,Gold,influencer,2026-06-01,9999-12-31,True
327,C02419,Omar Jamai,65+,m,Tétouan,Tanger-Tétouan-Al Hoceïma,Gold,direct,2026-06-01,9999-12-31,True
328,C01950,Rachid Drissi,<18,m,Agadir,Souss-Massa,Bronze,direct,2026-06-01,9999-12-31,True
329,C01125,Imane Ouali,65+,f,El Jadida,Casablanca-Settat,Gold,paid_search,2026-06-01,9999-12-31,True
330,C01426,Amine Filali,65+,m,Tétouan,Tanger-Tétouan-Al Hoceïma,Gold,influencer,2026-06-01,9999-12-31,True
331,C03000,Rachid Drissi,55-64,m,Nador,Oriental,Gold,influencer,2026-06-01,9999-12-31,True
332,C02516,Nabil Idrissi,18-24,m,Agadir,Souss-Massa,Gold,direct,2026-06-01,9999-12-31,True
333,C01607,Sanaa Ziani,25-34,f,Meknès,Fès-Meknès,Gold,paid_search,2026-06-01,9999-12-31,True
334,C02051,Khadija Hajji,<18,f,Agadir,Souss-Massa,Gold,influencer,2026-06-01,9999-12-31,True
335,C02460,Youssef Karimi,65+,m,Tanger,Tanger-Tétouan-Al Hoceïma,Gold,email,2026-06-01,9999-12-31,True
336,C01350,Sanaa Naciri,65+,f,Meknès,Fès-Meknès,Gold,referral,2026-06-01,9999-12-31,True
337,C01410,Hassan Drissi,65+,m,Béni Mellal,Béni Mellal-Khénifra,Silver,influencer,2026-06-01,9999-12-31,True
338,C00714,Amine Alami,65+,m,Béni Mellal,Béni Mellal-Khénifra,Gold,paid_search,2026-06-01,9999-12-31,True
339,C00785,Khadija Benali,65+,f,Tétouan,Tanger-Tétouan-Al Hoceïma,Gold,organic,2026-06-01,9999-12-31,True
340,C02101,Amine Ouali,65+,m,Oujda,Oriental,Gold,paid_search,2026-06-01,9999-12-31,True
341,C02234,Amine Bensaid,45-54,m,Safi,Marrakech-Safi,Gold,influencer,2026-06-01,9999-12-31,True
342,C00823,Aisha Ouali,35-44,f,Meknès,Fès-Meknès,Gold,social_media,2026-06-01,9999-12-31,True
343,C00788,Rim Ouali,65+,f,Agadir,Souss-Massa,Gold,influencer,2026-06-01,9999-12-31,True
344,C02972,Sanaa Benali,65+,f,El Jadida,Casablanca-Settat,Gold,social_media,2026-06-01,9999-12-31,True
345,C02009,Ahmed Ouali,<18,m,Rabat,Rabat-Salé-Kénitra,Gold,paid_search,2026-06-01,9999-12-31,True
346,C00476,Ahmed Hajji,35-44,m,El Jadida,Casablanca-Settat,Gold,direct,2026-06-01,9999-12-31,True
347,C01362,Adil Chaoui,45-54,m,Tanger,Tanger-Tétouan-Al Hoceïma,Gold,referral,2026-06-01,9999-12-31,True
348,C00552,Houda Fassi,65+,f,Fès,Fès-Meknès,Gold,paid_search,2026-06-01,9999-12-31,True
349,C02233,Fatima Hajji,65+,f,Meknès,Fès-Meknès,Gold,organic,2026-06-01,9999-12-31,True
350,C02202,Yasmine Chaoui,55-64,f,Casablanca,Casablanca-Settat,Gold,referral,2026-06-01,9999-12-31,True
351,C00826,Rachid Naciri,25-34,m,Casablanca,Casablanca-Settat,Gold,referral,2026-06-01,9999-12-31,True
352,C00836,Mohammed Lahlou,45-54,m,Errachidia,Drâa-Tafilalet,Gold,referral,2026-06-01,9999-12-31,True
353,C01251,Adil Idrissi,45-54,m,Fès,Fès-Meknès,Gold,social_media,2026-06-01,9999-12-31,True
354,C00406,Ahmed El Mansouri,45-54,m,Tétouan,Tanger-Tétouan-Al Hoceïma,Gold,organic,2026-06-01,9999-12-31,True
355,C02555,Meryem Drissi,45-54,f,Béni Mellal,Béni Mellal-Khénifra,Gold,direct,2026-06-01,9999-12-31,True
356,C02054,Leila Idrissi,65+,f,Oujda,Oriental,Gold,organic,2026-06-01,9999-12-31,True
357,C01611,Tariq Chaoui,65+,m,Meknès,Fès-Meknès,Gold,paid_search,2026-06-01,9999-12-31,True
358,C02733,Mehdi El Mansouri,55-64,m,Casablanca,Casablanca-Settat,Gold,paid_search,2026-06-01,9999-12-31,True
359,C01130,Mehdi Chaoui,35-44,m,Meknès,Fès-Meknès,Gold,social_media,2026-06-01,9999-12-31,True
360,C02929,Tariq Lahlou,55-64,m,Tétouan,Tanger-Tétouan-Al Hoceïma,Gold,influencer,2026-06-01,9999-12-31,True
361,C00171,Youssef Senhaji,55-64,m,El Jadida,Casablanca-Settat,Gold,social_media,2026-06-01,9999-12-31,True
362,C00079,Rim Naciri,45-54,f,Safi,Marrakech-Safi,Gold,email,2026-06-01,9999-12-31,True
363,C00256,Sara Benali,<18,f,Marrakech,Marrakech-Safi,Gold,paid_search,2026-06-01,9999-12-31,True
364,C02203,Hassan Naciri,65+,m,Nador,Oriental,Gold,organic,2026-06-01,9999-12-31,True
365,C00295,Mohammed Chraibi,65+,m,El Jadida,Casablanca-Settat,Gold,email,2026-06-01,9999-12-31,True
366,C00655,Sara Idrissi,65+,f,Fès,Fès-Meknès,Gold,organic,2026-06-01,9999-12-31,True
367,C01882,Meryem Hajji,18-24,f,Tétouan,Tanger-Tétouan-Al Hoceïma,Gold,referral,2026-06-01,9999-12-31,True
368,C02411,Nadia Tazi,65+,f,Nador,Oriental,Gold,organic,2026-06-01,9999-12-31,True
369,C02349,Sara Tazi,45-54,f,Agadir,Souss-Massa,Gold,social_media,2026-06-01,9999-12-31,True
370,C02353,Aisha Alami,35-44,f,Safi,Marrakech-Safi,Gold,paid_search,2026-06-01,9999-12-31,True
371,C01296,Soukaina Senhaji,<18,f,Tétouan,Tanger-Tétouan-Al Hoceïma,Gold,organic,2026-06-01,9999-12-31,True
372,C01599,Amine Alami,25-34,m,Meknès,Fès-Meknès,Gold,organic,2026-06-01,9999-12-31,True
373,C02165,Mohammed Moussaoui,65+,m,Kenitra,Rabat-Salé-Kénitra,Gold,referral,2026-06-01,9999-12-31,True
374,C02826,Nabil Senhaji,18-24,m,El Jadida,Casablanca-Settat,Gold,influencer,2026-06-01,9999-12-31,True
375,C01770,Houda Ziani,35-44,f,Tanger,Tanger-Tétouan-Al Hoceïma,Gold,social_media,2026-06-01,9999-12-31,True
376,C02824,Hassan El Mansouri,18-24,m,Rabat,Rabat-Salé-Kénitra,Gold,paid_search,2026-06-01,9999-12-31,True
377,C01723,Karim Naciri,35-44,m,Safi,Marrakech-Safi,Gold,social_media,2026-06-01,9999-12-31,True
378,C00625,Sanaa Bensaid,65+,f,Marrakech,Marrakech-Safi,Gold,influencer,2026-06-01,9999-12-31,True
379,C02961,Omar Idrissi,18-24,m,Béni Mellal,Béni Mellal-Khénifra,Gold,social_media,2026-06-01,9999-12-31,True
380,C01748,Hajar Hajji,55-64,f,Safi,Marrakech-Safi,Gold,influencer,2026-06-01,9999-12-31,True
381,C01715,Sara Filali,65+,f,Fès,Fès-Meknès,Bronze,referral,2026-06-01,9999-12-31,True
382,C01475,Tariq Rachidi,65+,m,Safi,Marrakech-Safi,Gold,organic,2026-06-01,9999-12-31,True
383,C00268,Hajar Senhaji,65+,f,Fès,Fès-Meknès,Gold,organic,2026-06-01,9999-12-31,True
384,C00641,Hassan Chraibi,45-54,m,Safi,Marrakech-Safi,Gold,referral,2026-06-01,9999-12-31,True
385,C02706,Rachid Gharbi,55-64,m,Rabat,Rabat-Salé-Kénitra,Gold,referral,2026-06-01,9999-12-31,True
386,C01983,Hajar Benali,25-34,f,Fès,Fès-Meknès,Gold,influencer,2026-06-01,9999-12-31,True
387,C00631,Adil Idrissi,18-24,m,Agadir,Souss-Massa,Silver,influencer,2026-06-01,9999-12-31,True
388,C00321,Leila Drissi,65+,f,Casablanca,Casablanca-Settat,Gold,direct,2026-06-01,9999-12-31,True
389,C00138,Mehdi El Mansouri,35-44,m,Errachidia,Drâa-Tafilalet,Gold,referral,2026-06-01,9999-12-31,True
390,C01356,Soukaina Idrissi,25-34,f,Tanger,Tanger-Tétouan-Al Hoceïma,Gold,influencer,2026-06-01,9999-12-31,True
391,C01157,Yasmine Gharbi,65+,f,Casablanca,Casablanca-Settat,Gold,influencer,2026-06-01,9999-12-31,True
392,C00272,Omar Idrissi,45-54,m,Safi,Marrakech-Safi,Gold,email,2026-06-01,9999-12-31,True
393,C00663,Omar Rachidi,<18,m,Tétouan,Tanger-Tétouan-Al Hoceïma,Gold,referral,2026-06-01,9999-12-31,True
394,C02274,Amine Naciri,<18,m,Fès,Fès-Meknès,Gold,email,2026-06-01,9999-12-31,True
395,C01339,Hicham Gharbi,65+,m,Rabat,Rabat-Salé-Kénitra,Gold,referral,2026-06-01,9999-12-31,True
396,C00557,Omar Benali,18-24,m,Oujda,Oriental,Gold,influencer,2026-06-01,9999-12-31,True
397,C00548,Aisha Alami,65+,f,Béni Mellal,Béni Mellal-Khénifra,Gold,referral,2026-06-01,9999-12-31,True
398,C02918,Adil Hajji,18-24,m,Nador,Oriental,Gold,referral,2026-06-01,9999-12-31,True
399,C01146,Omar Alami,45-54,m,Tanger,Tanger-Tétouan-Al Hoceïma,Gold,social_media,2026-06-01,9999-12-31,True
400,C02809,Meryem Idrissi,45-54,f,Safi,Marrakech-Safi,Gold,direct,2026-06-01,9999-12-31,True
401,C00828,Houda Bensaid,65+,f,Tanger,Tanger-Tétouan-Al Hoceïma,Gold,influencer,2026-06-01,9999-12-31,True
402,C01703,Yasmine Gharbi,<18,f,Safi,Marrakech-Safi,Gold,referral,2026-06-01,9999-12-31,True
403,C00981,Sanaa Fassi,65+,f,Nador,Oriental,Gold,email,2026-06-01,9999-12-31,True
404,C00368,Mehdi Lahlou,45-54,m,Safi,Marrakech-Safi,Gold,direct,2026-06-01,9999-12-31,True
405,C00023,Sanaa Chaoui,65+,f,Kenitra,Rabat-Salé-Kénitra,Gold,email,2026-06-01,9999-12-31,True
406,C00792,Imane Ziani,25-34,f,Errachidia,Drâa-Tafilalet,Gold,direct,2026-06-01,9999-12-31,True
407,C02425,Mohammed Tazi,45-54,m,Béni Mellal,Béni Mellal-Khénifra,Gold,social_media,2026-06-01,9999-12-31,True
408,C00835,Hajar Lahlou,55-64,f,Safi,Marrakech-Safi,Gold,referral,2026-06-01,9999-12-31,True
409,C01736,Ayoub Tazi,65+,m,Tétouan,Tanger-Tétouan-Al Hoceïma,Gold,social_media,2026-06-01,9999-12-31,True
410,C00215,Nabil Ouali,65+,m,Safi,Marrakech-Safi,Gold,email,2026-06-01,9999-12-31,True
411,C01713,Mehdi El Mansouri,18-24,m,Fès,Fès-Meknès,Gold,influencer,2026-06-01,9999-12-31,True
412,C01127,Sanaa Moussaoui,65+,f,Marrakech,Marrakech-Safi,Gold,email,2026-06-01,9999-12-31,True
413,C02616,Houda Chaoui,65+,f,Kenitra,Rabat-Salé-Kénitra,Gold,social_media,2026-06-01,9999-12-31,True
414,C01794,Ayoub Karimi,65+,m,Béni Mellal,Béni Mellal-Khénifra,Gold,influencer,2026-06-01,9999-12-31,True
415,C00837,Ahmed Lahlou,65+,m,Tanger,Tanger-Tétouan-Al Hoceïma,Gold,paid_search,2026-06-01,9999-12-31,True
416,C01577,Soukaina Idrissi,<18,f,Casablanca,Casablanca-Settat,Gold,influencer,2026-06-01,9999-12-31,True
417,C01852,Zineb Chaoui,65+,f,Errachidia,Drâa-Tafilalet,Gold,direct,2026-06-01,9999-12-31,True
418,C00602,Nabil Tazi,55-64,m,El Jadida,Casablanca-Settat,Gold,email,2026-06-01,9999-12-31,True
419,C02256,Khadija Hajji,65+,f,Oujda,Oriental,Gold,social_media,2026-06-01,9999-12-31,True
420,C01891,Mehdi Jamai,45-54,m,Marrakech,Marrakech-Safi,Gold,direct,2026-06-01,9999-12-31,True
421,C00816,Youssef Senhaji,45-54,m,Meknès,Fès-Meknès,Gold,direct,2026-06-01,9999-12-31,True
422,C02613,Youssef Filali,25-34,m,Nador,Oriental,Gold,organic,2026-06-01,9999-12-31,True
423,C02196,Karim Ouali,25-34,m,Tanger,Tanger-Tétouan-Al Hoceïma,Gold,direct,2026-06-01,9999-12-31,True
424,C02953,Houda Ouali,<18,f,Béni Mellal,Béni Mellal-Khénifra,Gold,direct,2026-06-01,9999-12-31,True
425,C02047,Omar Jamai,65+,m,Kenitra,Rabat-Salé-Kénitra,Gold,organic,2026-06-01,9999-12-31,True
426,C01114,Yasmine Karimi,45-54,f,Kenitra,Rabat-Salé-Kénitra,Bronze,paid_search,2026-06-01,9999-12-31,True
427,C00985,Samir Chraibi,<18,m,Tétouan,Tanger-Tétouan-Al Hoceïma,Gold,paid_search,2026-06-01,9999-12-31,True
428,C02440,Soukaina Tazi,65+,f,Tétouan,Tanger-Tétouan-Al Hoceïma,Gold,paid_search,2026-06-01,9999-12-31,True
429,C02659,Zineb Chaoui,65+,f,Kenitra,Rabat-Salé-Kénitra,Gold,organic,2026-06-01,9999-12-31,True
430,C02834,Meryem Hajji,65+,f,Tanger,Tanger-Tétouan-Al Hoceïma,Gold,referral,2026-06-01,9999-12-31,True
431,C00370,Khadija Ouali,25-34,f,Tanger,Tanger-Tétouan-Al Hoceïma,Gold,direct,2026-06-01,9999-12-31,True
432,C01187,Sara Benali,35-44,f,Errachidia,Drâa-Tafilalet,Gold,paid_search,2026-06-01,9999-12-31,True
433,C00766,Aisha Lahlou,<18,f,Agadir,Souss-Massa,Gold,direct,2026-06-01,9999-12-31,True
434,C00589,Ahmed Lahlou,25-34,m,Oujda,Oriental,Gold,influencer,2026-06-01,9999-12-31,True
435,C02711,Hicham Idrissi,18-24,m,Casablanca,Casablanca-Settat,Gold,referral,2026-06-01,9999-12-31,True
436,C00497,Khadija Bensaid,25-34,f,Oujda,Oriental,Gold,email,2026-06-01,9999-12-31,True
437,C02619,Samir Filali,65+,m,Casablanca,Casablanca-Settat,Gold,organic,2026-06-01,9999-12-31,True
438,C02441,Adil Bensaid,65+,m,Nador,Oriental,Gold,paid_search,2026-06-01,9999-12-31,True
439,C02700,Yasmine Moussaoui,65+,f,Tétouan,Tanger-Tétouan-Al Hoceïma,Gold,influencer,2026-06-01,9999-12-31,True
440,C01149,Sanaa Drissi,65+,f,Oujda,Oriental,Gold,influencer,2026-06-01,9999-12-31,True
441,C00859,Hicham Gharbi,55-64,m,Marrakech,Marrakech-Safi,Gold,paid_search,2026-06-01,9999-12-31,True
442,C01650,Houda Bensaid,45-54,f,Errachidia,Drâa-Tafilalet,Gold,referral,2026-06-01,9999-12-31,True
443,C01497,Ayoub Rachidi,65+,m,Rabat,Rabat-Salé-Kénitra,Gold,organic,2026-06-01,9999-12-31,True
444,C01527,Meryem Chraibi,65+,f,Marrakech,Marrakech-Safi,Gold,influencer,2026-06-01,9999-12-31,True
445,C00568,Fatima Karimi,65+,f,Tétouan,Tanger-Tétouan-Al Hoceïma,Gold,paid_search,2026-06-01,9999-12-31,True
446,C00289,Ayoub Idrissi,45-54,m,Casablanca,Casablanca-Settat,Gold,direct,2026-06-01,9999-12-31,True
447,C01816,Khadija Ouali,65+,f,Agadir,Souss-Massa,Gold,paid_search,2026-06-01,9999-12-31,True
448,C02565,Fatima Lahlou,35-44,f,Rabat,Rabat-Salé-Kénitra,Gold,direct,2026-06-01,9999-12-31,True
449,C01548,Hajar Hajji,25-34,f,Nador,Oriental,Gold,paid_search,2026-06-01,9999-12-31,True
450,C00126,Imane Chraibi,35-44,f,Béni Mellal,Béni Mellal-Khénifra,Gold,influencer,2026-06-01,9999-12-31,True
451,C02637,Youssef Lahlou,35-44,m,Tétouan,Tanger-Tétouan-Al Hoceïma,Gold,paid_search,2026-06-01,9999-12-31,True
452,C00254,Zineb Moussaoui,65+,f,Meknès,Fès-Meknès,Gold,email,2026-06-01,9999-12-31,True
453,C00287,Hassan Drissi,45-54,m,Agadir,Souss-Massa,Gold,referral,2026-06-01,9999-12-31,True
454,C02276,Rachid Naciri,<18,m,Tanger,Tanger-Tétouan-Al Hoceïma,Gold,email,2026-06-01,9999-12-31,True
455,C00750,Aisha Alami,25-34,f,Meknès,Fès-Meknès,Gold,email,2026-06-01,9999-12-31,True
456,C02666,Fatima Alami,45-54,f,Agadir,Souss-Massa,Silver,influencer,2026-06-01,9999-12-31,True
457,C01988,Meryem Lahlou,18-24,f,Tétouan,Tanger-Tétouan-Al Hoceïma,Gold,influencer,2026-06-01,9999-12-31,True
458,C02734,Sanaa Bensaid,45-54,f,Rabat,Rabat-Salé-Kénitra,Gold,email,2026-06-01,9999-12-31,True
459,C00260,Mehdi Benali,65+,m,Errachidia,Drâa-Tafilalet,Gold,influencer,2026-06-01,9999-12-31,True
460,C00584,Aisha Benali,<18,f,Fès,Fès-Meknès,Gold,influencer,2026-06-01,9999-12-31,True
461,C01610,Nadia Moussaoui,35-44,f,Oujda,Oriental,Gold,organic,2026-06-01,9999-12-31,True
462,C00357,Adil El Mansouri,65+,m,Béni Mellal,Béni Mellal-Khénifra,Gold,influencer,2026-06-01,9999-12-31,True
463,C00122,Ayoub Chaoui,65+,m,Casablanca,Casablanca-Settat,Gold,social_media,2026-06-01,9999-12-31,True
464,C02557,Adil Rachidi,65+,m,Casablanca,Casablanca-Settat,Gold,referral,2026-06-01,9999-12-31,True
465,C02224,Tariq Tazi,65+,m,Agadir,Souss-Massa,Bronze,organic,2026-06-01,9999-12-31,True
466,C01079,Mohammed Moussaoui,35-44,m,Safi,Marrakech-Safi,Gold,organic,2026-06-01,9999-12-31,True
467,C02079,Sanaa Bensaid,65+,f,Fès,Fès-Meknès,Gold,referral,2026-06-01,9999-12-31,True
468,C00808,Rim Karimi,45-54,f,Kenitra,Rabat-Salé-Kénitra,Gold,referral,2026-06-01,9999-12-31,True
469,C01969,Sanaa Hajji,55-64,f,El Jadida,Casablanca-Settat,Gold,direct,2026-06-01,9999-12-31,True
470,C00282,Mohammed Filali,45-54,m,Oujda,Oriental,Gold,influencer,2026-06-01,9999-12-31,True
471,C02925,Meryem Bensaid,25-34,f,Nador,Oriental,Gold,social_media,2026-06-01,9999-12-31,True
472,C00805,Hassan Rachidi,35-44,m,Casablanca,Casablanca-Settat,Gold,email,2026-06-01,9999-12-31,True
473,C02026,Ayoub Rachidi,65+,m,Oujda,Oriental,Gold,influencer,2026-06-01,9999-12-31,True
474,C02753,Imane Gharbi,18-24,f,Marrakech,Marrakech-Safi,Gold,social_media,2026-06-01,9999-12-31,True
475,C00908,Hassan El Mansouri,<18,m,Errachidia,Drâa-Tafilalet,Bronze,social_media,2026-06-01,9999-12-31,True
476,C01560,Nabil Drissi,<18,m,Rabat,Rabat-Salé-Kénitra,Gold,influencer,2026-06-01,9999-12-31,True
477,C00965,Meryem Ouali,55-64,f,Fès,Fès-Meknès,Gold,organic,2026-06-01,9999-12-31,True
478,C02439,Hassan Tazi,<18,m,Safi,Marrakech-Safi,Gold,influencer,2026-06-01,9999-12-31,True
479,C02152,Adil Tazi,65+,m,Oujda,Oriental,Gold,direct,2026-06-01,9999-12-31,True
480,C02147,Leila Filali,65+,f,Safi,Marrakech-Safi,Bronze,email,2026-06-01,9999-12-31,True
481,C02030,Nabil Bensaid,<18,m,Béni Mellal,Béni Mellal-Khénifra,Gold,organic,2026-06-01,9999-12-31,True
482,C00066,Hicham Fassi,45-54,m,Tanger,Tanger-Tétouan-Al Hoceïma,Gold,organic,2026-06-01,9999-12-31,True
483,C00185,Omar Ziani,45-54,m,Nador,Oriental,Gold,social_media,2026-06-01,9999-12-31,True
484,C01202,Yasmine Ouali,65+,f,Tétouan,Tanger-Tétouan-Al Hoceïma,Gold,social_media,2026-06-01,9999-12-31,True
485,C00679,Sanaa Lahlou,35-44,f,Tanger,Tanger-Tétouan-Al Hoceïma,Gold,email,2026-06-01,9999-12-31,True
486,C01919,Adil Hajji,<18,m,Béni Mellal,Béni Mellal-Khénifra,Gold,paid_search,2026-06-01,9999-12-31,True
487,C02725,Aisha Karimi,45-54,f,Béni Mellal,Béni Mellal-Khénifra,Bronze,paid_search,2026-06-01,9999-12-31,True
488,C01174,Tariq Senhaji,65+,m,Casablanca,Casablanca-Settat,Gold,referral,2026-06-01,9999-12-31,True
489,C01962,Sanaa Bensaid,35-44,f,Béni Mellal,Béni Mellal-Khénifra,Gold,organic,2026-06-01,9999-12-31,True
490,C02871,Karim Moussaoui,35-44,m,Meknès,Fès-Meknès,Gold,influencer,2026-06-01,9999-12-31,True
491,C01484,Ayoub Chraibi,65+,m,Tanger,Tanger-Tétouan-Al Hoceïma,Silver,social_media,2026-06-01,9999-12-31,True
492,C01681,Amine Alami,65+,m,Meknès,Fès-Meknès,Gold,paid_search,2026-06-01,9999-12-31,True
493,C01124,Nabil Moussaoui,45-54,m,Oujda,Oriental,Gold,referral,2026-06-01,9999-12-31,True
494,C02360,Khadija Ziani,18-24,f,Tanger,Tanger-Tétouan-Al Hoceïma,Gold,organic,2026-06-01,9999-12-31,True
495,C00373,Amine Ouali,25-34,m,Meknès,Fès-Meknès,Gold,direct,2026-06-01,9999-12-31,True
496,C02800,Ayoub Idrissi,65+,m,Marrakech,Marrakech-Safi,Gold,referral,2026-06-01,9999-12-31,True
497,C01254,Omar Gharbi,45-54,m,Tanger,Tanger-Tétouan-Al Hoceïma,Gold,influencer,2026-06-01,9999-12-31,True
498,C00999,Adil Moussaoui,55-64,m,El Jadida,Casablanca-Settat,Gold,social_media,2026-06-01,9999-12-31,True
499,C01071,Mohammed Karimi,55-64,m,Nador,Oriental,Gold,email,2026-06-01,9999-12-31,True
500,C02313,Ahmed Fassi,45-54,m,Agadir,Souss-Massa,Bronze,email,2026-06-01,9999-12-31,True
501,C01376,Nadia Chaoui,35-44,f,El Jadida,Casablanca-Settat,Gold,referral,2026-06-01,9999-12-31,True
502,C00469,Hicham Drissi,18-24,m,Agadir,Souss-Massa,Gold,direct,2026-06-01,9999-12-31,True
503,C00688,Nadia Drissi,65+,f,Tétouan,Tanger-Tétouan-Al Hoceïma,Gold,influencer,2026-06-01,9999-12-31,True
504,C01523,Khadija Drissi,65+,f,Errachidia,Drâa-Tafilalet,Gold,email,2026-06-01,9999-12-31,True
505,C00030,Leila Gharbi,35-44,f,Nador,Oriental,Bronze,organic,2026-06-01,9999-12-31,True
506,C01762,Adil Chraibi,65+,m,Tétouan,Tanger-Tétouan-Al Hoceïma,Gold,organic,2026-06-01,9999-12-31,True
507,C02473,Khadija Moussaoui,18-24,f,Tanger,Tanger-Tétouan-Al Hoceïma,Gold,organic,2026-06-01,9999-12-31,True
508,C02747,Ayoub Benali,55-64,m,Nador,Oriental,Gold,email,2026-06-01,9999-12-31,True
509,C01316,Hajar Benali,65+,f,Tanger,Tanger-Tétouan-Al Hoceïma,Gold,organic,2026-06-01,9999-12-31,True
510,C01281,Soukaina Bensaid,65+,f,El Jadida,Casablanca-Settat,Gold,influencer,2026-06-01,9999-12-31,True
511,C00175,Mohammed Idrissi,35-44,m,Fès,Fès-Meknès,Gold,organic,2026-06-01,9999-12-31,True
512,C02749,Imane Moussaoui,18-24,f,Béni Mellal,Béni Mellal-Khénifra,Gold,email,2026-06-01,9999-12-31,True
513,C00904,Khadija Moussaoui,25-34,f,Rabat,Rabat-Salé-Kénitra,Gold,organic,2026-06-01,9999-12-31,True
514,C02697,Sanaa Karimi,65+,f,El Jadida,Casablanca-Settat,Gold,referral,2026-06-01,9999-12-31,True
515,C00234,Nabil Tazi,18-24,m,Agadir,Souss-Massa,Gold,direct,2026-06-01,9999-12-31,True
516,C01822,Meryem Jamai,65+,f,Casablanca,Casablanca-Settat,Gold,social_media,2026-06-01,9999-12-31,True
517,C01643,Rachid Naciri,55-64,m,Meknès,Fès-Meknès,Gold,referral,2026-06-01,9999-12-31,True
518,C00014,Nabil Jamai,65+,m,Fès,Fès-Meknès,Gold,referral,2026-06-01,9999-12-31,True
519,C02042,Houda Karimi,65+,f,Tanger,Tanger-Tétouan-Al Hoceïma,Gold,referral,2026-06-01,9999-12-31,True
520,C01926,Hassan Idrissi,45-54,m,Oujda,Oriental,Gold,social_media,2026-06-01,9999-12-31,True
521,C01232,Hicham Alami,35-44,m,El Jadida,Casablanca-Settat,Gold,influencer,2026-06-01,9999-12-31,True
522,C01780,Youssef Gharbi,45-54,m,Rabat,Rabat-Salé-Kénitra,Gold,paid_search,2026-06-01,9999-12-31,True
523,C00956,Fatima Filali,65+,f,Casablanca,Casablanca-Settat,Gold,email,2026-06-01,9999-12-31,True
524,C02111,Houda Rachidi,<18,f,Tétouan,Tanger-Tétouan-Al Hoceïma,Gold,influencer,2026-06-01,9999-12-31,True
525,C02164,Omar Karimi,25-34,m,Casablanca,Casablanca-Settat,Gold,direct,2026-06-01,9999-12-31,True
526,C00618,Sanaa Alami,45-54,f,Safi,Marrakech-Safi,Gold,social_media,2026-06-01,9999-12-31,True
527,C02380,Mohammed Hajji,65+,m,Errachidia,Drâa-Tafilalet,Gold,direct,2026-06-01,9999-12-31,True
528,C02995,Yasmine Ziani,25-34,f,Safi,Marrakech-Safi,Gold,organic,2026-06-01,9999-12-31,True
529,C02634,Rim Ziani,55-64,f,Béni Mellal,Béni Mellal-Khénifra,Gold,paid_search,2026-06-01,9999-12-31,True
530,C02693,Rachid El Mansouri,25-34,m,Kenitra,Rabat-Salé-Kénitra,Silver,referral,2026-06-01,9999-12-31,True
531,C02019,Amine Senhaji,35-44,m,Casablanca,Casablanca-Settat,Gold,direct,2026-06-01,9999-12-31,True
532,C02829,Hajar Naciri,65+,f,Oujda,Oriental,Gold,referral,2026-06-01,9999-12-31,True
533,C01870,Nadia Bensaid,65+,f,Fès,Fès-Meknès,Gold,organic,2026-06-01,9999-12-31,True
534,C02268,Rim Senhaji,35-44,f,El Jadida,Casablanca-Settat,Gold,organic,2026-06-01,9999-12-31,True
535,C02694,Khadija Naciri,55-64,f,Kenitra,Rabat-Salé-Kénitra,Gold,email,2026-06-01,9999-12-31,True
536,C00457,Mehdi Karimi,18-24,m,Casablanca,Casablanca-Settat,Gold,email,2026-06-01,9999-12-31,True
537,C01332,Meryem Senhaji,<18,f,Marrakech,Marrakech-Safi,Gold,organic,2026-06-01,9999-12-31,True
538,C02400,Sara Rachidi,55-64,f,El Jadida,Casablanca-Settat,Gold,referral,2026-06-01,9999-12-31,True
539,C02484,Hajar Chaoui,25-34,f,Casablanca,Casablanca-Settat,Gold,influencer,2026-06-01,9999-12-31,True
540,C02955,Omar Senhaji,35-44,m,Safi,Marrakech-Safi,Gold,email,2026-06-01,9999-12-31,True
541,C01812,Hicham Filali,65+,m,Meknès,Fès-Meknès,Gold,organic,2026-06-01,9999-12-31,True
542,C00658,Omar Naciri,65+,m,Safi,Marrakech-Safi,Silver,social_media,2026-06-01,9999-12-31,True
543,C01364,Zineb Senhaji,55-64,f,Marrakech,Marrakech-Safi,Gold,paid_search,2026-06-01,9999-12-31,True
544,C02546,Khadija Alami,25-34,f,Nador,Oriental,Gold,organic,2026-06-01,9999-12-31,True
545,C01847,Amine Ouali,45-54,m,Kenitra,Rabat-Salé-Kénitra,Bronze,paid_search,2026-06-01,9999-12-31,True
546,C00358,Amine Drissi,65+,m,Béni Mellal,Béni Mellal-Khénifra,Gold,referral,2026-06-01,9999-12-31,True
547,C00131,Mohammed El Mansouri,25-34,m,El Jadida,Casablanca-Settat,Gold,referral,2026-06-01,9999-12-31,True
548,C02547,Imane Lahlou,25-34,f,Tanger,Tanger-Tétouan-Al Hoceïma,Gold,social_media,2026-06-01,9999-12-31,True
549,C00145,Zineb Bensaid,65+,f,Béni Mellal,Béni Mellal-Khénifra,Gold,organic,2026-06-01,9999-12-31,True
550,C00847,Mohammed Karimi,65+,m,Marrakech,Marrakech-Safi,Bronze,social_media,2026-06-01,9999-12-31,True
551,C00911,Khadija Moussaoui,65+,f,Errachidia,Drâa-Tafilalet,Gold,referral,2026-06-01,9999-12-31,True
552,C02588,Imane El Mansouri,55-64,f,Nador,Oriental,Gold,email,2026-06-01,9999-12-31,True
553,C01873,Meryem Senhaji,65+,f,Fès,Fès-Meknès,Gold,direct,2026-06-01,9999-12-31,True
554,C01044,Yasmine Ouali,65+,f,Errachidia,Drâa-Tafilalet,Gold,social_media,2026-06-01,9999-12-31,True
555,C01414,Nadia Fassi,65+,f,Errachidia,Drâa-Tafilalet,Gold,social_media,2026-06-01,9999-12-31,True
556,C00049,Ahmed Jamai,65+,m,Kenitra,Rabat-Salé-Kénitra,Gold,direct,2026-06-01,9999-12-31,True
557,C01031,Mehdi Karimi,65+,m,Béni Mellal,Béni Mellal-Khénifra,Gold,organic,2026-06-01,9999-12-31,True
558,C00739,Leila Gharbi,<18,f,Béni Mellal,Béni Mellal-Khénifra,Gold,organic,2026-06-01,9999-12-31,True
559,C00954,Fatima Naciri,<18,f,Nador,Oriental,Gold,paid_search,2026-06-01,9999-12-31,True
560,C02600,Omar Tazi,65+,m,Kenitra,Rabat-Salé-Kénitra,Gold,email,2026-06-01,9999-12-31,True
561,C01658,Rachid Fassi,65+,m,Béni Mellal,Béni Mellal-Khénifra,Gold,direct,2026-06-01,9999-12-31,True
562,C02795,Mohammed Drissi,18-24,m,Béni Mellal,Béni Mellal-Khénifra,Gold,social_media,2026-06-01,9999-12-31,True
563,C01095,Ahmed Idrissi,65+,m,Marrakech,Marrakech-Safi,Gold,paid_search,2026-06-01,9999-12-31,True
564,C01716,Khadija Ouali,65+,f,Errachidia,Drâa-Tafilalet,Gold,influencer,2026-06-01,9999-12-31,True
565,C00753,Yasmine Filali,45-54,f,Rabat,Rabat-Salé-Kénitra,Gold,paid_search,2026-06-01,9999-12-31,True
566,C02832,Omar Lahlou,55-64,m,Meknès,Fès-Meknès,Gold,paid_search,2026-06-01,9999-12-31,True
567,C02759,Yasmine Alami,65+,f,Tétouan,Tanger-Tétouan-Al Hoceïma,Gold,influencer,2026-06-01,9999-12-31,True
568,C01133,Khadija Idrissi,<18,f,Nador,Oriental,Gold,email,2026-06-01,9999-12-31,True
569,C00167,Fatima Jamai,65+,f,Errachidia,Drâa-Tafilalet,Gold,direct,2026-06-01,9999-12-31,True
570,C01380,Youssef Alami,55-64,m,Tétouan,Tanger-Tétouan-Al Hoceïma,Gold,organic,2026-06-01,9999-12-31,True
571,C02900,Mehdi El Mansouri,65+,m,Meknès,Fès-Meknès,Gold,organic,2026-06-01,9999-12-31,True
572,C00967,Adil Lahlou,25-34,m,Meknès,Fès-Meknès,Bronze,paid_search,2026-06-01,9999-12-31,True
573,C00765,Samir Ouali,65+,m,El Jadida,Casablanca-Settat,Gold,influencer,2026-06-01,9999-12-31,True
574,C00258,Rachid Drissi,45-54,m,Oujda,Oriental,Gold,paid_search,2026-06-01,9999-12-31,True
575,C00219,Tariq Hajji,25-34,m,Meknès,Fès-Meknès,Gold,influencer,2026-06-01,9999-12-31,True
576,C00940,Hajar Fassi,45-54,f,Rabat,Rabat-Salé-Kénitra,Gold,social_media,2026-06-01,9999-12-31,True
577,C02075,Tariq Hajji,65+,m,Fès,Fès-Meknès,Gold,social_media,2026-06-01,9999-12-31,True
578,C00294,Samir Karimi,65+,m,Agadir,Souss-Massa,Gold,influencer,2026-06-01,9999-12-31,True
579,C00335,Tariq Filali,65+,m,Casablanca,Casablanca-Settat,Gold,organic,2026-06-01,9999-12-31,True
580,C01519,Yasmine Fassi,65+,f,Oujda,Oriental,Gold,organic,2026-06-01,9999-12-31,True
581,C00399,Fatima Ouali,65+,f,Tanger,Tanger-Tétouan-Al Hoceïma,Gold,paid_search,2026-06-01,9999-12-31,True
582,C00636,Youssef Karimi,65+,m,Oujda,Oriental,Gold,organic,2026-06-01,9999-12-31,True
583,C01118,Meryem Ziani,65+,f,Casablanca,Casablanca-Settat,Silver,social_media,2026-06-01,9999-12-31,True
584,C00477,Imane Gharbi,18-24,f,Fès,Fès-Meknès,Gold,paid_search,2026-06-01,9999-12-31,True
585,C01769,Ayoub Bensaid,25-34,m,Béni Mellal,Béni Mellal-Khénifra,Gold,paid_search,2026-06-01,9999-12-31,True
586,C01805,Karim Ziani,65+,m,Kenitra,Rabat-Salé-Kénitra,Gold,influencer,2026-06-01,9999-12-31,True
587,C01231,Mehdi Drissi,18-24,m,Kenitra,Rabat-Salé-Kénitra,Gold,referral,2026-06-01,9999-12-31,True
588,C01188,Rachid Senhaji,35-44,m,Béni Mellal,Béni Mellal-Khénifra,Gold,paid_search,2026-06-01,9999-12-31,True
589,C02970,Omar Hajji,<18,m,Béni Mellal,Béni Mellal-Khénifra,Gold,influencer,2026-06-01,9999-12-31,True
590,C01753,Adil Ouali,55-64,m,Tétouan,Tanger-Tétouan-Al Hoceïma,Gold,referral,2026-06-01,9999-12-31,True
591,C01142,Sanaa Filali,25-34,f,Casablanca,Casablanca-Settat,Gold,organic,2026-06-01,9999-12-31,True
592,C00564,Sanaa Fassi,45-54,f,Kenitra,Rabat-Salé-Kénitra,Gold,social_media,2026-06-01,9999-12-31,True
593,C02647,Leila Gharbi,55-64,f,El Jadida,Casablanca-Settat,Gold,organic,2026-06-01,9999-12-31,True
594,C01549,Aisha Rachidi,65+,f,Marrakech,Marrakech-Safi,Gold,referral,2026-06-01,9999-12-31,True
595,C00979,Nabil Moussaoui,<18,m,Safi,Marrakech-Safi,Gold,referral,2026-06-01,9999-12-31,True
596,C01480,Ayoub Ziani,55-64,m,Fès,Fès-Meknès,Gold,organic,2026-06-01,9999-12-31,True
597,C01164,Hicham Hajji,65+,m,Fès,Fès-Meknès,Gold,organic,2026-06-01,9999-12-31,True
598,C01738,Yasmine Ouali,<18,f,Tétouan,Tanger-Tétouan-Al Hoceïma,Gold,paid_search,2026-06-01,9999-12-31,True
599,C00869,Nadia Senhaji,45-54,f,Oujda,Oriental,Gold,organic,2026-06-01,9999-12-31,True
600,C01888,Amine Karimi,45-54,m,Errachidia,Drâa-Tafilalet,Bronze,paid_search,2026-06-01,9999-12-31,True
601,C02312,Karim Jamai,65+,m,Errachidia,Drâa-Tafilalet,Gold,social_media,2026-06-01,9999-12-31,True
602,C01863,Aisha Benali,35-44,f,Marrakech,Marrakech-Safi,Gold,email,2026-06-01,9999-12-31,True
603,C02450,Mohammed Jamai,35-44,m,Safi,Marrakech-Safi,Gold,influencer,2026-06-01,9999-12-31,True
604,C00529,Houda Gharbi,45-54,f,Agadir,Souss-Massa,Bronze,referral,2026-06-01,9999-12-31,True
605,C02899,Karim Tazi,25-34,m,Tanger,Tanger-Tétouan-Al Hoceïma,Gold,social_media,2026-06-01,9999-12-31,True
606,C01023,Mohammed Moussaoui,65+,m,Oujda,Oriental,Gold,social_media,2026-06-01,9999-12-31,True
607,C01799,Sara Ouali,25-34,f,Béni Mellal,Béni Mellal-Khénifra,Gold,referral,2026-06-01,9999-12-31,True
608,C02464,Adil Tazi,45-54,m,Errachidia,Drâa-Tafilalet,Gold,direct,2026-06-01,9999-12-31,True
609,C02937,Youssef Rachidi,65+,m,Marrakech,Marrakech-Safi,Gold,referral,2026-06-01,9999-12-31,True
610,C01455,Nadia El Mansouri,65+,f,Rabat,Rabat-Salé-Kénitra,Gold,social_media,2026-06-01,9999-12-31,True
611,C00998,Hicham Rachidi,35-44,m,Casablanca,Casablanca-Settat,Gold,paid_search,2026-06-01,9999-12-31,True
612,C00330,Amine Chraibi,18-24,m,Oujda,Oriental,Gold,influencer,2026-06-01,9999-12-31,True
613,C02987,Samir Ziani,65+,m,Errachidia,Drâa-Tafilalet,Gold,paid_search,2026-06-01,9999-12-31,True
614,C02799,Hicham Chraibi,55-64,m,Tétouan,Tanger-Tétouan-Al Hoceïma,Gold,paid_search,2026-06-01,9999-12-31,True
615,C01258,Leila Naciri,25-34,f,Kenitra,Rabat-Salé-Kénitra,Gold,social_media,2026-06-01,9999-12-31,True
616,C00065,Meryem Chraibi,65+,f,Casablanca,Casablanca-Settat,Gold,direct,2026-06-01,9999-12-31,True
617,C02060,Soukaina Gharbi,18-24,f,Safi,Marrakech-Safi,Gold,email,2026-06-01,9999-12-31,True
618,C00097,Aisha Lahlou,65+,f,Agadir,Souss-Massa,Bronze,direct,2026-06-01,9999-12-31,True
619,C00332,Samir Hajji,65+,m,Tétouan,Tanger-Tétouan-Al Hoceïma,Gold,organic,2026-06-01,9999-12-31,True
620,C00585,Nabil Moussaoui,35-44,m,Casablanca,Casablanca-Settat,Gold,organic,2026-06-01,9999-12-31,True
621,C00366,Meryem Chraibi,65+,f,Meknès,Fès-Meknès,Gold,email,2026-06-01,9999-12-31,True
622,C02606,Mohammed Bensaid,55-64,m,Meknès,Fès-Meknès,Gold,referral,2026-06-01,9999-12-31,True
623,C01293,Karim Chraibi,65+,m,Kenitra,Rabat-Salé-Kénitra,Gold,direct,2026-06-01,9999-12-31,True
624,C02714,Aisha Idrissi,65+,f,Casablanca,Casablanca-Settat,Gold,email,2026-06-01,9999-12-31,True
625,C02161,Aisha Filali,45-54,f,Rabat,Rabat-Salé-Kénitra,Gold,direct,2026-06-01,9999-12-31,True
626,C01759,Ahmed Lahlou,35-44,m,Meknès,Fès-Meknès,Gold,referral,2026-06-01,9999-12-31,True
627,C00536,Zineb Chaoui,55-64,f,El Jadida,Casablanca-Settat,Gold,organic,2026-06-01,9999-12-31,True
628,C01935,Hassan Karimi,35-44,m,Safi,Marrakech-Safi,Gold,social_media,2026-06-01,9999-12-31,True
629,C01663,Hajar Gharbi,35-44,f,Oujda,Oriental,Gold,influencer,2026-06-01,9999-12-31,True
630,C00728,Samir Jamai,65+,m,Casablanca,Casablanca-Settat,Bronze,direct,2026-06-01,9999-12-31,True
631,C02170,Soukaina Naciri,<18,f,Marrakech,Marrakech-Safi,Gold,social_media,2026-06-01,9999-12-31,True
632,C02447,Mehdi Ouali,55-64,m,Tétouan,Tanger-Tétouan-Al Hoceïma,Gold,email,2026-06-01,9999-12-31,True
633,C02102,Soukaina Karimi,25-34,f,Meknès,Fès-Meknès,Gold,direct,2026-06-01,9999-12-31,True
634,C00309,Adil Gharbi,35-44,m,Casablanca,Casablanca-Settat,Gold,email,2026-06-01,9999-12-31,True
635,C01887,Hicham Naciri,45-54,m,Kenitra,Rabat-Salé-Kénitra,Gold,organic,2026-06-01,9999-12-31,True
636,C00076,Rachid Fassi,18-24,m,Marrakech,Marrakech-Safi,Gold,referral,2026-06-01,9999-12-31,True
637,C01217,Houda Jamai,<18,f,Béni Mellal,Béni Mellal-Khénifra,Gold,email,2026-06-01,9999-12-31,True
638,C01429,Tariq Senhaji,65+,m,Marrakech,Marrakech-Safi,Gold,social_media,2026-06-01,9999-12-31,True
639,C00579,Rachid El Mansouri,18-24,m,Agadir,Souss-Massa,Gold,influencer,2026-06-01,9999-12-31,True
640,C00912,Tariq Bensaid,25-34,m,Tanger,Tanger-Tétouan-Al Hoceïma,Gold,paid_search,2026-06-01,9999-12-31,True
641,C01394,Zineb Idrissi,65+,f,Oujda,Oriental,Gold,paid_search,2026-06-01,9999-12-31,True
642,C00323,Tariq Ziani,55-64,m,Béni Mellal,Béni Mellal-Khénifra,Gold,email,2026-06-01,9999-12-31,True
643,C02885,Nabil Filali,35-44,m,Kenitra,Rabat-Salé-Kénitra,Gold,email,2026-06-01,9999-12-31,True
644,C00833,Omar Naciri,<18,m,Casablanca,Casablanca-Settat,Gold,organic,2026-06-01,9999-12-31,True
645,C01705,Sanaa Ziani,65+,f,Tétouan,Tanger-Tétouan-Al Hoceïma,Gold,email,2026-06-01,9999-12-31,True
646,C00949,Meryem Rachidi,65+,f,Marrakech,Marrakech-Safi,Gold,influencer,2026-06-01,9999-12-31,True
647,C00975,Youssef Drissi,18-24,m,Meknès,Fès-Meknès,Gold,referral,2026-06-01,9999-12-31,True
648,C00073,Houda Filali,18-24,f,Tétouan,Tanger-Tétouan-Al Hoceïma,Gold,paid_search,2026-06-01,9999-12-31,True
649,C00081,Leila Chraibi,65+,f,Errachidia,Drâa-Tafilalet,Gold,email,2026-06-01,9999-12-31,True
650,C01654,Khadija Gharbi,45-54,f,Tétouan,Tanger-Tétouan-Al Hoceïma,Gold,email,2026-06-01,9999-12-31,True
651,C01469,Hajar Hajji,45-54,f,Tétouan,Tanger-Tétouan-Al Hoceïma,Gold,direct,2026-06-01,9999-12-31,True
652,C02315,Karim Ouali,65+,m,Errachidia,Drâa-Tafilalet,Gold,direct,2026-06-01,9999-12-31,True
653,C01335,Houda Tazi,45-54,f,Marrakech,Marrakech-Safi,Gold,referral,2026-06-01,9999-12-31,True
654,C00285,Soukaina Tazi,25-34,f,Béni Mellal,Béni Mellal-Khénifra,Gold,referral,2026-06-01,9999-12-31,True
655,C02912,Tariq Senhaji,18-24,m,Safi,Marrakech-Safi,Gold,referral,2026-06-01,9999-12-31,True
656,C02993,Karim Chaoui,45-54,m,Tétouan,Tanger-Tétouan-Al Hoceïma,Gold,direct,2026-06-01,9999-12-31,True
657,C01355,Zineb Rachidi,65+,f,Meknès,Fès-Meknès,Gold,direct,2026-06-01,9999-12-31,True
658,C02055,Omar Hajji,<18,m,Errachidia,Drâa-Tafilalet,Gold,influencer,2026-06-01,9999-12-31,True
659,C00918,Nadia Naciri,45-54,f,Agadir,Souss-Massa,Gold,direct,2026-06-01,9999-12-31,True
660,C00867,Zineb Chraibi,25-34,f,Errachidia,Drâa-Tafilalet,Gold,direct,2026-06-01,9999-12-31,True
661,C00296,Mehdi Hajji,65+,m,Meknès,Fès-Meknès,Gold,paid_search,2026-06-01,9999-12-31,True
662,C02151,Fatima Karimi,65+,f,Agadir,Souss-Massa,Gold,email,2026-06-01,9999-12-31,True
663,C00017,Zineb Benali,55-64,f,Fès,Fès-Meknès,Gold,social_media,2026-06-01,9999-12-31,True
664,C02593,Ahmed Ziani,65+,m,Oujda,Oriental,Gold,email,2026-06-01,9999-12-31,True
665,C01657,Karim Chraibi,65+,m,Safi,Marrakech-Safi,Bronze,email,2026-06-01,9999-12-31,True
666,C00010,Samir Drissi,65+,m,Marrakech,Marrakech-Safi,Gold,direct,2026-06-01,9999-12-31,True
667,C01883,Imane El Mansouri,65+,f,Meknès,Fès-Meknès,Gold,direct,2026-06-01,9999-12-31,True
668,C01605,Yasmine El Mansouri,35-44,f,Rabat,Rabat-Salé-Kénitra,Gold,email,2026-06-01,9999-12-31,True
669,C00045,Ahmed Chraibi,35-44,m,Oujda,Oriental,Gold,influencer,2026-06-01,9999-12-31,True
670,C01277,Tariq Idrissi,25-34,m,Tanger,Tanger-Tétouan-Al Hoceïma,Gold,referral,2026-06-01,9999-12-31,True
671,C01692,Fatima Jamai,65+,f,Marrakech,Marrakech-Safi,Gold,direct,2026-06-01,9999-12-31,True
672,C01975,Sanaa Benali,65+,f,Béni Mellal,Béni Mellal-Khénifra,Gold,social_media,2026-06-01,9999-12-31,True
673,C00932,Rim Chaoui,65+,f,Kenitra,Rabat-Salé-Kénitra,Gold,influencer,2026-06-01,9999-12-31,True
674,C01528,Samir Chraibi,35-44,m,Rabat,Rabat-Salé-Kénitra,Gold,paid_search,2026-06-01,9999-12-31,True
675,C01942,Khadija Gharbi,18-24,f,Tétouan,Tanger-Tétouan-Al Hoceïma,Gold,direct,2026-06-01,9999-12-31,True
676,C00738,Omar Alami,25-34,m,Agadir,Souss-Massa,Gold,influencer,2026-06-01,9999-12-31,True
677,C00917,Leila Senhaji,18-24,f,Tanger,Tanger-Tétouan-Al Hoceïma,Gold,referral,2026-06-01,9999-12-31,True
678,C02437,Nabil Ouali,<18,m,Béni Mellal,Béni Mellal-Khénifra,Gold,direct,2026-06-01,9999-12-31,True
679,C02225,Youssef Idrissi,65+,m,Fès,Fès-Meknès,Silver,email,2026-06-01,9999-12-31,True
680,C01287,Mohammed Moussaoui,65+,m,Rabat,Rabat-Salé-Kénitra,Gold,referral,2026-06-01,9999-12-31,True
681,C02996,Sara Karimi,45-54,f,Agadir,Souss-Massa,Gold,paid_search,2026-06-01,9999-12-31,True
682,C02399,Amine Idrissi,65+,m,Marrakech,Marrakech-Safi,Gold,direct,2026-06-01,9999-12-31,True
683,C02665,Leila El Mansouri,<18,f,Casablanca,Casablanca-Settat,Gold,organic,2026-06-01,9999-12-31,True
684,C01680,Mohammed Chaoui,65+,m,Rabat,Rabat-Salé-Kénitra,Gold,referral,2026-06-01,9999-12-31,True
685,C02421,Soukaina Benali,65+,f,Nador,Oriental,Gold,paid_search,2026-06-01,9999-12-31,True
686,C02033,Tariq Ziani,65+,m,Béni Mellal,Béni Mellal-Khénifra,Gold,email,2026-06-01,9999-12-31,True
687,C00617,Mohammed El Mansouri,55-64,m,Errachidia,Drâa-Tafilalet,Gold,email,2026-06-01,9999-12-31,True
688,C00884,Leila Karimi,65+,f,Oujda,Oriental,Gold,organic,2026-06-01,9999-12-31,True
689,C02417,Fatima Rachidi,55-64,f,Meknès,Fès-Meknès,Gold,direct,2026-06-01,9999-12-31,True
690,C02038,Hassan Naciri,65+,m,Fès,Fès-Meknès,Gold,direct,2026-06-01,9999-12-31,True
691,C02156,Imane Ziani,25-34,f,Tanger,Tanger-Tétouan-Al Hoceïma,Gold,paid_search,2026-06-01,9999-12-31,True
692,C01667,Youssef Moussaoui,55-64,m,Rabat,Rabat-Salé-Kénitra,Gold,direct,2026-06-01,9999-12-31,True
693,C00407,Aisha Rachidi,65+,f,Safi,Marrakech-Safi,Gold,social_media,2026-06-01,9999-12-31,True
694,C02509,Meryem Tazi,65+,f,Errachidia,Drâa-Tafilalet,Gold,email,2026-06-01,9999-12-31,True
695,C02401,Houda Ziani,<18,f,Safi,Marrakech-Safi,Gold,referral,2026-06-01,9999-12-31,True
696,C02945,Adil Naciri,35-44,m,El Jadida,Casablanca-Settat,Gold,social_media,2026-06-01,9999-12-31,True
697,C01524,Rim Chraibi,65+,f,Meknès,Fès-Meknès,Gold,referral,2026-06-01,9999-12-31,True
698,C01648,Sanaa Idrissi,18-24,f,Marrakech,Marrakech-Safi,Gold,paid_search,2026-06-01,9999-12-31,True
699,C02087,Adil Moussaoui,35-44,m,Oujda,Oriental,Gold,influencer,2026-06-01,9999-12-31,True
700,C00830,Ayoub Tazi,18-24,m,Fès,Fès-Meknès,Gold,influencer,2026-06-01,9999-12-31,True
701,C01300,Mohammed El Mansouri,65+,m,Casablanca,Casablanca-Settat,Gold,influencer,2026-06-01,9999-12-31,True
702,C01841,Samir Karimi,25-34,m,Tanger,Tanger-Tétouan-Al Hoceïma,Gold,email,2026-06-01,9999-12-31,True
703,C02842,Omar Filali,25-34,m,Errachidia,Drâa-Tafilalet,Gold,social_media,2026-06-01,9999-12-31,True
704,C02504,Aisha Moussaoui,<18,f,Tétouan,Tanger-Tétouan-Al Hoceïma,Gold,direct,2026-06-01,9999-12-31,True
705,C01387,Youssef Idrissi,65+,m,Errachidia,Drâa-Tafilalet,Gold,influencer,2026-06-01,9999-12-31,True
706,C01733,Mohammed El Mansouri,65+,m,Tétouan,Tanger-Tétouan-Al Hoceïma,Gold,paid_search,2026-06-01,9999-12-31,True
707,C00452,Tariq Fassi,55-64,m,El Jadida,Casablanca-Settat,Gold,referral,2026-06-01,9999-12-31,True
708,C01994,Zineb Gharbi,18-24,f,Tétouan,Tanger-Tétouan-Al Hoceïma,Gold,direct,2026-06-01,9999-12-31,True
709,C01333,Yasmine Chaoui,18-24,f,Nador,Oriental,Gold,influencer,2026-06-01,9999-12-31,True
710,C02120,Sanaa Lahlou,65+,f,Béni Mellal,Béni Mellal-Khénifra,Gold,referral,2026-06-01,9999-12-31,True
711,C00697,Fatima Drissi,25-34,f,Béni Mellal,Béni Mellal-Khénifra,Gold,email,2026-06-01,9999-12-31,True
712,C02015,Imane Ziani,65+,f,Rabat,Rabat-Salé-Kénitra,Gold,email,2026-06-01,9999-12-31,True
713,C00352,Khadija Alami,55-64,f,Meknès,Fès-Meknès,Gold,influencer,2026-06-01,9999-12-31,True
714,C00656,Adil Filali,55-64,m,Nador,Oriental,Gold,social_media,2026-06-01,9999-12-31,True
715,C02780,Mehdi Jamai,65+,m,Oujda,Oriental,Gold,organic,2026-06-01,9999-12-31,True
716,C01266,Mohammed Bensaid,65+,m,Meknès,Fès-Meknès,Gold,social_media,2026-06-01,9999-12-31,True
717,C01573,Adil Moussaoui,18-24,m,Fès,Fès-Meknès,Gold,paid_search,2026-06-01,9999-12-31,True
718,C01496,Tariq El Mansouri,45-54,m,Tétouan,Tanger-Tétouan-Al Hoceïma,Gold,social_media,2026-06-01,9999-12-31,True
719,C01972,Adil Jamai,65+,m,Nador,Oriental,Gold,paid_search,2026-06-01,9999-12-31,True
720,C00223,Hicham Filali,35-44,m,Nador,Oriental,Gold,social_media,2026-06-01,9999-12-31,True
721,C02183,Ayoub Idrissi,55-64,m,Errachidia,Drâa-Tafilalet,Gold,influencer,2026-06-01,9999-12-31,True
722,C01773,Tariq Senhaji,18-24,m,Béni Mellal,Béni Mellal-Khénifra,Gold,direct,2026-06-01,9999-12-31,True
723,C00488,Omar Ouali,18-24,m,Marrakech,Marrakech-Safi,Gold,social_media,2026-06-01,9999-12-31,True
724,C00242,Soukaina El Mansouri,18-24,f,Oujda,Oriental,Gold,direct,2026-06-01,9999-12-31,True
725,C02689,Leila Chraibi,55-64,f,El Jadida,Casablanca-Settat,Gold,email,2026-06-01,9999-12-31,True
726,C02660,Meryem Naciri,45-54,f,Rabat,Rabat-Salé-Kénitra,Gold,email,2026-06-01,9999-12-31,True
727,C02710,Khadija Filali,18-24,f,Oujda,Oriental,Gold,paid_search,2026-06-01,9999-12-31,True
728,C02230,Nabil Hajji,65+,m,Marrakech,Marrakech-Safi,Gold,organic,2026-06-01,9999-12-31,True
729,C02811,Hajar Bensaid,65+,f,Fès,Fès-Meknès,Gold,social_media,2026-06-01,9999-12-31,True
730,C02021,Hassan Bensaid,65+,m,Agadir,Souss-Massa,Gold,direct,2026-06-01,9999-12-31,True
731,C00573,Zineb Jamai,55-64,f,Nador,Oriental,Gold,organic,2026-06-01,9999-12-31,True
732,C01344,Khadija Filali,65+,f,Kenitra,Rabat-Salé-Kénitra,Gold,email,2026-06-01,9999-12-31,True
733,C01139,Sanaa Senhaji,65+,f,Agadir,Souss-Massa,Bronze,organic,2026-06-01,9999-12-31,True
734,C00473,Khadija Chaoui,35-44,f,Casablanca,Casablanca-Settat,Gold,influencer,2026-06-01,9999-12-31,True
735,C01328,Yasmine El Mansouri,<18,f,Nador,Oriental,Gold,influencer,2026-06-01,9999-12-31,True
736,C02673,Yasmine Chraibi,65+,f,Safi,Marrakech-Safi,Gold,direct,2026-06-01,9999-12-31,True
737,C01696,Karim Naciri,35-44,m,Marrakech,Marrakech-Safi,Gold,organic,2026-06-01,9999-12-31,True
738,C02653,Khadija Filali,65+,f,Errachidia,Drâa-Tafilalet,Gold,social_media,2026-06-01,9999-12-31,True
739,C00205,Yasmine Bensaid,45-54,f,Rabat,Rabat-Salé-Kénitra,Gold,referral,2026-06-01,9999-12-31,True
740,C02541,Rachid Naciri,<18,m,Safi,Marrakech-Safi,Gold,organic,2026-06-01,9999-12-31,True
741,C01451,Amine Naciri,65+,m,Kenitra,Rabat-Salé-Kénitra,Gold,referral,2026-06-01,9999-12-31,True
742,C00496,Fatima Bensaid,45-54,f,Casablanca,Casablanca-Settat,Gold,paid_search,2026-06-01,9999-12-31,True
743,C00314,Fatima Senhaji,65+,f,Errachidia,Drâa-Tafilalet,Gold,organic,2026-06-01,9999-12-31,True
744,C02821,Zineb Idrissi,18-24,f,Safi,Marrakech-Safi,Gold,organic,2026-06-01,9999-12-31,True
745,C02534,Leila Chaoui,25-34,f,Béni Mellal,Béni Mellal-Khénifra,Gold,organic,2026-06-01,9999-12-31,True
746,C02343,Nabil El Mansouri,65+,m,Agadir,Souss-Massa,Gold,email,2026-06-01,9999-12-31,True
747,C00344,Khadija Chraibi,35-44,f,Tanger,Tanger-Tétouan-Al Hoceïma,Gold,organic,2026-06-01,9999-12-31,True
748,C00861,Ayoub Tazi,55-64,m,Tétouan,Tanger-Tétouan-Al Hoceïma,Gold,paid_search,2026-06-01,9999-12-31,True
749,C01189,Rachid El Mansouri,65+,m,Casablanca,Casablanca-Settat,Gold,organic,2026-06-01,9999-12-31,True
750,C02514,Sanaa Hajji,45-54,f,Marrakech,Marrakech-Safi,Gold,social_media,2026-06-01,9999-12-31,True
751,C00427,Hajar Karimi,45-54,f,Safi,Marrakech-Safi,Gold,organic,2026-06-01,9999-12-31,True
752,C01285,Hajar Jamai,65+,f,Marrakech,Marrakech-Safi,Gold,influencer,2026-06-01,9999-12-31,True
753,C02566,Zineb Idrissi,45-54,f,Nador,Oriental,Gold,direct,2026-06-01,9999-12-31,True
754,C02779,Ahmed Bensaid,55-64,m,Agadir,Souss-Massa,Gold,email,2026-06-01,9999-12-31,True
755,C01030,Meryem Chaoui,65+,f,Casablanca,Casablanca-Settat,Gold,social_media,2026-06-01,9999-12-31,True
756,C00587,Zineb Rachidi,25-34,f,Rabat,Rabat-Salé-Kénitra,Bronze,social_media,2026-06-01,9999-12-31,True
757,C02429,Khadija Filali,<18,f,Fès,Fès-Meknès,Gold,social_media,2026-06-01,9999-12-31,True
758,C02397,Mehdi Moussaoui,25-34,m,Béni Mellal,Béni Mellal-Khénifra,Gold,email,2026-06-01,9999-12-31,True
759,C00733,Ahmed Jamai,25-34,m,Rabat,Rabat-Salé-Kénitra,Gold,social_media,2026-06-01,9999-12-31,True
760,C02354,Omar Chraibi,18-24,m,Agadir,Souss-Massa,Gold,referral,2026-06-01,9999-12-31,True
761,C02176,Hicham Idrissi,25-34,m,Casablanca,Casablanca-Settat,Gold,direct,2026-06-01,9999-12-31,True
762,C02701,Zineb Idrissi,65+,f,Kenitra,Rabat-Salé-Kénitra,Gold,email,2026-06-01,9999-12-31,True
763,C01691,Ahmed Moussaoui,65+,m,Tétouan,Tanger-Tétouan-Al Hoceïma,Gold,direct,2026-06-01,9999-12-31,True
764,C02783,Youssef Alami,35-44,m,Oujda,Oriental,Gold,referral,2026-06-01,9999-12-31,True
765,C02792,Fatima Bensaid,35-44,f,Marrakech,Marrakech-Safi,Gold,social_media,2026-06-01,9999-12-31,True
766,C01974,Soukaina Bensaid,45-54,f,Tétouan,Tanger-Tétouan-Al Hoceïma,Gold,organic,2026-06-01,9999-12-31,True
767,C00678,Nabil Drissi,55-64,m,Marrakech,Marrakech-Safi,Gold,paid_search,2026-06-01,9999-12-31,True
768,C00694,Mehdi Idrissi,65+,m,Nador,Oriental,Gold,direct,2026-06-01,9999-12-31,True
769,C00226,Hajar Moussaoui,25-34,f,Kenitra,Rabat-Salé-Kénitra,Gold,referral,2026-06-01,9999-12-31,True
770,C01556,Zineb Fassi,35-44,f,Fès,Fès-Meknès,Gold,organic,2026-06-01,9999-12-31,True
771,C00003,Omar Karimi,55-64,m,Marrakech,Marrakech-Safi,Gold,paid_search,2026-06-01,9999-12-31,True
772,C01445,Leila Gharbi,65+,f,Safi,Marrakech-Safi,Gold,email,2026-06-01,9999-12-31,True
773,C01813,Khadija Bensaid,45-54,f,Marrakech,Marrakech-Safi,Gold,organic,2026-06-01,9999-12-31,True
774,C00359,Sanaa Alami,65+,f,Tétouan,Tanger-Tétouan-Al Hoceïma,Gold,influencer,2026-06-01,9999-12-31,True
775,C02492,Houda Alami,35-44,f,Casablanca,Casablanca-Settat,Gold,referral,2026-06-01,9999-12-31,True
776,C02584,Mehdi Filali,65+,m,Casablanca,Casablanca-Settat,Gold,referral,2026-06-01,9999-12-31,True
777,C01739,Fatima Benali,<18,f,Errachidia,Drâa-Tafilalet,Gold,organic,2026-06-01,9999-12-31,True
778,C00090,Tariq Gharbi,25-34,m,Marrakech,Marrakech-Safi,Gold,social_media,2026-06-01,9999-12-31,True
779,C00463,Nadia El Mansouri,65+,f,Oujda,Oriental,Gold,paid_search,2026-06-01,9999-12-31,True
780,C01537,Ayoub Chraibi,65+,m,Errachidia,Drâa-Tafilalet,Gold,influencer,2026-06-01,9999-12-31,True
781,C00247,Soukaina Lahlou,65+,f,Tétouan,Tanger-Tétouan-Al Hoceïma,Gold,paid_search,2026-06-01,9999-12-31,True
782,C02266,Imane Naciri,45-54,f,Fès,Fès-Meknès,Gold,paid_search,2026-06-01,9999-12-31,True
783,C02148,Khadija Gharbi,25-34,f,Errachidia,Drâa-Tafilalet,Gold,organic,2026-06-01,9999-12-31,True
784,C02006,Soukaina El Mansouri,25-34,f,El Jadida,Casablanca-Settat,Gold,organic,2026-06-01,9999-12-31,True
785,C01866,Omar Karimi,65+,m,Safi,Marrakech-Safi,Gold,organic,2026-06-01,9999-12-31,True
786,C00731,Hassan Karimi,45-54,m,Tanger,Tanger-Tétouan-Al Hoceïma,Gold,referral,2026-06-01,9999-12-31,True
787,C01999,Rachid Fassi,45-54,m,Oujda,Oriental,Bronze,social_media,2026-06-01,9999-12-31,True
788,C02316,Houda Karimi,65+,f,Errachidia,Drâa-Tafilalet,Gold,paid_search,2026-06-01,9999-12-31,True
789,C00209,Meryem Senhaji,55-64,f,El Jadida,Casablanca-Settat,Gold,paid_search,2026-06-01,9999-12-31,True
790,C01807,Rim Drissi,65+,f,Béni Mellal,Béni Mellal-Khénifra,Gold,referral,2026-06-01,9999-12-31,True
791,C02915,Soukaina Chraibi,<18,f,Casablanca,Casablanca-Settat,Gold,influencer,2026-06-01,9999-12-31,True
792,C01832,Rachid Filali,25-34,m,Tanger,Tanger-Tétouan-Al Hoceïma,Gold,social_media,2026-06-01,9999-12-31,True
793,C01871,Nabil Hajji,65+,m,Oujda,Oriental,Gold,email,2026-06-01,9999-12-31,True
794,C01830,Rachid Jamai,45-54,m,Safi,Marrakech-Safi,Gold,paid_search,2026-06-01,9999-12-31,True
795,C01060,Omar Drissi,35-44,m,Oujda,Oriental,Gold,social_media,2026-06-01,9999-12-31,True
796,C02617,Amine Moussaoui,65+,m,Errachidia,Drâa-Tafilalet,Gold,direct,2026-06-01,9999-12-31,True
797,C00027,Meryem Naciri,<18,f,Tanger,Tanger-Tétouan-Al Hoceïma,Gold,social_media,2026-06-01,9999-12-31,True
798,C02275,Mohammed Moussaoui,<18,m,Marrakech,Marrakech-Safi,Gold,email,2026-06-01,9999-12-31,True
799,C01865,Nabil Chaoui,25-34,m,Marrakech,Marrakech-Safi,Gold,social_media,2026-06-01,9999-12-31,True
800,C02406,Samir Gharbi,<18,m,Nador,Oriental,Gold,social_media,2026-06-01,9999-12-31,True
801,C00439,Meryem Hajji,65+,f,Tétouan,Tanger-Tétouan-Al Hoceïma,Gold,paid_search,2026-06-01,9999-12-31,True
802,C02860,Houda Ouali,45-54,f,Oujda,Oriental,Gold,influencer,2026-06-01,9999-12-31,True
803,C02465,Imane Senhaji,65+,f,Oujda,Oriental,Gold,referral,2026-06-01,9999-12-31,True
804,C00083,Soukaina Jamai,65+,f,El Jadida,Casablanca-Settat,Gold,influencer,2026-06-01,9999-12-31,True
805,C00410,Mehdi Drissi,45-54,m,Oujda,Oriental,Gold,influencer,2026-06-01,9999-12-31,True
806,C00276,Karim Hajji,<18,m,Marrakech,Marrakech-Safi,Gold,organic,2026-06-01,9999-12-31,True
807,C01819,Mehdi Moussaoui,18-24,m,Safi,Marrakech-Safi,Gold,direct,2026-06-01,9999-12-31,True
808,C02883,Hajar Alami,35-44,f,Casablanca,Casablanca-Settat,Gold,email,2026-06-01,9999-12-31,True
809,C01687,Ahmed Rachidi,<18,m,Errachidia,Drâa-Tafilalet,Gold,email,2026-06-01,9999-12-31,True
810,C00889,Ayoub Benali,65+,m,Kenitra,Rabat-Salé-Kénitra,Gold,influencer,2026-06-01,9999-12-31,True
811,C01318,Meryem Senhaji,65+,f,Tanger,Tanger-Tétouan-Al Hoceïma,Gold,social_media,2026-06-01,9999-12-31,True
812,C02352,Mehdi Ouali,25-34,m,Errachidia,Drâa-Tafilalet,Gold,email,2026-06-01,9999-12-31,True
813,C00142,Karim Bensaid,55-64,m,El Jadida,Casablanca-Settat,Silver,social_media,2026-06-01,9999-12-31,True
814,C01695,Rachid Rachidi,65+,m,Tanger,Tanger-Tétouan-Al Hoceïma,Gold,email,2026-06-01,9999-12-31,True
815,C00877,Sanaa Tazi,18-24,f,Meknès,Fès-Meknès,Gold,email,2026-06-01,9999-12-31,True
816,C00939,Hajar Idrissi,25-34,f,Tanger,Tanger-Tétouan-Al Hoceïma,Gold,email,2026-06-01,9999-12-31,True
817,C01764,Omar Rachidi,45-54,m,El Jadida,Casablanca-Settat,Gold,organic,2026-06-01,9999-12-31,True
818,C00165,Nabil Ziani,18-24,m,Kenitra,Rabat-Salé-Kénitra,Gold,paid_search,2026-06-01,9999-12-31,True
819,C01378,Sara Moussaoui,65+,f,Kenitra,Rabat-Salé-Kénitra,Gold,referral,2026-06-01,9999-12-31,True
820,C01369,Sara Senhaji,25-34,f,Tanger,Tanger-Tétouan-Al Hoceïma,Gold,social_media,2026-06-01,9999-12-31,True
821,C00545,Rachid Gharbi,65+,m,Casablanca,Casablanca-Settat,Gold,direct,2026-06-01,9999-12-31,True
822,C01760,Khadija Benali,35-44,f,Agadir,Souss-Massa,Gold,direct,2026-06-01,9999-12-31,True
823,C02185,Hassan Tazi,65+,m,Tanger,Tanger-Tétouan-Al Hoceïma,Gold,referral,2026-06-01,9999-12-31,True
824,C02292,Nabil Naciri,45-54,m,El Jadida,Casablanca-Settat,Gold,paid_search,2026-06-01,9999-12-31,True
825,C02371,Hicham Tazi,35-44,m,Tétouan,Tanger-Tétouan-Al Hoceïma,Gold,organic,2026-06-01,9999-12-31,True
826,C00561,Zineb Naciri,<18,f,Kenitra,Rabat-Salé-Kénitra,Gold,organic,2026-06-01,9999-12-31,True
827,C02973,Yasmine Tazi,35-44,f,Errachidia,Drâa-Tafilalet,Gold,influencer,2026-06-01,9999-12-31,True
828,C00947,Omar Rachidi,65+,m,Tétouan,Tanger-Tétouan-Al Hoceïma,Gold,paid_search,2026-06-01,9999-12-31,True
829,C02813,Mohammed Lahlou,65+,m,Tanger,Tanger-Tétouan-Al Hoceïma,Bronze,social_media,2026-06-01,9999-12-31,True
830,C01026,Ahmed Fassi,35-44,m,Marrakech,Marrakech-Safi,Gold,influencer,2026-06-01,9999-12-31,True
831,C01694,Amine Tazi,<18,m,Agadir,Souss-Massa,Gold,organic,2026-06-01,9999-12-31,True
832,C01244,Ayoub Gharbi,<18,m,El Jadida,Casablanca-Settat,Gold,influencer,2026-06-01,9999-12-31,True
833,C00588,Zineb Benali,25-34,f,Casablanca,Casablanca-Settat,Gold,referral,2026-06-01,9999-12-31,True
834,C01656,Aisha Bensaid,35-44,f,Kenitra,Rabat-Salé-Kénitra,Bronze,paid_search,2026-06-01,9999-12-31,True
835,C00135,Adil Lahlou,25-34,m,Tanger,Tanger-Tétouan-Al Hoceïma,Gold,influencer,2026-06-01,9999-12-31,True
836,C01243,Amine Ziani,65+,m,El Jadida,Casablanca-Settat,Silver,paid_search,2026-06-01,9999-12-31,True
837,C01090,Ayoub Benali,25-34,m,Kenitra,Rabat-Salé-Kénitra,Gold,influencer,2026-06-01,9999-12-31,True
838,C01438,Yasmine Bensaid,35-44,f,Rabat,Rabat-Salé-Kénitra,Gold,email,2026-06-01,9999-12-31,True
839,C00032,Ahmed Bensaid,55-64,m,Kenitra,Rabat-Salé-Kénitra,Gold,organic,2026-06-01,9999-12-31,True
840,C02902,Houda Jamai,<18,f,Rabat,Rabat-Salé-Kénitra,Gold,email,2026-06-01,9999-12-31,True
841,C00569,Meryem Ziani,65+,f,Kenitra,Rabat-Salé-Kénitra,Gold,organic,2026-06-01,9999-12-31,True
842,C02623,Omar Filali,65+,m,Marrakech,Marrakech-Safi,Gold,email,2026-06-01,9999-12-31,True
843,C00683,Hajar Gharbi,65+,f,Meknès,Fès-Meknès,Gold,direct,2026-06-01,9999-12-31,True
844,C02576,Youssef Ouali,<18,m,Meknès,Fès-Meknès,Gold,paid_search,2026-06-01,9999-12-31,True
845,C01803,Sanaa Idrissi,<18,f,El Jadida,Casablanca-Settat,Bronze,email,2026-06-01,9999-12-31,True
846,C00144,Rachid Senhaji,25-34,m,Meknès,Fès-Meknès,Gold,organic,2026-06-01,9999-12-31,True
847,C02242,Soukaina Filali,<18,f,Tétouan,Tanger-Tétouan-Al Hoceïma,Gold,direct,2026-06-01,9999-12-31,True
848,C02722,Samir Senhaji,65+,m,Oujda,Oriental,Gold,social_media,2026-06-01,9999-12-31,True
849,C00717,Karim Lahlou,65+,m,Nador,Oriental,Gold,organic,2026-06-01,9999-12-31,True
850,C00567,Sara Rachidi,<18,f,Meknès,Fès-Meknès,Gold,email,2026-06-01,9999-12-31,True
851,C01321,Mohammed Ouali,45-54,m,Béni Mellal,Béni Mellal-Khénifra,Gold,influencer,2026-06-01,9999-12-31,True
852,C01070,Tariq Ouali,45-54,m,Meknès,Fès-Meknès,Gold,organic,2026-06-01,9999-12-31,True
853,C02537,Karim Chaoui,35-44,m,Oujda,Oriental,Gold,organic,2026-06-01,9999-12-31,True
854,C02605,Rim Karimi,18-24,f,Meknès,Fès-Meknès,Bronze,paid_search,2026-06-01,9999-12-31,True
855,C00639,Zineb Chaoui,65+,f,Tétouan,Tanger-Tétouan-Al Hoceïma,Gold,direct,2026-06-01,9999-12-31,True
856,C00661,Mohammed Senhaji,65+,m,Meknès,Fès-Meknès,Gold,organic,2026-06-01,9999-12-31,True
857,C00607,Aisha Idrissi,65+,f,Tétouan,Tanger-Tétouan-Al Hoceïma,Gold,organic,2026-06-01,9999-12-31,True
858,C01373,Adil Rachidi,65+,m,Agadir,Souss-Massa,Gold,direct,2026-06-01,9999-12-31,True
859,C01320,Nabil Rachidi,65+,m,Marrakech,Marrakech-Safi,Gold,organic,2026-06-01,9999-12-31,True
860,C02160,Zineb Benali,65+,f,Fès,Fès-Meknès,Gold,direct,2026-06-01,9999-12-31,True
861,C02975,Rim Idrissi,65+,f,Kenitra,Rabat-Salé-Kénitra,Gold,paid_search,2026-06-01,9999-12-31,True
862,C00987,Mohammed Naciri,45-54,m,Nador,Oriental,Gold,influencer,2026-06-01,9999-12-31,True
863,C01851,Sara Chraibi,45-54,f,Fès,Fès-Meknès,Gold,organic,2026-06-01,9999-12-31,True
864,C01474,Yasmine Naciri,65+,f,Rabat,Rabat-Salé-Kénitra,Gold,paid_search,2026-06-01,9999-12-31,True
865,C02206,Soukaina Naciri,65+,f,Safi,Marrakech-Safi,Gold,email,2026-06-01,9999-12-31,True
866,C00021,Mohammed Senhaji,18-24,m,Casablanca,Casablanca-Settat,Gold,organic,2026-06-01,9999-12-31,True
867,C00426,Aisha El Mansouri,65+,f,Tétouan,Tanger-Tétouan-Al Hoceïma,Gold,influencer,2026-06-01,9999-12-31,True
868,C02500,Zineb Lahlou,18-24,f,Casablanca,Casablanca-Settat,Gold,email,2026-06-01,9999-12-31,True
869,C01307,Nabil Lahlou,18-24,m,Béni Mellal,Béni Mellal-Khénifra,Gold,influencer,2026-06-01,9999-12-31,True
870,C02322,Nabil Benali,65+,m,Agadir,Souss-Massa,Silver,direct,2026-06-01,9999-12-31,True
871,C00063,Zineb Drissi,45-54,f,Meknès,Fès-Meknès,Gold,paid_search,2026-06-01,9999-12-31,True
872,C00600,Fatima Alami,65+,f,Tanger,Tanger-Tétouan-Al Hoceïma,Bronze,direct,2026-06-01,9999-12-31,True
873,C02493,Hicham Senhaji,45-54,m,Oujda,Oriental,Gold,influencer,2026-06-01,9999-12-31,True
874,C00720,Yasmine Lahlou,65+,f,El Jadida,Casablanca-Settat,Bronze,social_media,2026-06-01,9999-12-31,True
875,C02654,Adil Tazi,25-34,m,Errachidia,Drâa-Tafilalet,Gold,social_media,2026-06-01,9999-12-31,True
876,C00334,Ayoub Filali,65+,m,Rabat,Rabat-Salé-Kénitra,Gold,referral,2026-06-01,9999-12-31,True
877,C02041,Yasmine Rachidi,65+,f,Agadir,Souss-Massa,Gold,influencer,2026-06-01,9999-12-31,True
878,C00251,Amine Jamai,<18,m,Safi,Marrakech-Safi,Gold,influencer,2026-06-01,9999-12-31,True
879,C02467,Zineb Chraibi,<18,f,Meknès,Fès-Meknès,Gold,referral,2026-06-01,9999-12-31,True
880,C01012,Houda Gharbi,55-64,f,Kenitra,Rabat-Salé-Kénitra,Gold,referral,2026-06-01,9999-12-31,True
881,C00324,Samir Karimi,45-54,m,Casablanca,Casablanca-Settat,Gold,email,2026-06-01,9999-12-31,True
882,C00749,Zineb El Mansouri,65+,f,Fès,Fès-Meknès,Gold,social_media,2026-06-01,9999-12-31,True
883,C01928,Ahmed Moussaoui,65+,m,Marrakech,Marrakech-Safi,Gold,paid_search,2026-06-01,9999-12-31,True
884,C01752,Tariq Benali,45-54,m,Agadir,Souss-Massa,Gold,social_media,2026-06-01,9999-12-31,True
885,C00343,Adil Chaoui,25-34,m,Fès,Fès-Meknès,Gold,paid_search,2026-06-01,9999-12-31,True
886,C01536,Karim Lahlou,55-64,m,Rabat,Rabat-Salé-Kénitra,Gold,social_media,2026-06-01,9999-12-31,True
887,C00870,Zineb Hajji,65+,f,Fès,Fès-Meknès,Gold,referral,2026-06-01,9999-12-31,True
888,C00468,Rachid Bensaid,35-44,m,Safi,Marrakech-Safi,Gold,referral,2026-06-01,9999-12-31,True
889,C00292,Hicham Fassi,65+,m,Tétouan,Tanger-Tétouan-Al Hoceïma,Gold,direct,2026-06-01,9999-12-31,True
890,C00803,Yasmine Karimi,45-54,f,Tétouan,Tanger-Tétouan-Al Hoceïma,Gold,influencer,2026-06-01,9999-12-31,True
891,C01817,Fatima Hajji,45-54,f,Oujda,Oriental,Gold,social_media,2026-06-01,9999-12-31,True
892,C02348,Karim El Mansouri,65+,m,Tétouan,Tanger-Tétouan-Al Hoceïma,Gold,referral,2026-06-01,9999-12-31,True
893,C02528,Rim Jamai,65+,f,Rabat,Rabat-Salé-Kénitra,Gold,organic,2026-06-01,9999-12-31,True
894,C00162,Mohammed Filali,65+,m,Nador,Oriental,Gold,social_media,2026-06-01,9999-12-31,True
895,C00608,Hassan Ziani,45-54,m,Béni Mellal,Béni Mellal-Khénifra,Gold,referral,2026-06-01,9999-12-31,True
896,C01169,Sara Drissi,65+,f,Casablanca,Casablanca-Settat,Gold,organic,2026-06-01,9999-12-31,True
897,C01902,Hassan Karimi,45-54,m,El Jadida,Casablanca-Settat,Gold,influencer,2026-06-01,9999-12-31,True
898,C00092,Nabil Chaoui,65+,m,Meknès,Fès-Meknès,Gold,influencer,2026-06-01,9999-12-31,True
899,C01420,Samir Drissi,35-44,m,Rabat,Rabat-Salé-Kénitra,Gold,social_media,2026-06-01,9999-12-31,True
900,C01340,Amine Karimi,45-54,m,Rabat,Rabat-Salé-Kénitra,Gold,email,2026-06-01,9999-12-31,True
901,C00383,Samir Rachidi,55-64,m,Safi,Marrakech-Safi,Gold,organic,2026-06-01,9999-12-31,True
902,C02808,Mehdi Moussaoui,65+,m,Agadir,Souss-Massa,Gold,paid_search,2026-06-01,9999-12-31,True
903,C00036,Zineb Filali,35-44,f,Kenitra,Rabat-Salé-Kénitra,Gold,influencer,2026-06-01,9999-12-31,True
904,C00549,Mohammed Karimi,65+,m,Tanger,Tanger-Tétouan-Al Hoceïma,Gold,paid_search,2026-06-01,9999-12-31,True
905,C01396,Houda El Mansouri,65+,f,Oujda,Oriental,Gold,organic,2026-06-01,9999-12-31,True
906,C00487,Ahmed Lahlou,25-34,m,Nador,Oriental,Gold,direct,2026-06-01,9999-12-31,True
907,C02979,Nabil Moussaoui,55-64,m,Casablanca,Casablanca-Settat,Gold,direct,2026-06-01,9999-12-31,True
908,C01580,Soukaina El Mansouri,35-44,f,Casablanca,Casablanca-Settat,Gold,social_media,2026-06-01,9999-12-31,True
909,C00973,Nabil Filali,35-44,m,Fès,Fès-Meknès,Gold,influencer,2026-06-01,9999-12-31,True
910,C00443,Mohammed Tazi,18-24,m,Béni Mellal,Béni Mellal-Khénifra,Silver,paid_search,2026-06-01,9999-12-31,True
911,C02530,Nadia Idrissi,55-64,f,Tanger,Tanger-Tétouan-Al Hoceïma,Gold,direct,2026-06-01,9999-12-31,True
912,C02567,Adil Karimi,55-64,m,Tanger,Tanger-Tétouan-Al Hoceïma,Gold,social_media,2026-06-01,9999-12-31,True
913,C02771,Aisha Lahlou,45-54,f,Casablanca,Casablanca-Settat,Gold,direct,2026-06-01,9999-12-31,True
914,C01343,Hassan Chaoui,25-34,m,Tétouan,Tanger-Tétouan-Al Hoceïma,Gold,email,2026-06-01,9999-12-31,True
915,C01606,Youssef Bensaid,55-64,m,Casablanca,Casablanca-Settat,Gold,direct,2026-06-01,9999-12-31,True
916,C01492,Ayoub Idrissi,65+,m,El Jadida,Casablanca-Settat,Gold,referral,2026-06-01,9999-12-31,True
917,C02878,Youssef Drissi,65+,m,Nador,Oriental,Gold,organic,2026-06-01,9999-12-31,True
918,C00109,Rim Ziani,55-64,f,Casablanca,Casablanca-Settat,Gold,email,2026-06-01,9999-12-31,True
919,C02645,Rachid Benali,65+,m,Kenitra,Rabat-Salé-Kénitra,Gold,influencer,2026-06-01,9999-12-31,True
920,C02880,Nabil Filali,65+,m,Oujda,Oriental,Gold,social_media,2026-06-01,9999-12-31,True
921,C00303,Soukaina El Mansouri,65+,f,Safi,Marrakech-Safi,Gold,social_media,2026-06-01,9999-12-31,True
922,C00413,Ayoub Ouali,<18,m,Casablanca,Casablanca-Settat,Gold,referral,2026-06-01,9999-12-31,True
923,C00187,Fatima Drissi,65+,f,El Jadida,Casablanca-Settat,Gold,paid_search,2026-06-01,9999-12-31,True
924,C01465,Leila Drissi,45-54,f,Kenitra,Rabat-Salé-Kénitra,Gold,social_media,2026-06-01,9999-12-31,True
925,C01542,Aisha Senhaji,18-24,f,Errachidia,Drâa-Tafilalet,Gold,email,2026-06-01,9999-12-31,True
926,C00796,Houda Moussaoui,45-54,f,Rabat,Rabat-Salé-Kénitra,Gold,referral,2026-06-01,9999-12-31,True
927,C02748,Aisha Rachidi,65+,f,Marrakech,Marrakech-Safi,Gold,social_media,2026-06-01,9999-12-31,True
928,C02807,Soukaina Benali,65+,f,El Jadida,Casablanca-Settat,Gold,social_media,2026-06-01,9999-12-31,True
929,C02870,Samir Ouali,55-64,m,Meknès,Fès-Meknès,Gold,direct,2026-06-01,9999-12-31,True
930,C02077,Yasmine Gharbi,65+,f,Fès,Fès-Meknès,Gold,social_media,2026-06-01,9999-12-31,True
931,C00741,Nabil Senhaji,65+,m,Casablanca,Casablanca-Settat,Gold,influencer,2026-06-01,9999-12-31,True
932,C02034,Hassan Karimi,35-44,m,Nador,Oriental,Gold,paid_search,2026-06-01,9999-12-31,True
933,C01223,Mehdi Benali,<18,m,Fès,Fès-Meknès,Gold,social_media,2026-06-01,9999-12-31,True
934,C02646,Hassan Ziani,<18,m,Tanger,Tanger-Tétouan-Al Hoceïma,Gold,paid_search,2026-06-01,9999-12-31,True
935,C02982,Imane Tazi,65+,f,El Jadida,Casablanca-Settat,Gold,influencer,2026-06-01,9999-12-31,True
936,C02070,Karim Bensaid,<18,m,El Jadida,Casablanca-Settat,Gold,email,2026-06-01,9999-12-31,True
937,C00592,Sanaa Tazi,35-44,f,Nador,Oriental,Gold,referral,2026-06-01,9999-12-31,True
938,C00576,Hicham Gharbi,65+,m,Béni Mellal,Béni Mellal-Khénifra,Gold,influencer,2026-06-01,9999-12-31,True
939,C00243,Sara Lahlou,25-34,f,Tétouan,Tanger-Tétouan-Al Hoceïma,Gold,paid_search,2026-06-01,9999-12-31,True
940,C01323,Adil Ziani,65+,m,Meknès,Fès-Meknès,Bronze,paid_search,2026-06-01,9999-12-31,True
941,C02356,Fatima El Mansouri,65+,f,Tétouan,Tanger-Tétouan-Al Hoceïma,Gold,organic,2026-06-01,9999-12-31,True
942,C00811,Fatima Moussaoui,65+,f,Casablanca,Casablanca-Settat,Silver,referral,2026-06-01,9999-12-31,True
943,C01086,Hajar Jamai,<18,f,Fès,Fès-Meknès,Bronze,referral,2026-06-01,9999-12-31,True
944,C00050,Fatima Naciri,55-64,f,Oujda,Oriental,Gold,influencer,2026-06-01,9999-12-31,True
945,C02386,Adil Moussaoui,<18,m,Kenitra,Rabat-Salé-Kénitra,Gold,paid_search,2026-06-01,9999-12-31,True
946,C00662,Amine Ziani,55-64,m,Nador,Oriental,Gold,paid_search,2026-06-01,9999-12-31,True
947,C01425,Zineb Ouali,65+,f,El Jadida,Casablanca-Settat,Gold,referral,2026-06-01,9999-12-31,True
948,C01766,Nadia Benali,35-44,f,Oujda,Oriental,Gold,social_media,2026-06-01,9999-12-31,True
949,C00361,Houda Chraibi,25-34,f,Fès,Fès-Meknès,Gold,email,2026-06-01,9999-12-31,True
950,C00217,Zineb Alami,25-34,f,Safi,Marrakech-Safi,Gold,organic,2026-06-01,9999-12-31,True
951,C02521,Leila Senhaji,25-34,f,Fès,Fès-Meknès,Gold,direct,2026-06-01,9999-12-31,True
952,C01839,Houda Jamai,65+,f,Rabat,Rabat-Salé-Kénitra,Gold,influencer,2026-06-01,9999-12-31,True
953,C02650,Hajar Tazi,65+,f,Fès,Fès-Meknès,Gold,influencer,2026-06-01,9999-12-31,True
954,C01731,Imane Alami,45-54,f,Agadir,Souss-Massa,Gold,direct,2026-06-01,9999-12-31,True
955,C01458,Adil Moussaoui,45-54,m,Tétouan,Tanger-Tétouan-Al Hoceïma,Gold,organic,2026-06-01,9999-12-31,True
956,C02140,Samir Naciri,65+,m,Oujda,Oriental,Gold,referral,2026-06-01,9999-12-31,True
957,C00384,Hicham Jamai,35-44,m,Fès,Fès-Meknès,Bronze,direct,2026-06-01,9999-12-31,True
958,C01388,Meryem Chraibi,<18,f,Safi,Marrakech-Safi,Gold,social_media,2026-06-01,9999-12-31,True
959,C02466,Khadija Chraibi,45-54,f,Rabat,Rabat-Salé-Kénitra,Gold,referral,2026-06-01,9999-12-31,True
960,C02216,Rim El Mansouri,25-34,f,Agadir,Souss-Massa,Gold,email,2026-06-01,9999-12-31,True
961,C01158,Zineb Filali,65+,f,Béni Mellal,Béni Mellal-Khénifra,Gold,influencer,2026-06-01,9999-12-31,True
962,C02427,Hassan Ouali,<18,m,Meknès,Fès-Meknès,Gold,organic,2026-06-01,9999-12-31,True
963,C00322,Sanaa Lahlou,35-44,f,Meknès,Fès-Meknès,Gold,referral,2026-06-01,9999-12-31,True
964,C00004,Mehdi Jamai,55-64,m,Béni Mellal,Béni Mellal-Khénifra,Gold,email,2026-06-01,9999-12-31,True
965,C00907,Khadija Moussaoui,45-54,f,Fès,Fès-Meknès,Gold,organic,2026-06-01,9999-12-31,True
966,C00113,Aisha Karimi,65+,f,Agadir,Souss-Massa,Gold,email,2026-06-01,9999-12-31,True
967,C00670,Yasmine Rachidi,<18,f,Safi,Marrakech-Safi,Gold,referral,2026-06-01,9999-12-31,True
968,C00852,Khadija Hajji,25-34,f,El Jadida,Casablanca-Settat,Silver,email,2026-06-01,9999-12-31,True
969,C00494,Sara Alami,<18,f,Errachidia,Drâa-Tafilalet,Gold,referral,2026-06-01,9999-12-31,True
970,C01850,Omar Moussaoui,65+,m,Oujda,Oriental,Gold,social_media,2026-06-01,9999-12-31,True
971,C02591,Imane Ziani,18-24,f,Meknès,Fès-Meknès,Gold,organic,2026-06-01,9999-12-31,True
972,C01330,Zineb Alami,65+,f,Meknès,Fès-Meknès,Gold,influencer,2026-06-01,9999-12-31,True
973,C00986,Houda Senhaji,25-34,f,Casablanca,Casablanca-Settat,Gold,direct,2026-06-01,9999-12-31,True
974,C00448,Youssef Senhaji,65+,m,Meknès,Fès-Meknès,Gold,direct,2026-06-01,9999-12-31,True
975,C00328,Nabil Rachidi,35-44,m,Agadir,Souss-Massa,Silver,influencer,2026-06-01,9999-12-31,True
976,C02177,Tariq Chraibi,25-34,m,Meknès,Fès-Meknès,Gold,referral,2026-06-01,9999-12-31,True
977,C00160,Soukaina Jamai,65+,f,Agadir,Souss-Massa,Gold,social_media,2026-06-01,9999-12-31,True
978,C01944,Amine El Mansouri,65+,m,Tétouan,Tanger-Tétouan-Al Hoceïma,Gold,paid_search,2026-06-01,9999-12-31,True
979,C00345,Tariq Fassi,35-44,m,El Jadida,Casablanca-Settat,Gold,referral,2026-06-01,9999-12-31,True
980,C01075,Rachid Benali,25-34,m,Agadir,Souss-Massa,Gold,referral,2026-06-01,9999-12-31,True
981,C00005,Hicham Hajji,65+,m,Agadir,Souss-Massa,Gold,direct,2026-06-01,9999-12-31,True
982,C00781,Yasmine Hajji,65+,f,Kenitra,Rabat-Salé-Kénitra,Gold,direct,2026-06-01,9999-12-31,True
983,C00431,Fatima Ziani,35-44,f,Marrakech,Marrakech-Safi,Gold,social_media,2026-06-01,9999-12-31,True
984,C02875,Adil Jamai,65+,m,Tanger,Tanger-Tétouan-Al Hoceïma,Gold,organic,2026-06-01,9999-12-31,True
985,C01641,Mehdi Alami,18-24,m,Safi,Marrakech-Safi,Gold,organic,2026-06-01,9999-12-31,True
986,C00603,Leila Ouali,25-34,f,Meknès,Fès-Meknès,Gold,referral,2026-06-01,9999-12-31,True
987,C02841,Rim Chaoui,65+,f,Marrakech,Marrakech-Safi,Bronze,paid_search,2026-06-01,9999-12-31,True
988,C01431,Amine Drissi,65+,m,Nador,Oriental,Gold,direct,2026-06-01,9999-12-31,True
989,C02778,Youssef Fassi,<18,m,Nador,Oriental,Bronze,influencer,2026-06-01,9999-12-31,True
990,C02037,Hicham Bensaid,45-54,m,Tanger,Tanger-Tétouan-Al Hoceïma,Gold,direct,2026-06-01,9999-12-31,True
991,C02344,Ahmed Moussaoui,45-54,m,Tanger,Tanger-Tétouan-Al Hoceïma,Gold,direct,2026-06-01,9999-12-31,True
992,C02456,Sara El Mansouri,45-54,f,Safi,Marrakech-Safi,Gold,paid_search,2026-06-01,9999-12-31,True
993,C01589,Sanaa Drissi,65+,f,Béni Mellal,Béni Mellal-Khénifra,Gold,email,2026-06-01,9999-12-31,True
994,C02563,Rim Karimi,<18,f,Kenitra,Rabat-Salé-Kénitra,Gold,email,2026-06-01,9999-12-31,True
995,C02599,Amine Rachidi,65+,m,Fès,Fès-Meknès,Gold,direct,2026-06-01,9999-12-31,True
996,C02187,Ayoub Benali,65+,m,Errachidia,Drâa-Tafilalet,Gold,paid_search,2026-06-01,9999-12-31,True
997,C02167,Sanaa Alami,65+,f,Kenitra,Rabat-Salé-Kénitra,Gold,social_media,2026-06-01,9999-12-31,True
998,C01345,Karim Karimi,18-24,m,Tétouan,Tanger-Tétouan-Al Hoceïma,Gold,influencer,2026-06-01,9999-12-31,True
999,C02536,Soukaina Rachidi,65+,f,Safi,Marrakech-Safi,Silver,referral,2026-06-01,9999-12-31,True
1000,C01367,Ayoub Bensaid,65+,m,Casablanca,Casablanca-Settat,Gold,paid_search,2026-06-01,9999-12-31,True
1001,C02416,Hassan Senhaji,65+,m,Kenitra,Rabat-Salé-Kénitra,Gold,paid_search,2026-06-01,9999-12-31,True
1002,C00273,Khadija Drissi,55-64,f,Tétouan,Tanger-Tétouan-Al Hoceïma,Gold,organic,2026-06-01,9999-12-31,True
1003,C01653,Rachid Ouali,25-34,m,Meknès,Fès-Meknès,Gold,organic,2026-06-01,9999-12-31,True
1004,C02446,Hassan Hajji,65+,m,Casablanca,Casablanca-Settat,Gold,organic,2026-06-01,9999-12-31,True
1005,C02395,Meryem Idrissi,45-54,f,Marrakech,Marrakech-Safi,Gold,email,2026-06-01,9999-12-31,True
1006,C02082,Youssef Filali,65+,m,Safi,Marrakech-Safi,Gold,influencer,2026-06-01,9999-12-31,True
1007,C00680,Rachid Filali,<18,m,Agadir,Souss-Massa,Gold,influencer,2026-06-01,9999-12-31,True
1008,C01550,Yasmine Moussaoui,18-24,f,Tétouan,Tanger-Tétouan-Al Hoceïma,Gold,organic,2026-06-01,9999-12-31,True
1009,C01024,Tariq Filali,65+,m,Errachidia,Drâa-Tafilalet,Gold,influencer,2026-06-01,9999-12-31,True
1010,C00483,Rachid Ouali,55-64,m,Safi,Marrakech-Safi,Gold,organic,2026-06-01,9999-12-31,True
1011,C02831,Khadija Gharbi,18-24,f,Béni Mellal,Béni Mellal-Khénifra,Bronze,direct,2026-06-01,9999-12-31,True
1012,C00472,Houda Rachidi,65+,f,Fès,Fès-Meknès,Gold,social_media,2026-06-01,9999-12-31,True
1013,C00152,Rim Rachidi,65+,f,Agadir,Souss-Massa,Bronze,paid_search,2026-06-01,9999-12-31,True
1014,C02031,Ayoub Tazi,65+,m,Nador,Oriental,Bronze,influencer,2026-06-01,9999-12-31,True
1015,C00470,Karim Gharbi,25-34,m,El Jadida,Casablanca-Settat,Gold,social_media,2026-06-01,9999-12-31,True
1016,C02724,Rim Alami,55-64,f,Agadir,Souss-Massa,Gold,social_media,2026-06-01,9999-12-31,True
1017,C01048,Nabil Ziani,55-64,m,Béni Mellal,Béni Mellal-Khénifra,Bronze,email,2026-06-01,9999-12-31,True
1018,C01868,Youssef Senhaji,65+,m,Agadir,Souss-Massa,Gold,referral,2026-06-01,9999-12-31,True
1019,C02592,Yasmine Filali,65+,f,Marrakech,Marrakech-Safi,Gold,social_media,2026-06-01,9999-12-31,True
1020,C00702,Meryem Rachidi,65+,f,Meknès,Fès-Meknès,Gold,organic,2026-06-01,9999-12-31,True
1021,C01512,Sara Naciri,65+,f,Nador,Oriental,Gold,direct,2026-06-01,9999-12-31,True
1022,C01351,Amine El Mansouri,55-64,m,El Jadida,Casablanca-Settat,Gold,organic,2026-06-01,9999-12-31,True
1023,C02487,Nabil Gharbi,65+,m,Béni Mellal,Béni Mellal-Khénifra,Gold,referral,2026-06-01,9999-12-31,True
1024,C00812,Hicham Jamai,25-34,m,Béni Mellal,Béni Mellal-Khénifra,Gold,social_media,2026-06-01,9999-12-31,True
1025,C02670,Ahmed Naciri,<18,m,Marrakech,Marrakech-Safi,Gold,email,2026-06-01,9999-12-31,True
1026,C02282,Nabil Ziani,45-54,m,Tétouan,Tanger-Tétouan-Al Hoceïma,Gold,direct,2026-06-01,9999-12-31,True
1027,C00737,Meryem Tazi,65+,f,El Jadida,Casablanca-Settat,Gold,email,2026-06-01,9999-12-31,True
1028,C01051,Imane Bensaid,65+,f,Tétouan,Tanger-Tétouan-Al Hoceïma,Gold,direct,2026-06-01,9999-12-31,True
1029,C02178,Karim Chaoui,25-34,m,Rabat,Rabat-Salé-Kénitra,Gold,referral,2026-06-01,9999-12-31,True
1030,C00151,Mohammed Ouali,65+,m,Errachidia,Drâa-Tafilalet,Gold,social_media,2026-06-01,9999-12-31,True
1031,C02644,Meryem Lahlou,25-34,f,Rabat,Rabat-Salé-Kénitra,Gold,referral,2026-06-01,9999-12-31,True
1032,C02392,Fatima Senhaji,25-34,f,Rabat,Rabat-Salé-Kénitra,Gold,social_media,2026-06-01,9999-12-31,True
1033,C02763,Hassan Idrissi,<18,m,Casablanca,Casablanca-Settat,Bronze,influencer,2026-06-01,9999-12-31,True
1034,C02454,Soukaina Filali,65+,f,Rabat,Rabat-Salé-Kénitra,Gold,influencer,2026-06-01,9999-12-31,True
1035,C00173,Hajar Naciri,65+,f,Safi,Marrakech-Safi,Silver,paid_search,2026-06-01,9999-12-31,True
1036,C02739,Aisha Karimi,65+,f,Marrakech,Marrakech-Safi,Gold,social_media,2026-06-01,9999-12-31,True
1037,C01776,Rim Ziani,65+,f,Béni Mellal,Béni Mellal-Khénifra,Gold,referral,2026-06-01,9999-12-31,True
1038,C02849,Hajar Gharbi,55-64,f,Nador,Oriental,Gold,referral,2026-06-01,9999-12-31,True
1039,C02612,Amine Fassi,35-44,m,Casablanca,Casablanca-Settat,Gold,paid_search,2026-06-01,9999-12-31,True
1040,C02580,Rim Filali,18-24,f,Safi,Marrakech-Safi,Bronze,referral,2026-06-01,9999-12-31,True
1041,C00304,Rim Lahlou,35-44,f,Béni Mellal,Béni Mellal-Khénifra,Gold,email,2026-06-01,9999-12-31,True
1042,C00890,Hajar Rachidi,25-34,f,Rabat,Rabat-Salé-Kénitra,Gold,paid_search,2026-06-01,9999-12-31,True
1043,C01432,Mehdi Rachidi,65+,m,Nador,Oriental,Gold,referral,2026-06-01,9999-12-31,True
1044,C01390,Khadija Karimi,<18,f,Tétouan,Tanger-Tétouan-Al Hoceïma,Gold,email,2026-06-01,9999-12-31,True
1045,C01066,Tariq Karimi,45-54,m,Oujda,Oriental,Bronze,influencer,2026-06-01,9999-12-31,True
1046,C01493,Youssef El Mansouri,<18,m,Oujda,Oriental,Gold,referral,2026-06-01,9999-12-31,True
1047,C02405,Mohammed Idrissi,<18,m,Nador,Oriental,Gold,social_media,2026-06-01,9999-12-31,True
1048,C01361,Rachid Fassi,55-64,m,Errachidia,Drâa-Tafilalet,Gold,referral,2026-06-01,9999-12-31,True
1049,C00048,Adil Fassi,18-24,m,Nador,Oriental,Gold,referral,2026-06-01,9999-12-31,True
1050,C02814,Soukaina Naciri,65+,f,Nador,Oriental,Gold,referral,2026-06-01,9999-12-31,True
1051,C00248,Ahmed Benali,<18,m,Fès,Fès-Meknès,Gold,influencer,2026-06-01,9999-12-31,True
1052,C01561,Sanaa Drissi,65+,f,El Jadida,Casablanca-Settat,Gold,email,2026-06-01,9999-12-31,True
1053,C02066,Hajar El Mansouri,55-64,f,Nador,Oriental,Gold,social_media,2026-06-01,9999-12-31,True
1054,C00845,Khadija Karimi,<18,f,Tanger,Tanger-Tétouan-Al Hoceïma,Gold,social_media,2026-06-01,9999-12-31,True
1055,C01859,Omar Moussaoui,25-34,m,Nador,Oriental,Gold,paid_search,2026-06-01,9999-12-31,True
1056,C02784,Karim Alami,18-24,m,Safi,Marrakech-Safi,Gold,organic,2026-06-01,9999-12-31,True
1057,C01531,Mehdi Lahlou,<18,m,Fès,Fès-Meknès,Gold,direct,2026-06-01,9999-12-31,True
1058,C00231,Houda El Mansouri,65+,f,Agadir,Souss-Massa,Gold,influencer,2026-06-01,9999-12-31,True
1059,C01448,Ayoub Benali,55-64,m,El Jadida,Casablanca-Settat,Gold,direct,2026-06-01,9999-12-31,True
1060,C00706,Yasmine Bensaid,55-64,f,Casablanca,Casablanca-Settat,Bronze,email,2026-06-01,9999-12-31,True
1061,C01618,Rachid Hajji,<18,m,Kenitra,Rabat-Salé-Kénitra,Gold,referral,2026-06-01,9999-12-31,True
1062,C01505,Houda Chaoui,<18,f,Casablanca,Casablanca-Settat,Gold,direct,2026-06-01,9999-12-31,True
1063,C00377,Rachid Hajji,65+,m,Béni Mellal,Béni Mellal-Khénifra,Gold,organic,2026-06-01,9999-12-31,True
1064,C02262,Mohammed Idrissi,25-34,m,Errachidia,Drâa-Tafilalet,Gold,social_media,2026-06-01,9999-12-31,True
1065,C01801,Imane Karimi,<18,f,Fès,Fès-Meknès,Gold,direct,2026-06-01,9999-12-31,True
1066,C02775,Karim El Mansouri,25-34,m,Meknès,Fès-Meknès,Silver,referral,2026-06-01,9999-12-31,True
1067,C01216,Mehdi Chraibi,18-24,m,Tétouan,Tanger-Tétouan-Al Hoceïma,Silver,referral,2026-06-01,9999-12-31,True
1068,C00387,Khadija Hajji,45-54,f,Meknès,Fès-Meknès,Gold,email,2026-06-01,9999-12-31,True
1069,C02495,Ayoub Idrissi,35-44,m,Fès,Fès-Meknès,Gold,referral,2026-06-01,9999-12-31,True
1070,C00362,Nadia Ouali,65+,f,Rabat,Rabat-Salé-Kénitra,Gold,email,2026-06-01,9999-12-31,True
1071,C02007,Sanaa Rachidi,65+,f,Safi,Marrakech-Safi,Gold,direct,2026-06-01,9999-12-31,True
1072,C01248,Fatima Ouali,65+,f,Nador,Oriental,Gold,direct,2026-06-01,9999-12-31,True
1073,C01540,Ayoub Rachidi,35-44,m,Kenitra,Rabat-Salé-Kénitra,Gold,email,2026-06-01,9999-12-31,True
1074,C01856,Adil Alami,65+,m,Kenitra,Rabat-Salé-Kénitra,Gold,social_media,2026-06-01,9999-12-31,True
1075,C00754,Omar Moussaoui,65+,m,Casablanca,Casablanca-Settat,Gold,paid_search,2026-06-01,9999-12-31,True
1076,C00806,Mohammed Idrissi,65+,m,Casablanca,Casablanca-Settat,Gold,referral,2026-06-01,9999-12-31,True
1077,C00849,Soukaina Chraibi,65+,f,Nador,Oriental,Gold,referral,2026-06-01,9999-12-31,True
1078,C00389,Hassan Lahlou,45-54,m,Oujda,Oriental,Gold,email,2026-06-01,9999-12-31,True
1079,C00341,Amine Tazi,65+,m,Marrakech,Marrakech-Safi,Gold,influencer,2026-06-01,9999-12-31,True
1080,C00467,Amine Drissi,65+,m,Fès,Fès-Meknès,Gold,direct,2026-06-01,9999-12-31,True
1081,C00541,Hajar Naciri,65+,f,Oujda,Oriental,Gold,direct,2026-06-01,9999-12-31,True
1082,C01283,Adil Karimi,65+,m,Fès,Fès-Meknès,Gold,organic,2026-06-01,9999-12-31,True
1083,C01039,Hajar Filali,35-44,f,Agadir,Souss-Massa,Gold,paid_search,2026-06-01,9999-12-31,True
1084,C00405,Karim El Mansouri,65+,m,Meknès,Fès-Meknès,Gold,influencer,2026-06-01,9999-12-31,True
1085,C01820,Rim Fassi,55-64,f,Kenitra,Rabat-Salé-Kénitra,Gold,social_media,2026-06-01,9999-12-31,True
1086,C02287,Youssef Filali,35-44,m,Marrakech,Marrakech-Safi,Gold,social_media,2026-06-01,9999-12-31,True
1087,C02394,Amine Alami,45-54,m,Errachidia,Drâa-Tafilalet,Gold,social_media,2026-06-01,9999-12-31,True
1088,C00945,Hassan Fassi,35-44,m,Marrakech,Marrakech-Safi,Gold,influencer,2026-06-01,9999-12-31,True
1089,C00980,Zineb Lahlou,65+,f,Kenitra,Rabat-Salé-Kénitra,Gold,influencer,2026-06-01,9999-12-31,True
1090,C00075,Sanaa Chraibi,18-24,f,Fès,Fès-Meknès,Gold,organic,2026-06-01,9999-12-31,True
1091,C01341,Hicham Gharbi,65+,m,Meknès,Fès-Meknès,Gold,referral,2026-06-01,9999-12-31,True
1092,C02311,Ayoub Naciri,25-34,m,Nador,Oriental,Gold,paid_search,2026-06-01,9999-12-31,True
1093,C00934,Rachid Senhaji,35-44,m,Béni Mellal,Béni Mellal-Khénifra,Gold,direct,2026-06-01,9999-12-31,True
1094,C01240,Khadija Alami,65+,f,Nador,Oriental,Gold,referral,2026-06-01,9999-12-31,True
1095,C02641,Karim Jamai,55-64,m,Casablanca,Casablanca-Settat,Gold,referral,2026-06-01,9999-12-31,True
1096,C00667,Sara El Mansouri,65+,f,Rabat,Rabat-Salé-Kénitra,Bronze,influencer,2026-06-01,9999-12-31,True
1097,C00283,Hassan Jamai,<18,m,Errachidia,Drâa-Tafilalet,Gold,influencer,2026-06-01,9999-12-31,True
1098,C01578,Hicham Tazi,65+,m,Nador,Oriental,Gold,paid_search,2026-06-01,9999-12-31,True
1099,C00928,Ahmed Moussaoui,35-44,m,Kenitra,Rabat-Salé-Kénitra,Gold,referral,2026-06-01,9999-12-31,True
1100,C01912,Hassan Karimi,45-54,m,Nador,Oriental,Gold,paid_search,2026-06-01,9999-12-31,True
1101,C00962,Mehdi Drissi,25-34,m,Tétouan,Tanger-Tétouan-Al Hoceïma,Gold,direct,2026-06-01,9999-12-31,True
1102,C01685,Nadia Jamai,65+,f,Agadir,Souss-Massa,Gold,influencer,2026-06-01,9999-12-31,True
1103,C00221,Hajar Gharbi,65+,f,Errachidia,Drâa-Tafilalet,Gold,direct,2026-06-01,9999-12-31,True
1104,C00997,Leila Idrissi,65+,f,Fès,Fès-Meknès,Gold,influencer,2026-06-01,9999-12-31,True
1105,C01055,Khadija Naciri,55-64,f,Tanger,Tanger-Tétouan-Al Hoceïma,Gold,organic,2026-06-01,9999-12-31,True
1106,C01241,Mehdi Bensaid,55-64,m,Rabat,Rabat-Salé-Kénitra,Gold,influencer,2026-06-01,9999-12-31,True
1107,C01623,Omar Drissi,65+,m,Tanger,Tanger-Tétouan-Al Hoceïma,Gold,social_media,2026-06-01,9999-12-31,True
1108,C02525,Rachid Naciri,<18,m,Meknès,Fès-Meknès,Gold,influencer,2026-06-01,9999-12-31,True
1109,C02208,Yasmine Bensaid,55-64,f,El Jadida,Casablanca-Settat,Gold,paid_search,2026-06-01,9999-12-31,True
1110,C01886,Karim Karimi,55-64,m,Marrakech,Marrakech-Safi,Gold,referral,2026-06-01,9999-12-31,True
1111,C00988,Aisha Hajji,65+,f,Meknès,Fès-Meknès,Gold,direct,2026-06-01,9999-12-31,True
1112,C00189,Sara Moussaoui,25-34,f,Marrakech,Marrakech-Safi,Gold,social_media,2026-06-01,9999-12-31,True
1113,C02856,Meryem Filali,35-44,f,Casablanca,Casablanca-Settat,Silver,paid_search,2026-06-01,9999-12-31,True
1114,C00011,Meryem Fassi,45-54,f,Fès,Fès-Meknès,Gold,influencer,2026-06-01,9999-12-31,True
1115,C02455,Fatima Rachidi,65+,f,Safi,Marrakech-Safi,Gold,referral,2026-06-01,9999-12-31,True
1116,C02581,Adil Karimi,65+,m,Fès,Fès-Meknès,Gold,email,2026-06-01,9999-12-31,True
1117,C00280,Rachid Karimi,65+,m,El Jadida,Casablanca-Settat,Gold,influencer,2026-06-01,9999-12-31,True
1118,C00831,Mohammed Benali,<18,m,Meknès,Fès-Meknès,Gold,social_media,2026-06-01,9999-12-31,True
1119,C01949,Mohammed Tazi,55-64,m,Casablanca,Casablanca-Settat,Gold,social_media,2026-06-01,9999-12-31,True
1120,C00047,Hicham Alami,65+,m,Fès,Fès-Meknès,Gold,referral,2026-06-01,9999-12-31,True
1121,C02767,Tariq Drissi,45-54,m,Nador,Oriental,Gold,referral,2026-06-01,9999-12-31,True
1122,C02374,Hajar Fassi,35-44,f,Marrakech,Marrakech-Safi,Gold,organic,2026-06-01,9999-12-31,True
1123,C00418,Samir Jamai,65+,m,Errachidia,Drâa-Tafilalet,Gold,email,2026-06-01,9999-12-31,True
1124,C01463,Houda Benali,65+,f,Fès,Fès-Meknès,Gold,paid_search,2026-06-01,9999-12-31,True
1125,C01520,Soukaina Chraibi,65+,f,Casablanca,Casablanca-Settat,Gold,social_media,2026-06-01,9999-12-31,True
1126,C00910,Ayoub Rachidi,25-34,m,Agadir,Souss-Massa,Gold,email,2026-06-01,9999-12-31,True
1127,C02561,Hassan Moussaoui,35-44,m,Fès,Fès-Meknès,Gold,paid_search,2026-06-01,9999-12-31,True
1128,C02679,Rachid Ziani,25-34,m,Fès,Fès-Meknès,Gold,social_media,2026-06-01,9999-12-31,True
1129,C01880,Zineb Bensaid,25-34,f,Agadir,Souss-Massa,Gold,email,2026-06-01,9999-12-31,True
1130,C00107,Amine Jamai,18-24,m,Kenitra,Rabat-Salé-Kénitra,Gold,direct,2026-06-01,9999-12-31,True
1131,C02025,Sanaa Idrissi,55-64,f,Agadir,Souss-Massa,Gold,social_media,2026-06-01,9999-12-31,True
1132,C00983,Houda Tazi,35-44,f,Fès,Fès-Meknès,Gold,direct,2026-06-01,9999-12-31,True
1133,C00681,Rim Gharbi,55-64,f,Safi,Marrakech-Safi,Gold,paid_search,2026-06-01,9999-12-31,True
1134,C02968,Sara Senhaji,55-64,f,Safi,Marrakech-Safi,Gold,paid_search,2026-06-01,9999-12-31,True
1135,C02351,Nadia El Mansouri,65+,f,Oujda,Oriental,Gold,paid_search,2026-06-01,9999-12-31,True
1136,C01645,Adil Idrissi,35-44,m,Béni Mellal,Béni Mellal-Khénifra,Gold,organic,2026-06-01,9999-12-31,True
1137,C02754,Fatima Tazi,65+,f,Casablanca,Casablanca-Settat,Gold,direct,2026-06-01,9999-12-31,True
1138,C00521,Yasmine Drissi,65+,f,Rabat,Rabat-Salé-Kénitra,Gold,direct,2026-06-01,9999-12-31,True
1139,C00590,Fatima Drissi,65+,f,Tétouan,Tanger-Tétouan-Al Hoceïma,Gold,influencer,2026-06-01,9999-12-31,True
1140,C01450,Leila Bensaid,45-54,f,Béni Mellal,Béni Mellal-Khénifra,Gold,social_media,2026-06-01,9999-12-31,True
1141,C02635,Rachid Rachidi,45-54,m,Nador,Oriental,Gold,paid_search,2026-06-01,9999-12-31,True
1142,C00873,Mehdi Moussaoui,18-24,m,Tanger,Tanger-Tétouan-Al Hoceïma,Bronze,paid_search,2026-06-01,9999-12-31,True
1143,C00786,Ahmed Karimi,55-64,m,Errachidia,Drâa-Tafilalet,Gold,organic,2026-06-01,9999-12-31,True
1144,C00475,Amine Idrissi,18-24,m,Errachidia,Drâa-Tafilalet,Gold,referral,2026-06-01,9999-12-31,True
1145,C02715,Ahmed Chraibi,65+,m,Casablanca,Casablanca-Settat,Gold,paid_search,2026-06-01,9999-12-31,True
1146,C00250,Sanaa El Mansouri,65+,f,Béni Mellal,Béni Mellal-Khénifra,Gold,direct,2026-06-01,9999-12-31,True
1147,C00163,Sara Ouali,65+,f,El Jadida,Casablanca-Settat,Gold,paid_search,2026-06-01,9999-12-31,True
1148,C02226,Omar Chaoui,25-34,m,Nador,Oriental,Gold,influencer,2026-06-01,9999-12-31,True
1149,C00002,Mehdi Gharbi,65+,m,El Jadida,Casablanca-Settat,Gold,email,2026-06-01,9999-12-31,True
1150,C00006,Tariq Chraibi,35-44,m,Marrakech,Marrakech-Safi,Gold,social_media,2026-06-01,9999-12-31,True
1151,C00007,Adil Karimi,65+,m,Nador,Oriental,Gold,email,2026-06-01,9999-12-31,True
1152,C00008,Omar Tazi,65+,m,Agadir,Souss-Massa,Gold,influencer,2026-06-01,9999-12-31,True
1153,C00009,Hicham Drissi,65+,m,Oujda,Oriental,Gold,referral,2026-06-01,9999-12-31,True
1154,C00013,Adil Tazi,65+,m,Marrakech,Marrakech-Safi,Gold,direct,2026-06-01,9999-12-31,True
1155,C00015,Tariq Hajji,18-24,m,Errachidia,Drâa-Tafilalet,Gold,email,2026-06-01,9999-12-31,True
1156,C00016,Leila Tazi,45-54,f,Fès,Fès-Meknès,Gold,paid_search,2026-06-01,9999-12-31,True
1157,C00018,Zineb Hajji,65+,f,Nador,Oriental,Gold,social_media,2026-06-01,9999-12-31,True
1158,C00020,Sara Gharbi,65+,f,Béni Mellal,Béni Mellal-Khénifra,Bronze,referral,2026-06-01,9999-12-31,True
1159,C00022,Rim Ziani,45-54,f,Fès,Fès-Meknès,Gold,email,2026-06-01,9999-12-31,True
1160,C00025,Yasmine Filali,25-34,f,Marrakech,Marrakech-Safi,Gold,social_media,2026-06-01,9999-12-31,True
1161,C00026,Meryem Rachidi,65+,f,Tanger,Tanger-Tétouan-Al Hoceïma,Gold,social_media,2026-06-01,9999-12-31,True
1162,C00028,Hassan Lahlou,35-44,m,Agadir,Souss-Massa,Gold,social_media,2026-06-01,9999-12-31,True
1163,C00029,Adil Fassi,55-64,m,Marrakech,Marrakech-Safi,Gold,influencer,2026-06-01,9999-12-31,True
1164,C00031,Sanaa Chraibi,65+,f,Casablanca,Casablanca-Settat,Gold,email,2026-06-01,9999-12-31,True
1165,C00033,Fatima Senhaji,<18,f,Oujda,Oriental,Gold,direct,2026-06-01,9999-12-31,True
1166,C00034,Nabil Jamai,55-64,m,Kenitra,Rabat-Salé-Kénitra,Gold,paid_search,2026-06-01,9999-12-31,True
1167,C00035,Tariq Ziani,<18,m,Fès,Fès-Meknès,Gold,paid_search,2026-06-01,9999-12-31,True
1168,C00037,Samir Jamai,18-24,m,Tétouan,Tanger-Tétouan-Al Hoceïma,Gold,referral,2026-06-01,9999-12-31,True
1169,C00038,Nabil Moussaoui,65+,m,El Jadida,Casablanca-Settat,Bronze,direct,2026-06-01,9999-12-31,True
1170,C00039,Fatima Tazi,65+,f,Tétouan,Tanger-Tétouan-Al Hoceïma,Bronze,referral,2026-06-01,9999-12-31,True
1171,C00040,Imane Tazi,65+,f,El Jadida,Casablanca-Settat,Gold,referral,2026-06-01,9999-12-31,True
1172,C00042,Hajar El Mansouri,65+,f,Meknès,Fès-Meknès,Gold,paid_search,2026-06-01,9999-12-31,True
1173,C00043,Hicham Ziani,45-54,m,Kenitra,Rabat-Salé-Kénitra,Gold,paid_search,2026-06-01,9999-12-31,True
1174,C00044,Hassan Naciri,<18,m,Safi,Marrakech-Safi,Gold,paid_search,2026-06-01,9999-12-31,True
1175,C00046,Nadia Naciri,65+,f,Fès,Fès-Meknès,Gold,social_media,2026-06-01,9999-12-31,True
1176,C00051,Zineb Naciri,45-54,f,Errachidia,Drâa-Tafilalet,Gold,referral,2026-06-01,9999-12-31,True
1177,C00052,Sanaa Alami,35-44,f,Agadir,Souss-Massa,Gold,referral,2026-06-01,9999-12-31,True
1178,C00053,Mehdi Gharbi,65+,m,Béni Mellal,Béni Mellal-Khénifra,Gold,influencer,2026-06-01,9999-12-31,True
1179,C00054,Ahmed Jamai,45-54,m,Meknès,Fès-Meknès,Gold,direct,2026-06-01,9999-12-31,True
1180,C00055,Sanaa Ouali,25-34,f,Casablanca,Casablanca-Settat,Gold,email,2026-06-01,9999-12-31,True
1181,C00056,Aisha Gharbi,45-54,f,Rabat,Rabat-Salé-Kénitra,Gold,direct,2026-06-01,9999-12-31,True
1182,C00057,Samir Rachidi,65+,m,Agadir,Souss-Massa,Gold,paid_search,2026-06-01,9999-12-31,True
1183,C00058,Hicham Chaoui,65+,m,Rabat,Rabat-Salé-Kénitra,Gold,organic,2026-06-01,9999-12-31,True
1184,C00059,Khadija Bensaid,65+,f,Errachidia,Drâa-Tafilalet,Gold,email,2026-06-01,9999-12-31,True
1185,C00061,Hajar Bensaid,45-54,f,Casablanca,Casablanca-Settat,Gold,referral,2026-06-01,9999-12-31,True
1186,C00062,Amine Drissi,45-54,m,Tanger,Tanger-Tétouan-Al Hoceïma,Gold,referral,2026-06-01,9999-12-31,True
1187,C00064,Khadija Idrissi,<18,f,Tanger,Tanger-Tétouan-Al Hoceïma,Gold,social_media,2026-06-01,9999-12-31,True
1188,C00067,Imane Senhaji,65+,f,Tanger,Tanger-Tétouan-Al Hoceïma,Gold,paid_search,2026-06-01,9999-12-31,True
1189,C00068,Soukaina Benali,45-54,f,Casablanca,Casablanca-Settat,Gold,direct,2026-06-01,9999-12-31,True
1190,C00070,Houda Rachidi,25-34,f,Errachidia,Drâa-Tafilalet,Gold,influencer,2026-06-01,9999-12-31,True
1191,C00074,Nabil El Mansouri,45-54,m,Béni Mellal,Béni Mellal-Khénifra,Gold,influencer,2026-06-01,9999-12-31,True
1192,C00077,Khadija Filali,25-34,f,Tétouan,Tanger-Tétouan-Al Hoceïma,Gold,social_media,2026-06-01,9999-12-31,True
1193,C00078,Rachid Chraibi,<18,m,Nador,Oriental,Gold,referral,2026-06-01,9999-12-31,True
1194,C00080,Hajar Jamai,65+,f,Béni Mellal,Béni Mellal-Khénifra,Gold,referral,2026-06-01,9999-12-31,True
1195,C00084,Fatima Idrissi,<18,f,Oujda,Oriental,Gold,paid_search,2026-06-01,9999-12-31,True
1196,C00086,Zineb Drissi,25-34,f,Agadir,Souss-Massa,Gold,direct,2026-06-01,9999-12-31,True
1197,C00087,Ayoub Naciri,65+,m,Tanger,Tanger-Tétouan-Al Hoceïma,Gold,social_media,2026-06-01,9999-12-31,True
1198,C00088,Aisha Filali,65+,f,Oujda,Oriental,Gold,influencer,2026-06-01,9999-12-31,True
1199,C00089,Aisha Filali,18-24,f,Rabat,Rabat-Salé-Kénitra,Gold,referral,2026-06-01,9999-12-31,True
1200,C00093,Zineb Chraibi,65+,f,Nador,Oriental,Gold,organic,2026-06-01,9999-12-31,True
1201,C00094,Karim Bensaid,65+,m,Béni Mellal,Béni Mellal-Khénifra,Gold,paid_search,2026-06-01,9999-12-31,True
1202,C00095,Aisha Drissi,35-44,f,Errachidia,Drâa-Tafilalet,Gold,paid_search,2026-06-01,9999-12-31,True
1203,C00096,Hajar Drissi,45-54,f,Nador,Oriental,Gold,organic,2026-06-01,9999-12-31,True
1204,C00098,Imane Benali,55-64,f,Kenitra,Rabat-Salé-Kénitra,Gold,influencer,2026-06-01,9999-12-31,True
1205,C00099,Karim Tazi,65+,m,Safi,Marrakech-Safi,Gold,email,2026-06-01,9999-12-31,True
1206,C00100,Youssef Idrissi,55-64,m,Safi,Marrakech-Safi,Gold,social_media,2026-06-01,9999-12-31,True
1207,C00101,Ahmed Senhaji,55-64,m,El Jadida,Casablanca-Settat,Gold,social_media,2026-06-01,9999-12-31,True
1208,C00102,Adil Bensaid,65+,m,Oujda,Oriental,Gold,email,2026-06-01,9999-12-31,True
1209,C00104,Adil Idrissi,65+,m,Oujda,Oriental,Gold,direct,2026-06-01,9999-12-31,True
1210,C00105,Aisha Moussaoui,18-24,f,Oujda,Oriental,Gold,email,2026-06-01,9999-12-31,True
1211,C00106,Amine Alami,65+,m,Oujda,Oriental,Bronze,referral,2026-06-01,9999-12-31,True
1212,C00108,Omar Drissi,65+,m,El Jadida,Casablanca-Settat,Gold,influencer,2026-06-01,9999-12-31,True
1213,C00110,Karim Senhaji,55-64,m,Nador,Oriental,Gold,paid_search,2026-06-01,9999-12-31,True
1214,C00111,Rachid Ziani,25-34,m,Casablanca,Casablanca-Settat,Gold,organic,2026-06-01,9999-12-31,True
1215,C00112,Nabil Ouali,55-64,m,Oujda,Oriental,Gold,direct,2026-06-01,9999-12-31,True
1216,C00115,Samir Filali,35-44,m,El Jadida,Casablanca-Settat,Gold,social_media,2026-06-01,9999-12-31,True
1217,C00117,Nabil Ouali,65+,m,El Jadida,Casablanca-Settat,Gold,email,2026-06-01,9999-12-31,True
1218,C00118,Yasmine Gharbi,45-54,f,Kenitra,Rabat-Salé-Kénitra,Gold,social_media,2026-06-01,9999-12-31,True
1219,C00119,Fatima Chraibi,65+,f,Casablanca,Casablanca-Settat,Gold,social_media,2026-06-01,9999-12-31,True
1220,C00120,Aisha Hajji,65+,f,Kenitra,Rabat-Salé-Kénitra,Gold,email,2026-06-01,9999-12-31,True
1221,C00121,Mohammed Karimi,25-34,m,Marrakech,Marrakech-Safi,Gold,paid_search,2026-06-01,9999-12-31,True
1222,C00123,Rim Bensaid,65+,f,Nador,Oriental,Gold,referral,2026-06-01,9999-12-31,True
1223,C00127,Ayoub Benali,65+,m,Tanger,Tanger-Tétouan-Al Hoceïma,Gold,organic,2026-06-01,9999-12-31,True
1224,C00128,Nadia Drissi,65+,f,Rabat,Rabat-Salé-Kénitra,Gold,referral,2026-06-01,9999-12-31,True
1225,C00129,Soukaina Chaoui,35-44,f,Agadir,Souss-Massa,Gold,email,2026-06-01,9999-12-31,True
1226,C00132,Tariq El Mansouri,18-24,m,Kenitra,Rabat-Salé-Kénitra,Gold,social_media,2026-06-01,9999-12-31,True
1227,C00134,Rachid Fassi,55-64,m,Kenitra,Rabat-Salé-Kénitra,Gold,direct,2026-06-01,9999-12-31,True
1228,C00137,Rachid Ouali,65+,m,El Jadida,Casablanca-Settat,Gold,organic,2026-06-01,9999-12-31,True
1229,C00139,Sara Chraibi,35-44,f,Rabat,Rabat-Salé-Kénitra,Gold,referral,2026-06-01,9999-12-31,True
1230,C00140,Imane Ziani,65+,f,El Jadida,Casablanca-Settat,Gold,paid_search,2026-06-01,9999-12-31,True
1231,C00141,Rim Jamai,45-54,f,Béni Mellal,Béni Mellal-Khénifra,Gold,paid_search,2026-06-01,9999-12-31,True
1232,C00143,Aisha Idrissi,55-64,f,Fès,Fès-Meknès,Gold,social_media,2026-06-01,9999-12-31,True
1233,C00147,Meryem Lahlou,65+,f,Tanger,Tanger-Tétouan-Al Hoceïma,Gold,social_media,2026-06-01,9999-12-31,True
1234,C00148,Karim Bensaid,45-54,m,Kenitra,Rabat-Salé-Kénitra,Bronze,email,2026-06-01,9999-12-31,True
1235,C00149,Imane Alami,65+,f,Tétouan,Tanger-Tétouan-Al Hoceïma,Gold,influencer,2026-06-01,9999-12-31,True
1236,C00150,Nabil Benali,65+,m,Safi,Marrakech-Safi,Gold,organic,2026-06-01,9999-12-31,True
1237,C00153,Omar Idrissi,45-54,m,Béni Mellal,Béni Mellal-Khénifra,Bronze,referral,2026-06-01,9999-12-31,True
1238,C00154,Nadia Drissi,55-64,f,Tanger,Tanger-Tétouan-Al Hoceïma,Gold,direct,2026-06-01,9999-12-31,True
1239,C00155,Hajar Rachidi,65+,f,Casablanca,Casablanca-Settat,Gold,referral,2026-06-01,9999-12-31,True
1240,C00156,Samir Hajji,25-34,m,Kenitra,Rabat-Salé-Kénitra,Gold,paid_search,2026-06-01,9999-12-31,True
1241,C00157,Rim Gharbi,25-34,f,Kenitra,Rabat-Salé-Kénitra,Gold,influencer,2026-06-01,9999-12-31,True
1242,C00158,Ayoub Benali,45-54,m,Marrakech,Marrakech-Safi,Gold,direct,2026-06-01,9999-12-31,True
1243,C00159,Yasmine El Mansouri,25-34,f,Béni Mellal,Béni Mellal-Khénifra,Gold,organic,2026-06-01,9999-12-31,True
1244,C00164,Aisha Ziani,35-44,f,Rabat,Rabat-Salé-Kénitra,Gold,direct,2026-06-01,9999-12-31,True
1245,C00166,Hajar Alami,65+,f,Oujda,Oriental,Gold,organic,2026-06-01,9999-12-31,True
1246,C00168,Samir Lahlou,25-34,m,El Jadida,Casablanca-Settat,Gold,referral,2026-06-01,9999-12-31,True
1247,C00169,Meryem Moussaoui,45-54,f,Tanger,Tanger-Tétouan-Al Hoceïma,Gold,organic,2026-06-01,9999-12-31,True
1248,C00172,Amine Jamai,35-44,m,Meknès,Fès-Meknès,Gold,influencer,2026-06-01,9999-12-31,True
1249,C00174,Mehdi Naciri,45-54,m,Agadir,Souss-Massa,Gold,organic,2026-06-01,9999-12-31,True
1250,C00176,Ayoub Gharbi,45-54,m,Oujda,Oriental,Gold,paid_search,2026-06-01,9999-12-31,True
1251,C00177,Meryem Chraibi,65+,f,El Jadida,Casablanca-Settat,Gold,social_media,2026-06-01,9999-12-31,True
1252,C00181,Omar Senhaji,65+,m,Tanger,Tanger-Tétouan-Al Hoceïma,Gold,organic,2026-06-01,9999-12-31,True
1253,C00182,Meryem Jamai,35-44,f,Kenitra,Rabat-Salé-Kénitra,Gold,email,2026-06-01,9999-12-31,True
1254,C00183,Nadia Moussaoui,45-54,f,Nador,Oriental,Gold,organic,2026-06-01,9999-12-31,True
1255,C00184,Houda Moussaoui,25-34,f,Nador,Oriental,Gold,organic,2026-06-01,9999-12-31,True
1256,C00186,Adil Moussaoui,65+,m,Agadir,Souss-Massa,Gold,referral,2026-06-01,9999-12-31,True
1257,C00188,Leila Lahlou,65+,f,El Jadida,Casablanca-Settat,Gold,organic,2026-06-01,9999-12-31,True
1258,C00190,Youssef Naciri,18-24,m,Kenitra,Rabat-Salé-Kénitra,Gold,influencer,2026-06-01,9999-12-31,True
1259,C00192,Zineb El Mansouri,65+,f,Marrakech,Marrakech-Safi,Gold,social_media,2026-06-01,9999-12-31,True
1260,C00193,Aisha El Mansouri,65+,f,Meknès,Fès-Meknès,Gold,social_media,2026-06-01,9999-12-31,True
1261,C00194,Sanaa Bensaid,65+,f,Béni Mellal,Béni Mellal-Khénifra,Gold,influencer,2026-06-01,9999-12-31,True
1262,C00195,Karim Moussaoui,35-44,m,Rabat,Rabat-Salé-Kénitra,Gold,paid_search,2026-06-01,9999-12-31,True
1263,C00196,Rachid Jamai,65+,m,Nador,Oriental,Gold,direct,2026-06-01,9999-12-31,True
1264,C00197,Soukaina Moussaoui,65+,f,Errachidia,Drâa-Tafilalet,Gold,email,2026-06-01,9999-12-31,True
1265,C00199,Rachid Lahlou,65+,m,Tanger,Tanger-Tétouan-Al Hoceïma,Gold,organic,2026-06-01,9999-12-31,True
1266,C00200,Hicham El Mansouri,65+,m,Meknès,Fès-Meknès,Gold,email,2026-06-01,9999-12-31,True
1267,C00202,Leila Moussaoui,65+,f,Errachidia,Drâa-Tafilalet,Gold,organic,2026-06-01,9999-12-31,True
1268,C00204,Meryem Chraibi,25-34,f,Safi,Marrakech-Safi,Gold,direct,2026-06-01,9999-12-31,True
1269,C00207,Khadija Benali,35-44,f,Kenitra,Rabat-Salé-Kénitra,Gold,paid_search,2026-06-01,9999-12-31,True
1270,C00208,Zineb Fassi,45-54,f,Fès,Fès-Meknès,Gold,direct,2026-06-01,9999-12-31,True
1271,C00210,Nabil Chraibi,65+,m,Safi,Marrakech-Safi,Gold,social_media,2026-06-01,9999-12-31,True
1272,C00211,Adil Ziani,65+,m,Rabat,Rabat-Salé-Kénitra,Gold,referral,2026-06-01,9999-12-31,True
1273,C00212,Khadija Tazi,65+,f,Errachidia,Drâa-Tafilalet,Gold,organic,2026-06-01,9999-12-31,True
1274,C00213,Imane Chraibi,45-54,f,Rabat,Rabat-Salé-Kénitra,Gold,paid_search,2026-06-01,9999-12-31,True
1275,C00214,Aisha Chraibi,<18,f,Meknès,Fès-Meknès,Gold,influencer,2026-06-01,9999-12-31,True
1276,C00216,Meryem Ziani,<18,f,Casablanca,Casablanca-Settat,Gold,social_media,2026-06-01,9999-12-31,True
1277,C00220,Ahmed Karimi,25-34,m,Kenitra,Rabat-Salé-Kénitra,Gold,paid_search,2026-06-01,9999-12-31,True
1278,C00222,Sanaa Naciri,45-54,f,Tétouan,Tanger-Tétouan-Al Hoceïma,Gold,direct,2026-06-01,9999-12-31,True
1279,C00224,Rim Bensaid,55-64,f,Safi,Marrakech-Safi,Gold,influencer,2026-06-01,9999-12-31,True
1280,C00225,Soukaina Chaoui,18-24,f,Kenitra,Rabat-Salé-Kénitra,Gold,paid_search,2026-06-01,9999-12-31,True
1281,C00227,Hassan Naciri,65+,m,Tétouan,Tanger-Tétouan-Al Hoceïma,Gold,direct,2026-06-01,9999-12-31,True
1282,C00229,Hajar Drissi,65+,f,Béni Mellal,Béni Mellal-Khénifra,Gold,referral,2026-06-01,9999-12-31,True
1283,C00232,Tariq Lahlou,35-44,m,Oujda,Oriental,Gold,email,2026-06-01,9999-12-31,True
1284,C00233,Aisha Tazi,45-54,f,Meknès,Fès-Meknès,Gold,influencer,2026-06-01,9999-12-31,True
1285,C00235,Imane Jamai,65+,f,Béni Mellal,Béni Mellal-Khénifra,Gold,influencer,2026-06-01,9999-12-31,True
1286,C00236,Hajar Lahlou,65+,f,Tétouan,Tanger-Tétouan-Al Hoceïma,Gold,social_media,2026-06-01,9999-12-31,True
1287,C00238,Youssef Drissi,65+,m,Meknès,Fès-Meknès,Gold,organic,2026-06-01,9999-12-31,True
1288,C00241,Youssef Gharbi,65+,m,Tétouan,Tanger-Tétouan-Al Hoceïma,Silver,social_media,2026-06-01,9999-12-31,True
1289,C00244,Fatima Chaoui,65+,f,El Jadida,Casablanca-Settat,Gold,paid_search,2026-06-01,9999-12-31,True
1290,C00245,Sanaa Ziani,55-64,f,Tanger,Tanger-Tétouan-Al Hoceïma,Gold,influencer,2026-06-01,9999-12-31,True
1291,C00249,Fatima Alami,25-34,f,Casablanca,Casablanca-Settat,Gold,email,2026-06-01,9999-12-31,True
1292,C00252,Samir Ziani,45-54,m,Rabat,Rabat-Salé-Kénitra,Gold,direct,2026-06-01,9999-12-31,True
1293,C00253,Zineb Alami,45-54,f,Tanger,Tanger-Tétouan-Al Hoceïma,Gold,social_media,2026-06-01,9999-12-31,True
1294,C00255,Ahmed Karimi,25-34,m,Tétouan,Tanger-Tétouan-Al Hoceïma,Gold,social_media,2026-06-01,9999-12-31,True
1295,C00259,Hassan Ouali,18-24,m,Casablanca,Casablanca-Settat,Gold,referral,2026-06-01,9999-12-31,True
1296,C00261,Mehdi Ziani,65+,m,El Jadida,Casablanca-Settat,Gold,influencer,2026-06-01,9999-12-31,True
1297,C00264,Ayoub Drissi,55-64,m,Oujda,Oriental,Gold,organic,2026-06-01,9999-12-31,True
1298,C00265,Hassan Moussaoui,18-24,m,Béni Mellal,Béni Mellal-Khénifra,Gold,email,2026-06-01,9999-12-31,True
1299,C00266,Fatima Karimi,<18,f,Rabat,Rabat-Salé-Kénitra,Gold,email,2026-06-01,9999-12-31,True
1300,C00267,Khadija Chraibi,65+,f,Safi,Marrakech-Safi,Gold,organic,2026-06-01,9999-12-31,True
1301,C00269,Hajar Gharbi,65+,f,Fès,Fès-Meknès,Gold,influencer,2026-06-01,9999-12-31,True
1302,C00270,Khadija Tazi,<18,f,Tanger,Tanger-Tétouan-Al Hoceïma,Gold,influencer,2026-06-01,9999-12-31,True
1303,C00271,Hicham Hajji,65+,m,Safi,Marrakech-Safi,Gold,referral,2026-06-01,9999-12-31,True
1304,C00274,Nadia Chraibi,65+,f,Rabat,Rabat-Salé-Kénitra,Gold,influencer,2026-06-01,9999-12-31,True
1305,C00275,Rim Karimi,45-54,f,Oujda,Oriental,Gold,referral,2026-06-01,9999-12-31,True
1306,C00277,Sara Idrissi,<18,f,Fès,Fès-Meknès,Gold,paid_search,2026-06-01,9999-12-31,True
1307,C00278,Sanaa Idrissi,18-24,f,Tétouan,Tanger-Tétouan-Al Hoceïma,Gold,influencer,2026-06-01,9999-12-31,True
1308,C00279,Meryem Jamai,35-44,f,Tétouan,Tanger-Tétouan-Al Hoceïma,Silver,social_media,2026-06-01,9999-12-31,True
1309,C00281,Youssef Bensaid,55-64,m,Kenitra,Rabat-Salé-Kénitra,Gold,influencer,2026-06-01,9999-12-31,True
1310,C00286,Zineb El Mansouri,65+,f,Tétouan,Tanger-Tétouan-Al Hoceïma,Gold,organic,2026-06-01,9999-12-31,True
1311,C00290,Houda Drissi,35-44,f,Errachidia,Drâa-Tafilalet,Gold,organic,2026-06-01,9999-12-31,True
1312,C00293,Rachid Rachidi,65+,m,Béni Mellal,Béni Mellal-Khénifra,Gold,direct,2026-06-01,9999-12-31,True
1313,C00297,Ahmed Moussaoui,65+,m,Errachidia,Drâa-Tafilalet,Gold,email,2026-06-01,9999-12-31,True
1314,C00298,Imane Benali,65+,f,Béni Mellal,Béni Mellal-Khénifra,Gold,organic,2026-06-01,9999-12-31,True
1315,C00300,Ahmed Moussaoui,55-64,m,Tanger,Tanger-Tétouan-Al Hoceïma,Gold,paid_search,2026-06-01,9999-12-31,True
1316,C00301,Rachid Alami,65+,m,El Jadida,Casablanca-Settat,Gold,social_media,2026-06-01,9999-12-31,True
1317,C00302,Amine Filali,55-64,m,Errachidia,Drâa-Tafilalet,Gold,email,2026-06-01,9999-12-31,True
1318,C00306,Samir Benali,45-54,m,Safi,Marrakech-Safi,Gold,organic,2026-06-01,9999-12-31,True
1319,C00307,Imane Ouali,35-44,f,Fès,Fès-Meknès,Gold,paid_search,2026-06-01,9999-12-31,True
1320,C00308,Soukaina Filali,35-44,f,Safi,Marrakech-Safi,Gold,email,2026-06-01,9999-12-31,True
1321,C00310,Youssef Ziani,25-34,m,Errachidia,Drâa-Tafilalet,Gold,direct,2026-06-01,9999-12-31,True
1322,C00311,Zineb Ziani,65+,f,Kenitra,Rabat-Salé-Kénitra,Gold,referral,2026-06-01,9999-12-31,True
1323,C00312,Aisha Lahlou,45-54,f,Kenitra,Rabat-Salé-Kénitra,Gold,organic,2026-06-01,9999-12-31,True
1324,C00315,Adil Tazi,65+,m,Safi,Marrakech-Safi,Gold,direct,2026-06-01,9999-12-31,True
1325,C00316,Rim Chaoui,18-24,f,El Jadida,Casablanca-Settat,Gold,social_media,2026-06-01,9999-12-31,True
1326,C00318,Yasmine Senhaji,25-34,f,Oujda,Oriental,Bronze,referral,2026-06-01,9999-12-31,True
1327,C00325,Ayoub Tazi,18-24,m,Nador,Oriental,Gold,referral,2026-06-01,9999-12-31,True
1328,C00326,Ayoub Benali,65+,m,Oujda,Oriental,Gold,social_media,2026-06-01,9999-12-31,True
1329,C00327,Meryem Senhaji,65+,f,Rabat,Rabat-Salé-Kénitra,Bronze,referral,2026-06-01,9999-12-31,True
1330,C00329,Houda Rachidi,65+,f,Béni Mellal,Béni Mellal-Khénifra,Gold,email,2026-06-01,9999-12-31,True
1331,C00333,Tariq Ziani,65+,m,Rabat,Rabat-Salé-Kénitra,Gold,referral,2026-06-01,9999-12-31,True
1332,C00336,Mehdi Senhaji,35-44,m,Tétouan,Tanger-Tétouan-Al Hoceïma,Gold,organic,2026-06-01,9999-12-31,True
1333,C00338,Soukaina Moussaoui,<18,f,Oujda,Oriental,Gold,influencer,2026-06-01,9999-12-31,True
1334,C00340,Houda Lahlou,45-54,f,Tétouan,Tanger-Tétouan-Al Hoceïma,Gold,paid_search,2026-06-01,9999-12-31,True
1335,C00346,Mehdi Alami,65+,m,Agadir,Souss-Massa,Gold,paid_search,2026-06-01,9999-12-31,True
1336,C00347,Khadija Alami,18-24,f,Agadir,Souss-Massa,Gold,influencer,2026-06-01,9999-12-31,True
1337,C00349,Samir Hajji,65+,m,Fès,Fès-Meknès,Gold,influencer,2026-06-01,9999-12-31,True
1338,C00350,Aisha Tazi,65+,f,Béni Mellal,Béni Mellal-Khénifra,Gold,social_media,2026-06-01,9999-12-31,True
1339,C00351,Hicham Idrissi,65+,m,El Jadida,Casablanca-Settat,Gold,direct,2026-06-01,9999-12-31,True
1340,C00353,Houda Hajji,65+,f,Tanger,Tanger-Tétouan-Al Hoceïma,Gold,influencer,2026-06-01,9999-12-31,True
1341,C00354,Rachid Drissi,<18,m,Tétouan,Tanger-Tétouan-Al Hoceïma,Gold,email,2026-06-01,9999-12-31,True
1342,C00355,Mehdi Idrissi,55-64,m,Oujda,Oriental,Gold,email,2026-06-01,9999-12-31,True
1343,C00356,Nadia Ouali,35-44,f,El Jadida,Casablanca-Settat,Gold,social_media,2026-06-01,9999-12-31,True
1344,C00360,Sanaa Karimi,25-34,f,Marrakech,Marrakech-Safi,Gold,direct,2026-06-01,9999-12-31,True
1345,C00363,Omar Fassi,65+,m,Tanger,Tanger-Tétouan-Al Hoceïma,Gold,organic,2026-06-01,9999-12-31,True
1346,C00365,Imane Rachidi,25-34,f,Tétouan,Tanger-Tétouan-Al Hoceïma,Silver,referral,2026-06-01,9999-12-31,True
1347,C00367,Mohammed Senhaji,<18,m,Marrakech,Marrakech-Safi,Gold,influencer,2026-06-01,9999-12-31,True
1348,C00371,Hajar Alami,55-64,f,El Jadida,Casablanca-Settat,Silver,organic,2026-06-01,9999-12-31,True
1349,C00374,Nabil Tazi,35-44,m,Safi,Marrakech-Safi,Gold,email,2026-06-01,9999-12-31,True
1350,C00375,Youssef Idrissi,18-24,m,Béni Mellal,Béni Mellal-Khénifra,Gold,social_media,2026-06-01,9999-12-31,True
1351,C00376,Rachid Chaoui,65+,m,Agadir,Souss-Massa,Gold,organic,2026-06-01,9999-12-31,True
1352,C00378,Hajar Ouali,65+,f,Agadir,Souss-Massa,Gold,referral,2026-06-01,9999-12-31,True
1353,C00379,Ahmed Senhaji,55-64,m,El Jadida,Casablanca-Settat,Gold,organic,2026-06-01,9999-12-31,True
1354,C00380,Soukaina Bensaid,65+,f,Kenitra,Rabat-Salé-Kénitra,Gold,referral,2026-06-01,9999-12-31,True
1355,C00381,Sanaa Naciri,18-24,f,Rabat,Rabat-Salé-Kénitra,Gold,organic,2026-06-01,9999-12-31,True
1356,C00382,Tariq Chraibi,<18,m,Tanger,Tanger-Tétouan-Al Hoceïma,Gold,organic,2026-06-01,9999-12-31,True
1357,C00385,Mehdi Tazi,<18,m,Errachidia,Drâa-Tafilalet,Gold,referral,2026-06-01,9999-12-31,True
1358,C00386,Rim Fassi,55-64,f,Safi,Marrakech-Safi,Bronze,influencer,2026-06-01,9999-12-31,True
1359,C00388,Mehdi El Mansouri,55-64,m,Errachidia,Drâa-Tafilalet,Gold,social_media,2026-06-01,9999-12-31,True
1360,C00390,Sara Rachidi,65+,f,Béni Mellal,Béni Mellal-Khénifra,Gold,influencer,2026-06-01,9999-12-31,True
1361,C00391,Sanaa Naciri,65+,f,Nador,Oriental,Gold,email,2026-06-01,9999-12-31,True
1362,C00392,Karim Senhaji,65+,m,Tétouan,Tanger-Tétouan-Al Hoceïma,Gold,influencer,2026-06-01,9999-12-31,True
1363,C00393,Sara El Mansouri,65+,f,Casablanca,Casablanca-Settat,Gold,social_media,2026-06-01,9999-12-31,True
1364,C00394,Rachid Tazi,65+,m,Fès,Fès-Meknès,Gold,email,2026-06-01,9999-12-31,True
1365,C00395,Ahmed Filali,55-64,m,El Jadida,Casablanca-Settat,Gold,influencer,2026-06-01,9999-12-31,True
1366,C00396,Khadija El Mansouri,<18,f,El Jadida,Casablanca-Settat,Gold,social_media,2026-06-01,9999-12-31,True
1367,C00400,Ayoub Karimi,65+,m,Errachidia,Drâa-Tafilalet,Gold,email,2026-06-01,9999-12-31,True
1368,C00402,Mehdi Idrissi,25-34,m,Kenitra,Rabat-Salé-Kénitra,Gold,paid_search,2026-06-01,9999-12-31,True
1369,C00403,Tariq El Mansouri,65+,m,Nador,Oriental,Gold,social_media,2026-06-01,9999-12-31,True
1370,C00404,Hassan Senhaji,25-34,m,Agadir,Souss-Massa,Gold,organic,2026-06-01,9999-12-31,True
1371,C00408,Mohammed Naciri,35-44,m,Casablanca,Casablanca-Settat,Gold,email,2026-06-01,9999-12-31,True
1372,C00411,Omar Jamai,45-54,m,Oujda,Oriental,Bronze,social_media,2026-06-01,9999-12-31,True
1373,C00415,Amine Jamai,25-34,m,Tétouan,Tanger-Tétouan-Al Hoceïma,Gold,paid_search,2026-06-01,9999-12-31,True
1374,C00416,Tariq Rachidi,65+,m,Tétouan,Tanger-Tétouan-Al Hoceïma,Gold,email,2026-06-01,9999-12-31,True
1375,C00419,Imane Chaoui,65+,f,Béni Mellal,Béni Mellal-Khénifra,Gold,social_media,2026-06-01,9999-12-31,True
1376,C00420,Tariq Benali,25-34,m,Errachidia,Drâa-Tafilalet,Gold,email,2026-06-01,9999-12-31,True
1377,C00423,Nadia Chaoui,<18,f,Agadir,Souss-Massa,Gold,influencer,2026-06-01,9999-12-31,True
1378,C00424,Omar Karimi,65+,m,Meknès,Fès-Meknès,Gold,referral,2026-06-01,9999-12-31,True
1379,C00428,Soukaina Benali,18-24,f,Rabat,Rabat-Salé-Kénitra,Gold,referral,2026-06-01,9999-12-31,True
1380,C00429,Soukaina Karimi,<18,f,Béni Mellal,Béni Mellal-Khénifra,Gold,referral,2026-06-01,9999-12-31,True
1381,C00430,Mohammed Jamai,25-34,m,Errachidia,Drâa-Tafilalet,Gold,direct,2026-06-01,9999-12-31,True
1382,C00432,Hassan Drissi,65+,m,Agadir,Souss-Massa,Gold,referral,2026-06-01,9999-12-31,True
1383,C00434,Houda Fassi,<18,f,Agadir,Souss-Massa,Gold,direct,2026-06-01,9999-12-31,True
1384,C00435,Ayoub Ouali,<18,m,Meknès,Fès-Meknès,Gold,paid_search,2026-06-01,9999-12-31,True
1385,C00436,Omar El Mansouri,35-44,m,Meknès,Fès-Meknès,Gold,email,2026-06-01,9999-12-31,True
1386,C00437,Zineb Fassi,25-34,f,Agadir,Souss-Massa,Silver,referral,2026-06-01,9999-12-31,True
1387,C00438,Houda Ziani,65+,f,Agadir,Souss-Massa,Gold,paid_search,2026-06-01,9999-12-31,True
1388,C00440,Hassan Moussaoui,55-64,m,Nador,Oriental,Gold,referral,2026-06-01,9999-12-31,True
1389,C00441,Adil El Mansouri,65+,m,Fès,Fès-Meknès,Gold,direct,2026-06-01,9999-12-31,True
1390,C00445,Youssef Alami,65+,m,Casablanca,Casablanca-Settat,Gold,influencer,2026-06-01,9999-12-31,True
1391,C00446,Khadija Fassi,55-64,f,Rabat,Rabat-Salé-Kénitra,Gold,influencer,2026-06-01,9999-12-31,True
1392,C00447,Nabil Senhaji,18-24,m,Meknès,Fès-Meknès,Gold,direct,2026-06-01,9999-12-31,True
1393,C00449,Khadija Benali,65+,f,Béni Mellal,Béni Mellal-Khénifra,Gold,influencer,2026-06-01,9999-12-31,True
1394,C00450,Nadia Fassi,65+,f,Nador,Oriental,Gold,direct,2026-06-01,9999-12-31,True
1395,C00451,Soukaina Bensaid,18-24,f,Rabat,Rabat-Salé-Kénitra,Silver,organic,2026-06-01,9999-12-31,True
1396,C00454,Fatima Chraibi,65+,f,Béni Mellal,Béni Mellal-Khénifra,Gold,paid_search,2026-06-01,9999-12-31,True
1397,C00455,Nadia El Mansouri,<18,f,Nador,Oriental,Gold,influencer,2026-06-01,9999-12-31,True
1398,C00458,Leila Benali,65+,f,Nador,Oriental,Gold,social_media,2026-06-01,9999-12-31,True
1399,C00459,Rim Chraibi,45-54,f,Nador,Oriental,Gold,email,2026-06-01,9999-12-31,True
1400,C00460,Hajar Filali,45-54,f,Oujda,Oriental,Gold,email,2026-06-01,9999-12-31,True
1401,C00461,Rachid Chaoui,65+,m,Kenitra,Rabat-Salé-Kénitra,Gold,paid_search,2026-06-01,9999-12-31,True
1402,C00462,Aisha Benali,65+,f,Rabat,Rabat-Salé-Kénitra,Gold,direct,2026-06-01,9999-12-31,True
1403,C00464,Aisha Ziani,18-24,f,Kenitra,Rabat-Salé-Kénitra,Gold,email,2026-06-01,9999-12-31,True
1404,C00465,Youssef Tazi,55-64,m,Meknès,Fès-Meknès,Gold,social_media,2026-06-01,9999-12-31,True
1405,C00474,Hassan Benali,65+,m,Rabat,Rabat-Salé-Kénitra,Silver,email,2026-06-01,9999-12-31,True
1406,C00479,Leila Jamai,65+,f,Kenitra,Rabat-Salé-Kénitra,Gold,paid_search,2026-06-01,9999-12-31,True
1407,C00480,Tariq Rachidi,45-54,m,Oujda,Oriental,Gold,referral,2026-06-01,9999-12-31,True
1408,C00481,Amine Benali,65+,m,Meknès,Fès-Meknès,Gold,organic,2026-06-01,9999-12-31,True
1409,C00482,Nabil Naciri,65+,m,Meknès,Fès-Meknès,Gold,influencer,2026-06-01,9999-12-31,True
1410,C00484,Houda Idrissi,<18,f,Errachidia,Drâa-Tafilalet,Gold,direct,2026-06-01,9999-12-31,True
1411,C00485,Yasmine Benali,55-64,f,Nador,Oriental,Gold,social_media,2026-06-01,9999-12-31,True
1412,C00486,Leila Tazi,<18,f,Agadir,Souss-Massa,Gold,email,2026-06-01,9999-12-31,True
1413,C00489,Hassan Naciri,65+,m,Marrakech,Marrakech-Safi,Gold,social_media,2026-06-01,9999-12-31,True
1414,C00490,Houda Ziani,65+,f,Meknès,Fès-Meknès,Silver,email,2026-06-01,9999-12-31,True
1415,C00491,Adil Idrissi,18-24,m,Marrakech,Marrakech-Safi,Gold,direct,2026-06-01,9999-12-31,True
1416,C00493,Samir Karimi,35-44,m,Casablanca,Casablanca-Settat,Gold,paid_search,2026-06-01,9999-12-31,True
1417,C00495,Sanaa Drissi,65+,f,Tanger,Tanger-Tétouan-Al Hoceïma,Gold,organic,2026-06-01,9999-12-31,True
1418,C00498,Imane Tazi,65+,f,Rabat,Rabat-Salé-Kénitra,Gold,social_media,2026-06-01,9999-12-31,True
1419,C00499,Youssef Gharbi,55-64,m,El Jadida,Casablanca-Settat,Gold,email,2026-06-01,9999-12-31,True
1420,C00500,Sara Tazi,35-44,f,Kenitra,Rabat-Salé-Kénitra,Gold,email,2026-06-01,9999-12-31,True
1421,C00501,Meryem Ouali,45-54,f,Nador,Oriental,Gold,direct,2026-06-01,9999-12-31,True
1422,C00502,Mohammed Drissi,65+,m,Meknès,Fès-Meknès,Bronze,paid_search,2026-06-01,9999-12-31,True
1423,C00504,Houda Chraibi,65+,f,Fès,Fès-Meknès,Gold,referral,2026-06-01,9999-12-31,True
1424,C00506,Soukaina Rachidi,35-44,f,Fès,Fès-Meknès,Gold,referral,2026-06-01,9999-12-31,True
1425,C00507,Amine Ouali,<18,m,Marrakech,Marrakech-Safi,Gold,referral,2026-06-01,9999-12-31,True
1426,C00508,Sara Jamai,25-34,f,Rabat,Rabat-Salé-Kénitra,Gold,influencer,2026-06-01,9999-12-31,True
1427,C00509,Ahmed Alami,25-34,m,Tétouan,Tanger-Tétouan-Al Hoceïma,Gold,organic,2026-06-01,9999-12-31,True
1428,C00511,Khadija Lahlou,65+,f,Tétouan,Tanger-Tétouan-Al Hoceïma,Gold,referral,2026-06-01,9999-12-31,True
1429,C00512,Nabil Gharbi,<18,m,Errachidia,Drâa-Tafilalet,Gold,paid_search,2026-06-01,9999-12-31,True
1430,C00514,Meryem Benali,65+,f,Nador,Oriental,Gold,influencer,2026-06-01,9999-12-31,True
1431,C00515,Leila Chaoui,<18,f,Oujda,Oriental,Gold,organic,2026-06-01,9999-12-31,True
1432,C00516,Amine Moussaoui,35-44,m,Fès,Fès-Meknès,Gold,paid_search,2026-06-01,9999-12-31,True
1433,C00517,Omar Naciri,65+,m,El Jadida,Casablanca-Settat,Gold,referral,2026-06-01,9999-12-31,True
1434,C00518,Zineb Senhaji,45-54,f,Fès,Fès-Meknès,Gold,influencer,2026-06-01,9999-12-31,True
1435,C00519,Rachid Filali,25-34,m,Tétouan,Tanger-Tétouan-Al Hoceïma,Silver,influencer,2026-06-01,9999-12-31,True
1436,C00520,Soukaina Ouali,45-54,f,El Jadida,Casablanca-Settat,Gold,organic,2026-06-01,9999-12-31,True
1437,C00522,Rachid Naciri,25-34,m,Nador,Oriental,Gold,referral,2026-06-01,9999-12-31,True
1438,C00524,Soukaina Ziani,55-64,f,Tanger,Tanger-Tétouan-Al Hoceïma,Gold,referral,2026-06-01,9999-12-31,True
1439,C00525,Ayoub Chaoui,65+,m,Meknès,Fès-Meknès,Gold,paid_search,2026-06-01,9999-12-31,True
1440,C00528,Khadija Moussaoui,<18,f,Tétouan,Tanger-Tétouan-Al Hoceïma,Gold,referral,2026-06-01,9999-12-31,True
1441,C00530,Rim Tazi,35-44,f,Fès,Fès-Meknès,Gold,referral,2026-06-01,9999-12-31,True
1442,C00531,Yasmine Ziani,25-34,f,Béni Mellal,Béni Mellal-Khénifra,Gold,influencer,2026-06-01,9999-12-31,True
1443,C00534,Rim Tazi,<18,f,Agadir,Souss-Massa,Gold,paid_search,2026-06-01,9999-12-31,True
1444,C00535,Rim Filali,25-34,f,Tétouan,Tanger-Tétouan-Al Hoceïma,Gold,influencer,2026-06-01,9999-12-31,True
1445,C00537,Omar Idrissi,65+,m,Béni Mellal,Béni Mellal-Khénifra,Gold,direct,2026-06-01,9999-12-31,True
1446,C00538,Hassan El Mansouri,<18,m,Safi,Marrakech-Safi,Gold,email,2026-06-01,9999-12-31,True
1447,C00539,Yasmine Filali,55-64,f,Errachidia,Drâa-Tafilalet,Gold,influencer,2026-06-01,9999-12-31,True
1448,C00540,Hassan Gharbi,65+,m,Marrakech,Marrakech-Safi,Gold,influencer,2026-06-01,9999-12-31,True
1449,C00543,Mehdi Chraibi,55-64,m,Safi,Marrakech-Safi,Gold,influencer,2026-06-01,9999-12-31,True
1450,C00544,Soukaina Jamai,55-64,f,Tanger,Tanger-Tétouan-Al Hoceïma,Gold,social_media,2026-06-01,9999-12-31,True
1451,C00546,Soukaina Ouali,35-44,f,Béni Mellal,Béni Mellal-Khénifra,Gold,social_media,2026-06-01,9999-12-31,True
1452,C00547,Hicham Jamai,25-34,m,Marrakech,Marrakech-Safi,Silver,email,2026-06-01,9999-12-31,True
1453,C00550,Sara Tazi,65+,f,Rabat,Rabat-Salé-Kénitra,Gold,social_media,2026-06-01,9999-12-31,True
1454,C00551,Aisha Karimi,45-54,f,Marrakech,Marrakech-Safi,Silver,referral,2026-06-01,9999-12-31,True
1455,C00553,Sara Ouali,18-24,f,Béni Mellal,Béni Mellal-Khénifra,Gold,influencer,2026-06-01,9999-12-31,True
1456,C00554,Ahmed Lahlou,35-44,m,Tétouan,Tanger-Tétouan-Al Hoceïma,Gold,organic,2026-06-01,9999-12-31,True
1457,C00556,Ahmed Ouali,65+,m,Tanger,Tanger-Tétouan-Al Hoceïma,Gold,direct,2026-06-01,9999-12-31,True
1458,C00558,Aisha Alami,45-54,f,Marrakech,Marrakech-Safi,Gold,email,2026-06-01,9999-12-31,True
1459,C00559,Karim Filali,55-64,m,Tétouan,Tanger-Tétouan-Al Hoceïma,Gold,influencer,2026-06-01,9999-12-31,True
1460,C00560,Khadija Fassi,65+,f,Errachidia,Drâa-Tafilalet,Gold,organic,2026-06-01,9999-12-31,True
1461,C00563,Sara Fassi,<18,f,Tétouan,Tanger-Tétouan-Al Hoceïma,Gold,referral,2026-06-01,9999-12-31,True
1462,C00571,Sanaa Ouali,55-64,f,Rabat,Rabat-Salé-Kénitra,Gold,direct,2026-06-01,9999-12-31,True
1463,C00572,Soukaina Rachidi,25-34,f,Rabat,Rabat-Salé-Kénitra,Gold,influencer,2026-06-01,9999-12-31,True
1464,C00574,Houda Drissi,45-54,f,El Jadida,Casablanca-Settat,Gold,influencer,2026-06-01,9999-12-31,True
1465,C00575,Nabil Benali,25-34,m,Tétouan,Tanger-Tétouan-Al Hoceïma,Gold,social_media,2026-06-01,9999-12-31,True
1466,C00577,Ahmed Gharbi,55-64,m,Rabat,Rabat-Salé-Kénitra,Gold,paid_search,2026-06-01,9999-12-31,True
1467,C00578,Rim Filali,35-44,f,Oujda,Oriental,Gold,email,2026-06-01,9999-12-31,True
1468,C00580,Samir Chraibi,<18,m,Oujda,Oriental,Gold,email,2026-06-01,9999-12-31,True
1469,C00581,Fatima Idrissi,65+,f,Errachidia,Drâa-Tafilalet,Gold,influencer,2026-06-01,9999-12-31,True
1470,C00582,Ayoub Jamai,25-34,m,Marrakech,Marrakech-Safi,Gold,referral,2026-06-01,9999-12-31,True
1471,C00586,Yasmine El Mansouri,65+,f,Kenitra,Rabat-Salé-Kénitra,Gold,direct,2026-06-01,9999-12-31,True
1472,C00591,Adil El Mansouri,25-34,m,El Jadida,Casablanca-Settat,Gold,social_media,2026-06-01,9999-12-31,True
1473,C00593,Omar Bensaid,65+,m,Kenitra,Rabat-Salé-Kénitra,Gold,social_media,2026-06-01,9999-12-31,True
1474,C00595,Fatima Senhaji,25-34,f,Marrakech,Marrakech-Safi,Gold,social_media,2026-06-01,9999-12-31,True
1475,C00596,Houda Filali,18-24,f,Oujda,Oriental,Gold,email,2026-06-01,9999-12-31,True
1476,C00598,Meryem Naciri,<18,f,Tétouan,Tanger-Tétouan-Al Hoceïma,Gold,direct,2026-06-01,9999-12-31,True
1477,C00599,Hassan Ziani,35-44,m,Kenitra,Rabat-Salé-Kénitra,Gold,referral,2026-06-01,9999-12-31,True
1478,C00601,Sanaa Chraibi,35-44,f,Casablanca,Casablanca-Settat,Gold,influencer,2026-06-01,9999-12-31,True
1479,C00604,Soukaina Moussaoui,18-24,f,Errachidia,Drâa-Tafilalet,Gold,paid_search,2026-06-01,9999-12-31,True
1480,C00605,Houda Fassi,35-44,f,Fès,Fès-Meknès,Gold,email,2026-06-01,9999-12-31,True
1481,C00609,Fatima Naciri,65+,f,Nador,Oriental,Gold,organic,2026-06-01,9999-12-31,True
1482,C00610,Mohammed Idrissi,65+,m,Casablanca,Casablanca-Settat,Bronze,organic,2026-06-01,9999-12-31,True
1483,C00611,Omar Fassi,18-24,m,El Jadida,Casablanca-Settat,Gold,influencer,2026-06-01,9999-12-31,True
1484,C00612,Leila Drissi,55-64,f,Casablanca,Casablanca-Settat,Gold,organic,2026-06-01,9999-12-31,True
1485,C00613,Mohammed Benali,25-34,m,Tanger,Tanger-Tétouan-Al Hoceïma,Gold,organic,2026-06-01,9999-12-31,True
1486,C00614,Mehdi Benali,65+,m,El Jadida,Casablanca-Settat,Gold,paid_search,2026-06-01,9999-12-31,True
1487,C00619,Adil Chaoui,65+,m,Safi,Marrakech-Safi,Gold,social_media,2026-06-01,9999-12-31,True
1488,C00620,Rachid Benali,<18,m,Tétouan,Tanger-Tétouan-Al Hoceïma,Gold,influencer,2026-06-01,9999-12-31,True
1489,C00622,Samir Ziani,35-44,m,Fès,Fès-Meknès,Gold,social_media,2026-06-01,9999-12-31,True
1490,C00627,Zineb Senhaji,<18,f,Meknès,Fès-Meknès,Gold,influencer,2026-06-01,9999-12-31,True
1491,C00628,Omar Hajji,35-44,m,Errachidia,Drâa-Tafilalet,Gold,email,2026-06-01,9999-12-31,True
1492,C00629,Meryem Chaoui,35-44,f,Meknès,Fès-Meknès,Gold,paid_search,2026-06-01,9999-12-31,True
1493,C00632,Leila Bensaid,45-54,f,Oujda,Oriental,Gold,referral,2026-06-01,9999-12-31,True
1494,C00633,Hicham Moussaoui,35-44,m,El Jadida,Casablanca-Settat,Gold,email,2026-06-01,9999-12-31,True
1495,C00634,Karim Gharbi,65+,m,Rabat,Rabat-Salé-Kénitra,Gold,organic,2026-06-01,9999-12-31,True
1496,C00635,Soukaina Filali,<18,f,Marrakech,Marrakech-Safi,Gold,organic,2026-06-01,9999-12-31,True
1497,C00638,Leila Hajji,65+,f,Agadir,Souss-Massa,Gold,social_media,2026-06-01,9999-12-31,True
1498,C00640,Nadia Gharbi,65+,f,Agadir,Souss-Massa,Gold,organic,2026-06-01,9999-12-31,True
1499,C00642,Zineb Moussaoui,<18,f,Errachidia,Drâa-Tafilalet,Gold,direct,2026-06-01,9999-12-31,True
1500,C00643,Nabil Gharbi,25-34,m,El Jadida,Casablanca-Settat,Gold,paid_search,2026-06-01,9999-12-31,True
1501,C00648,Ayoub Hajji,<18,m,Nador,Oriental,Gold,influencer,2026-06-01,9999-12-31,True
1502,C00649,Nabil Fassi,55-64,m,Tétouan,Tanger-Tétouan-Al Hoceïma,Gold,organic,2026-06-01,9999-12-31,True
1503,C00650,Omar Drissi,55-64,m,Fès,Fès-Meknès,Bronze,email,2026-06-01,9999-12-31,True
1504,C00651,Fatima Chaoui,65+,f,El Jadida,Casablanca-Settat,Gold,referral,2026-06-01,9999-12-31,True
1505,C00652,Rim Moussaoui,<18,f,Casablanca,Casablanca-Settat,Gold,paid_search,2026-06-01,9999-12-31,True
1506,C00653,Meryem Chraibi,<18,f,Tétouan,Tanger-Tétouan-Al Hoceïma,Gold,influencer,2026-06-01,9999-12-31,True
1507,C00657,Samir El Mansouri,65+,m,Kenitra,Rabat-Salé-Kénitra,Gold,social_media,2026-06-01,9999-12-31,True
1508,C00659,Zineb Naciri,65+,f,Oujda,Oriental,Gold,referral,2026-06-01,9999-12-31,True
1509,C00664,Mohammed Drissi,65+,m,Kenitra,Rabat-Salé-Kénitra,Gold,email,2026-06-01,9999-12-31,True
1510,C00665,Meryem Tazi,25-34,f,El Jadida,Casablanca-Settat,Gold,direct,2026-06-01,9999-12-31,True
1511,C00666,Hajar Jamai,<18,f,Oujda,Oriental,Gold,social_media,2026-06-01,9999-12-31,True
1512,C00671,Karim Karimi,25-34,m,Casablanca,Casablanca-Settat,Gold,direct,2026-06-01,9999-12-31,True
1513,C00672,Meryem Naciri,55-64,f,Safi,Marrakech-Safi,Gold,referral,2026-06-01,9999-12-31,True
1514,C00673,Houda Bensaid,65+,f,Marrakech,Marrakech-Safi,Gold,influencer,2026-06-01,9999-12-31,True
1515,C00674,Youssef Rachidi,65+,m,Errachidia,Drâa-Tafilalet,Gold,social_media,2026-06-01,9999-12-31,True
1516,C00675,Omar Fassi,18-24,m,Errachidia,Drâa-Tafilalet,Gold,direct,2026-06-01,9999-12-31,True
1517,C00682,Nadia Filali,55-64,f,Agadir,Souss-Massa,Bronze,email,2026-06-01,9999-12-31,True
1518,C00684,Nadia El Mansouri,65+,f,Béni Mellal,Béni Mellal-Khénifra,Gold,influencer,2026-06-01,9999-12-31,True
1519,C00685,Amine Naciri,65+,m,Casablanca,Casablanca-Settat,Gold,direct,2026-06-01,9999-12-31,True
1520,C00686,Leila Benali,65+,f,El Jadida,Casablanca-Settat,Gold,influencer,2026-06-01,9999-12-31,True
1521,C00687,Nadia Chraibi,25-34,f,Nador,Oriental,Gold,referral,2026-06-01,9999-12-31,True
1522,C00689,Amine Alami,65+,m,Kenitra,Rabat-Salé-Kénitra,Gold,direct,2026-06-01,9999-12-31,True
1523,C00693,Omar Benali,25-34,m,Fès,Fès-Meknès,Gold,paid_search,2026-06-01,9999-12-31,True
1524,C00695,Rim Chraibi,65+,f,Oujda,Oriental,Gold,organic,2026-06-01,9999-12-31,True
1525,C00696,Ahmed Idrissi,18-24,m,Agadir,Souss-Massa,Gold,social_media,2026-06-01,9999-12-31,True
1526,C00698,Meryem Idrissi,55-64,f,El Jadida,Casablanca-Settat,Gold,influencer,2026-06-01,9999-12-31,True
1527,C00699,Zineb Ziani,65+,f,Oujda,Oriental,Gold,direct,2026-06-01,9999-12-31,True
1528,C00700,Hajar Hajji,65+,f,Kenitra,Rabat-Salé-Kénitra,Gold,direct,2026-06-01,9999-12-31,True
1529,C00703,Ayoub Alami,45-54,m,Tanger,Tanger-Tétouan-Al Hoceïma,Silver,influencer,2026-06-01,9999-12-31,True
1530,C00704,Youssef Chaoui,65+,m,Rabat,Rabat-Salé-Kénitra,Gold,social_media,2026-06-01,9999-12-31,True
1531,C00707,Ahmed Naciri,25-34,m,Errachidia,Drâa-Tafilalet,Gold,email,2026-06-01,9999-12-31,True
1532,C00709,Fatima Lahlou,25-34,f,Béni Mellal,Béni Mellal-Khénifra,Gold,paid_search,2026-06-01,9999-12-31,True
1533,C00711,Youssef El Mansouri,<18,m,Tétouan,Tanger-Tétouan-Al Hoceïma,Gold,email,2026-06-01,9999-12-31,True
1534,C00712,Aisha Naciri,45-54,f,Safi,Marrakech-Safi,Gold,social_media,2026-06-01,9999-12-31,True
1535,C00718,Samir Bensaid,65+,m,Béni Mellal,Béni Mellal-Khénifra,Gold,referral,2026-06-01,9999-12-31,True
1536,C00719,Nadia Rachidi,25-34,f,Kenitra,Rabat-Salé-Kénitra,Gold,referral,2026-06-01,9999-12-31,True
1537,C00721,Fatima Ziani,<18,f,Casablanca,Casablanca-Settat,Silver,referral,2026-06-01,9999-12-31,True
1538,C00722,Houda Bensaid,35-44,f,Errachidia,Drâa-Tafilalet,Gold,email,2026-06-01,9999-12-31,True
1539,C00723,Imane Hajji,18-24,f,Marrakech,Marrakech-Safi,Gold,email,2026-06-01,9999-12-31,True
1540,C00724,Hassan Benali,25-34,m,Nador,Oriental,Gold,referral,2026-06-01,9999-12-31,True
1541,C00725,Hajar El Mansouri,65+,f,Fès,Fès-Meknès,Gold,referral,2026-06-01,9999-12-31,True
1542,C00726,Nabil Moussaoui,65+,m,Fès,Fès-Meknès,Gold,influencer,2026-06-01,9999-12-31,True
1543,C00727,Sara Ouali,25-34,f,Meknès,Fès-Meknès,Gold,direct,2026-06-01,9999-12-31,True
1544,C00730,Sara Chraibi,65+,f,Fès,Fès-Meknès,Gold,paid_search,2026-06-01,9999-12-31,True
1545,C00734,Sara Filali,25-34,f,Nador,Oriental,Gold,influencer,2026-06-01,9999-12-31,True
1546,C00736,Adil Moussaoui,65+,m,Rabat,Rabat-Salé-Kénitra,Gold,paid_search,2026-06-01,9999-12-31,True
1547,C00740,Rachid Bensaid,25-34,m,Tanger,Tanger-Tétouan-Al Hoceïma,Gold,paid_search,2026-06-01,9999-12-31,True
1548,C00742,Mehdi Fassi,65+,m,Errachidia,Drâa-Tafilalet,Gold,email,2026-06-01,9999-12-31,True
1549,C00743,Mehdi Moussaoui,18-24,m,Rabat,Rabat-Salé-Kénitra,Gold,influencer,2026-06-01,9999-12-31,True
1550,C00746,Tariq Rachidi,<18,m,Oujda,Oriental,Gold,direct,2026-06-01,9999-12-31,True
1551,C00747,Sara Filali,25-34,f,Tanger,Tanger-Tétouan-Al Hoceïma,Gold,influencer,2026-06-01,9999-12-31,True
1552,C00748,Hassan Fassi,<18,m,El Jadida,Casablanca-Settat,Gold,social_media,2026-06-01,9999-12-31,True
1553,C00751,Sanaa Chaoui,65+,f,Nador,Oriental,Gold,email,2026-06-01,9999-12-31,True
1554,C00752,Houda Naciri,55-64,f,Agadir,Souss-Massa,Gold,paid_search,2026-06-01,9999-12-31,True
1555,C00755,Leila Moussaoui,65+,f,Casablanca,Casablanca-Settat,Gold,paid_search,2026-06-01,9999-12-31,True
1556,C00757,Adil Filali,25-34,m,Oujda,Oriental,Gold,paid_search,2026-06-01,9999-12-31,True
1557,C00758,Samir Idrissi,55-64,m,Fès,Fès-Meknès,Gold,direct,2026-06-01,9999-12-31,True
1558,C00760,Fatima El Mansouri,55-64,f,Marrakech,Marrakech-Safi,Gold,direct,2026-06-01,9999-12-31,True
1559,C00761,Mohammed Gharbi,35-44,m,Fès,Fès-Meknès,Gold,referral,2026-06-01,9999-12-31,True
1560,C00762,Karim Lahlou,25-34,m,Oujda,Oriental,Gold,paid_search,2026-06-01,9999-12-31,True
1561,C00763,Aisha Fassi,35-44,f,Oujda,Oriental,Gold,direct,2026-06-01,9999-12-31,True
1562,C00764,Hajar Bensaid,25-34,f,Tétouan,Tanger-Tétouan-Al Hoceïma,Gold,referral,2026-06-01,9999-12-31,True
1563,C00768,Mehdi Moussaoui,65+,m,Nador,Oriental,Gold,referral,2026-06-01,9999-12-31,True
1564,C00770,Samir Ziani,25-34,m,Tanger,Tanger-Tétouan-Al Hoceïma,Bronze,email,2026-06-01,9999-12-31,True
1565,C00771,Omar Chraibi,45-54,m,Nador,Oriental,Gold,direct,2026-06-01,9999-12-31,True
1566,C00773,Yasmine Gharbi,18-24,f,Fès,Fès-Meknès,Gold,paid_search,2026-06-01,9999-12-31,True
1567,C00774,Youssef Jamai,18-24,m,Agadir,Souss-Massa,Gold,social_media,2026-06-01,9999-12-31,True
1568,C00776,Hassan Idrissi,65+,m,Béni Mellal,Béni Mellal-Khénifra,Gold,social_media,2026-06-01,9999-12-31,True
1569,C00778,Imane Karimi,65+,f,Errachidia,Drâa-Tafilalet,Gold,referral,2026-06-01,9999-12-31,True
1570,C00779,Khadija Naciri,65+,f,Tanger,Tanger-Tétouan-Al Hoceïma,Gold,social_media,2026-06-01,9999-12-31,True
1571,C00780,Leila Chaoui,25-34,f,Béni Mellal,Béni Mellal-Khénifra,Bronze,influencer,2026-06-01,9999-12-31,True
1572,C00782,Rim Naciri,65+,f,Marrakech,Marrakech-Safi,Gold,referral,2026-06-01,9999-12-31,True
1573,C00783,Khadija Moussaoui,65+,f,Marrakech,Marrakech-Safi,Gold,referral,2026-06-01,9999-12-31,True
1574,C00784,Karim Chraibi,65+,m,Agadir,Souss-Massa,Gold,email,2026-06-01,9999-12-31,True
1575,C00790,Imane Moussaoui,65+,f,Safi,Marrakech-Safi,Gold,social_media,2026-06-01,9999-12-31,True
1576,C00793,Sanaa Idrissi,25-34,f,Oujda,Oriental,Gold,email,2026-06-01,9999-12-31,True
1577,C00798,Mohammed Filali,45-54,m,Nador,Oriental,Gold,referral,2026-06-01,9999-12-31,True
1578,C00800,Zineb Rachidi,65+,f,Meknès,Fès-Meknès,Gold,referral,2026-06-01,9999-12-31,True
1579,C00801,Aisha Idrissi,65+,f,Agadir,Souss-Massa,Gold,direct,2026-06-01,9999-12-31,True
1580,C00804,Khadija Lahlou,<18,f,Nador,Oriental,Gold,direct,2026-06-01,9999-12-31,True
1581,C00807,Hassan Hajji,<18,m,Oujda,Oriental,Gold,social_media,2026-06-01,9999-12-31,True
1582,C00809,Meryem Fassi,<18,f,Errachidia,Drâa-Tafilalet,Bronze,paid_search,2026-06-01,9999-12-31,True
1583,C00814,Mehdi Drissi,65+,m,Tanger,Tanger-Tétouan-Al Hoceïma,Gold,social_media,2026-06-01,9999-12-31,True
1584,C00817,Rachid Naciri,25-34,m,Tanger,Tanger-Tétouan-Al Hoceïma,Gold,direct,2026-06-01,9999-12-31,True
1585,C00819,Meryem Chaoui,55-64,f,Marrakech,Marrakech-Safi,Gold,direct,2026-06-01,9999-12-31,True
1586,C00820,Houda Rachidi,65+,f,Rabat,Rabat-Salé-Kénitra,Gold,email,2026-06-01,9999-12-31,True
1587,C00821,Aisha Benali,65+,f,El Jadida,Casablanca-Settat,Gold,social_media,2026-06-01,9999-12-31,True
1588,C00822,Soukaina Naciri,18-24,f,El Jadida,Casablanca-Settat,Bronze,social_media,2026-06-01,9999-12-31,True
1589,C00824,Imane Senhaji,<18,f,Tanger,Tanger-Tétouan-Al Hoceïma,Gold,referral,2026-06-01,9999-12-31,True
1590,C00825,Karim Fassi,65+,m,Agadir,Souss-Massa,Gold,influencer,2026-06-01,9999-12-31,True
1591,C00827,Fatima Hajji,<18,f,Safi,Marrakech-Safi,Gold,social_media,2026-06-01,9999-12-31,True
1592,C00834,Sanaa Bensaid,65+,f,Nador,Oriental,Gold,social_media,2026-06-01,9999-12-31,True
1593,C00839,Meryem Benali,18-24,f,Errachidia,Drâa-Tafilalet,Gold,email,2026-06-01,9999-12-31,True
1594,C00840,Imane Naciri,<18,f,Meknès,Fès-Meknès,Gold,referral,2026-06-01,9999-12-31,True
1595,C00842,Sanaa Idrissi,65+,f,Marrakech,Marrakech-Safi,Gold,organic,2026-06-01,9999-12-31,True
1596,C00843,Fatima Ouali,35-44,f,Tétouan,Tanger-Tétouan-Al Hoceïma,Gold,organic,2026-06-01,9999-12-31,True
1597,C00844,Sara Idrissi,35-44,f,Safi,Marrakech-Safi,Gold,social_media,2026-06-01,9999-12-31,True
1598,C00846,Aisha Chaoui,35-44,f,Agadir,Souss-Massa,Gold,email,2026-06-01,9999-12-31,True
1599,C00848,Ahmed Bensaid,65+,m,Fès,Fès-Meknès,Gold,social_media,2026-06-01,9999-12-31,True
1600,C00850,Tariq Rachidi,35-44,m,Errachidia,Drâa-Tafilalet,Gold,email,2026-06-01,9999-12-31,True
1601,C00851,Rachid Karimi,65+,m,Agadir,Souss-Massa,Gold,direct,2026-06-01,9999-12-31,True
1602,C00854,Nadia Tazi,18-24,f,Béni Mellal,Béni Mellal-Khénifra,Gold,referral,2026-06-01,9999-12-31,True
1603,C00855,Yasmine Naciri,<18,f,Agadir,Souss-Massa,Bronze,direct,2026-06-01,9999-12-31,True
1604,C00856,Ahmed Lahlou,65+,m,Béni Mellal,Béni Mellal-Khénifra,Silver,influencer,2026-06-01,9999-12-31,True
1605,C00857,Youssef Alami,55-64,m,Rabat,Rabat-Salé-Kénitra,Gold,organic,2026-06-01,9999-12-31,True
1606,C00858,Hassan Rachidi,65+,m,Marrakech,Marrakech-Safi,Gold,social_media,2026-06-01,9999-12-31,True
1607,C00860,Ayoub Fassi,35-44,m,Casablanca,Casablanca-Settat,Gold,organic,2026-06-01,9999-12-31,True
1608,C00862,Yasmine Drissi,45-54,f,Marrakech,Marrakech-Safi,Gold,social_media,2026-06-01,9999-12-31,True
1609,C00863,Karim Fassi,65+,m,Errachidia,Drâa-Tafilalet,Gold,influencer,2026-06-01,9999-12-31,True
1610,C00864,Leila Tazi,45-54,f,Oujda,Oriental,Gold,paid_search,2026-06-01,9999-12-31,True
1611,C00865,Nabil Rachidi,65+,m,Oujda,Oriental,Gold,direct,2026-06-01,9999-12-31,True
1612,C00866,Mohammed Naciri,45-54,m,Kenitra,Rabat-Salé-Kénitra,Gold,email,2026-06-01,9999-12-31,True
1613,C00868,Aisha Fassi,65+,f,Safi,Marrakech-Safi,Gold,organic,2026-06-01,9999-12-31,True
1614,C00872,Hicham Tazi,55-64,m,Fès,Fès-Meknès,Gold,influencer,2026-06-01,9999-12-31,True
1615,C00875,Leila Bensaid,<18,f,Meknès,Fès-Meknès,Gold,referral,2026-06-01,9999-12-31,True
1616,C00876,Houda Jamai,45-54,f,Errachidia,Drâa-Tafilalet,Gold,direct,2026-06-01,9999-12-31,True
1617,C00878,Sara Chraibi,65+,f,Casablanca,Casablanca-Settat,Gold,referral,2026-06-01,9999-12-31,True
1618,C00879,Mohammed Rachidi,25-34,m,Béni Mellal,Béni Mellal-Khénifra,Gold,email,2026-06-01,9999-12-31,True
1619,C00880,Adil Tazi,65+,m,Meknès,Fès-Meknès,Gold,direct,2026-06-01,9999-12-31,True
1620,C00882,Sara Chraibi,65+,f,Tanger,Tanger-Tétouan-Al Hoceïma,Gold,direct,2026-06-01,9999-12-31,True
1621,C00883,Meryem Karimi,45-54,f,El Jadida,Casablanca-Settat,Gold,paid_search,2026-06-01,9999-12-31,True
1622,C00885,Hajar Gharbi,18-24,f,Tétouan,Tanger-Tétouan-Al Hoceïma,Gold,social_media,2026-06-01,9999-12-31,True
1623,C00886,Rim Alami,65+,f,Agadir,Souss-Massa,Gold,direct,2026-06-01,9999-12-31,True
1624,C00887,Ahmed Ziani,45-54,m,Rabat,Rabat-Salé-Kénitra,Gold,email,2026-06-01,9999-12-31,True
1625,C00888,Soukaina Bensaid,35-44,f,Rabat,Rabat-Salé-Kénitra,Gold,email,2026-06-01,9999-12-31,True
1626,C00891,Zineb Idrissi,55-64,f,Safi,Marrakech-Safi,Gold,direct,2026-06-01,9999-12-31,True
1627,C00892,Leila Bensaid,<18,f,Agadir,Souss-Massa,Gold,email,2026-06-01,9999-12-31,True
1628,C00893,Ayoub Lahlou,18-24,m,Oujda,Oriental,Gold,referral,2026-06-01,9999-12-31,True
1629,C00894,Hicham Rachidi,65+,m,Tanger,Tanger-Tétouan-Al Hoceïma,Gold,social_media,2026-06-01,9999-12-31,True
1630,C00895,Hicham El Mansouri,65+,m,Casablanca,Casablanca-Settat,Gold,organic,2026-06-01,9999-12-31,True
1631,C00897,Hicham Senhaji,45-54,m,Béni Mellal,Béni Mellal-Khénifra,Gold,influencer,2026-06-01,9999-12-31,True
1632,C00898,Hassan Idrissi,<18,m,Errachidia,Drâa-Tafilalet,Gold,social_media,2026-06-01,9999-12-31,True
1633,C00899,Youssef Karimi,35-44,m,Casablanca,Casablanca-Settat,Gold,influencer,2026-06-01,9999-12-31,True
1634,C00901,Hassan Idrissi,65+,m,El Jadida,Casablanca-Settat,Gold,direct,2026-06-01,9999-12-31,True
1635,C00902,Mohammed Ziani,<18,m,Nador,Oriental,Gold,referral,2026-06-01,9999-12-31,True
1636,C00903,Aisha Senhaji,18-24,f,Nador,Oriental,Gold,email,2026-06-01,9999-12-31,True
1637,C00905,Ayoub Lahlou,<18,m,Meknès,Fès-Meknès,Gold,paid_search,2026-06-01,9999-12-31,True
1638,C00906,Imane Hajji,65+,f,Errachidia,Drâa-Tafilalet,Gold,influencer,2026-06-01,9999-12-31,True
1639,C00909,Amine Chaoui,55-64,m,Rabat,Rabat-Salé-Kénitra,Gold,paid_search,2026-06-01,9999-12-31,True
1640,C00913,Amine El Mansouri,18-24,m,Rabat,Rabat-Salé-Kénitra,Gold,organic,2026-06-01,9999-12-31,True
1641,C00914,Soukaina Chaoui,<18,f,Rabat,Rabat-Salé-Kénitra,Gold,organic,2026-06-01,9999-12-31,True
1642,C00915,Rim Filali,45-54,f,El Jadida,Casablanca-Settat,Gold,direct,2026-06-01,9999-12-31,True
1643,C00919,Tariq Drissi,35-44,m,Casablanca,Casablanca-Settat,Gold,email,2026-06-01,9999-12-31,True
1644,C00921,Karim Chraibi,45-54,m,Casablanca,Casablanca-Settat,Gold,referral,2026-06-01,9999-12-31,True
1645,C00922,Nabil Benali,65+,m,Marrakech,Marrakech-Safi,Gold,direct,2026-06-01,9999-12-31,True
1646,C00924,Leila Chaoui,65+,f,Nador,Oriental,Silver,referral,2026-06-01,9999-12-31,True
1647,C00925,Karim Karimi,65+,m,Béni Mellal,Béni Mellal-Khénifra,Gold,direct,2026-06-01,9999-12-31,True
1648,C00926,Samir Rachidi,65+,m,Marrakech,Marrakech-Safi,Bronze,social_media,2026-06-01,9999-12-31,True
1649,C00929,Sanaa Lahlou,65+,f,Kenitra,Rabat-Salé-Kénitra,Gold,paid_search,2026-06-01,9999-12-31,True
1650,C00930,Nadia Ouali,65+,f,Oujda,Oriental,Gold,paid_search,2026-06-01,9999-12-31,True
1651,C00931,Samir Alami,25-34,m,Béni Mellal,Béni Mellal-Khénifra,Gold,social_media,2026-06-01,9999-12-31,True
1652,C00933,Youssef Rachidi,18-24,m,Meknès,Fès-Meknès,Gold,social_media,2026-06-01,9999-12-31,True
1653,C00935,Imane Senhaji,45-54,f,Béni Mellal,Béni Mellal-Khénifra,Gold,paid_search,2026-06-01,9999-12-31,True
1654,C00936,Imane Benali,18-24,f,Béni Mellal,Béni Mellal-Khénifra,Gold,influencer,2026-06-01,9999-12-31,True
1655,C00937,Ahmed El Mansouri,25-34,m,Oujda,Oriental,Gold,influencer,2026-06-01,9999-12-31,True
1656,C00938,Leila Idrissi,<18,f,El Jadida,Casablanca-Settat,Gold,email,2026-06-01,9999-12-31,True
1657,C00941,Hicham Gharbi,65+,m,Meknès,Fès-Meknès,Gold,referral,2026-06-01,9999-12-31,True
1658,C00942,Meryem Lahlou,65+,f,Errachidia,Drâa-Tafilalet,Gold,email,2026-06-01,9999-12-31,True
1659,C00943,Hassan Gharbi,25-34,m,Meknès,Fès-Meknès,Gold,influencer,2026-06-01,9999-12-31,True
1660,C00944,Nabil Gharbi,55-64,m,Marrakech,Marrakech-Safi,Gold,social_media,2026-06-01,9999-12-31,True
1661,C00948,Nabil Ouali,65+,m,El Jadida,Casablanca-Settat,Gold,social_media,2026-06-01,9999-12-31,True
1662,C00950,Rachid Alami,18-24,m,Casablanca,Casablanca-Settat,Gold,influencer,2026-06-01,9999-12-31,True
1663,C00951,Omar Drissi,55-64,m,Casablanca,Casablanca-Settat,Gold,social_media,2026-06-01,9999-12-31,True
1664,C00952,Sara Gharbi,65+,f,Kenitra,Rabat-Salé-Kénitra,Gold,influencer,2026-06-01,9999-12-31,True
1665,C00953,Leila Idrissi,55-64,f,Marrakech,Marrakech-Safi,Bronze,organic,2026-06-01,9999-12-31,True
1666,C00955,Sanaa Tazi,65+,f,Casablanca,Casablanca-Settat,Gold,direct,2026-06-01,9999-12-31,True
1667,C00957,Yasmine Jamai,55-64,f,Safi,Marrakech-Safi,Bronze,referral,2026-06-01,9999-12-31,True
1668,C00958,Rachid Hajji,65+,m,Béni Mellal,Béni Mellal-Khénifra,Gold,influencer,2026-06-01,9999-12-31,True
1669,C00959,Imane Lahlou,55-64,f,Meknès,Fès-Meknès,Gold,direct,2026-06-01,9999-12-31,True
1670,C00960,Nadia Bensaid,65+,f,El Jadida,Casablanca-Settat,Bronze,referral,2026-06-01,9999-12-31,True
1671,C00961,Fatima Ziani,55-64,f,Marrakech,Marrakech-Safi,Gold,referral,2026-06-01,9999-12-31,True
1672,C00963,Imane Idrissi,25-34,f,Rabat,Rabat-Salé-Kénitra,Gold,influencer,2026-06-01,9999-12-31,True
1673,C00966,Adil El Mansouri,55-64,m,Fès,Fès-Meknès,Gold,social_media,2026-06-01,9999-12-31,True
1674,C00968,Leila Gharbi,35-44,f,Béni Mellal,Béni Mellal-Khénifra,Gold,organic,2026-06-01,9999-12-31,True
1675,C00969,Hajar Bensaid,25-34,f,Meknès,Fès-Meknès,Silver,organic,2026-06-01,9999-12-31,True
1676,C00970,Amine Naciri,18-24,m,Fès,Fès-Meknès,Gold,paid_search,2026-06-01,9999-12-31,True
1677,C00971,Hassan Chraibi,35-44,m,Rabat,Rabat-Salé-Kénitra,Gold,influencer,2026-06-01,9999-12-31,True
1678,C00974,Khadija Karimi,18-24,f,Tanger,Tanger-Tétouan-Al Hoceïma,Gold,referral,2026-06-01,9999-12-31,True
1679,C00977,Adil El Mansouri,45-54,m,Fès,Fès-Meknès,Bronze,email,2026-06-01,9999-12-31,True
1680,C00978,Hajar Ouali,45-54,f,Oujda,Oriental,Gold,influencer,2026-06-01,9999-12-31,True
1681,C00982,Rim Alami,65+,f,Kenitra,Rabat-Salé-Kénitra,Gold,email,2026-06-01,9999-12-31,True
1682,C00989,Mehdi Jamai,35-44,m,Safi,Marrakech-Safi,Gold,social_media,2026-06-01,9999-12-31,True
1683,C00990,Ayoub Karimi,45-54,m,Oujda,Oriental,Gold,influencer,2026-06-01,9999-12-31,True
1684,C00992,Imane Idrissi,<18,f,Casablanca,Casablanca-Settat,Gold,social_media,2026-06-01,9999-12-31,True
1685,C00993,Leila Ziani,<18,f,Tétouan,Tanger-Tétouan-Al Hoceïma,Gold,direct,2026-06-01,9999-12-31,True
1686,C00994,Fatima Bensaid,25-34,f,Casablanca,Casablanca-Settat,Gold,referral,2026-06-01,9999-12-31,True
1687,C00995,Imane Moussaoui,65+,f,Tanger,Tanger-Tétouan-Al Hoceïma,Gold,direct,2026-06-01,9999-12-31,True
1688,C00996,Omar Ziani,45-54,m,Béni Mellal,Béni Mellal-Khénifra,Gold,email,2026-06-01,9999-12-31,True
1689,C01001,Imane Idrissi,55-64,f,Tétouan,Tanger-Tétouan-Al Hoceïma,Gold,paid_search,2026-06-01,9999-12-31,True
1690,C01004,Hajar Lahlou,45-54,f,Agadir,Souss-Massa,Gold,direct,2026-06-01,9999-12-31,True
1691,C01005,Adil Tazi,65+,m,Agadir,Souss-Massa,Gold,direct,2026-06-01,9999-12-31,True
1692,C01006,Rachid Idrissi,65+,m,Rabat,Rabat-Salé-Kénitra,Gold,organic,2026-06-01,9999-12-31,True
1693,C01007,Zineb El Mansouri,65+,f,Béni Mellal,Béni Mellal-Khénifra,Gold,social_media,2026-06-01,9999-12-31,True
1694,C01008,Leila Filali,55-64,f,El Jadida,Casablanca-Settat,Gold,direct,2026-06-01,9999-12-31,True
1695,C01009,Imane Alami,65+,f,Tétouan,Tanger-Tétouan-Al Hoceïma,Gold,direct,2026-06-01,9999-12-31,True
1696,C01010,Omar Bensaid,65+,m,Casablanca,Casablanca-Settat,Gold,direct,2026-06-01,9999-12-31,True
1697,C01011,Soukaina Naciri,25-34,f,Rabat,Rabat-Salé-Kénitra,Gold,social_media,2026-06-01,9999-12-31,True
1698,C01014,Omar Chraibi,55-64,m,Tétouan,Tanger-Tétouan-Al Hoceïma,Gold,direct,2026-06-01,9999-12-31,True
1699,C01015,Mehdi El Mansouri,65+,m,Errachidia,Drâa-Tafilalet,Gold,referral,2026-06-01,9999-12-31,True
1700,C01016,Ayoub Drissi,55-64,m,Safi,Marrakech-Safi,Gold,organic,2026-06-01,9999-12-31,True
1701,C01017,Leila Lahlou,65+,f,Tanger,Tanger-Tétouan-Al Hoceïma,Gold,referral,2026-06-01,9999-12-31,True
1702,C01019,Soukaina Gharbi,65+,f,Casablanca,Casablanca-Settat,Gold,email,2026-06-01,9999-12-31,True
1703,C01020,Soukaina Jamai,25-34,f,Béni Mellal,Béni Mellal-Khénifra,Gold,direct,2026-06-01,9999-12-31,True
1704,C01021,Mehdi Alami,65+,m,Béni Mellal,Béni Mellal-Khénifra,Gold,direct,2026-06-01,9999-12-31,True
1705,C01022,Ayoub Gharbi,<18,m,Béni Mellal,Béni Mellal-Khénifra,Gold,referral,2026-06-01,9999-12-31,True
1706,C01025,Houda Idrissi,65+,f,Tanger,Tanger-Tétouan-Al Hoceïma,Gold,organic,2026-06-01,9999-12-31,True
1707,C01028,Sara Chaoui,65+,f,Tétouan,Tanger-Tétouan-Al Hoceïma,Bronze,social_media,2026-06-01,9999-12-31,True
1708,C01032,Mohammed Moussaoui,65+,m,El Jadida,Casablanca-Settat,Gold,organic,2026-06-01,9999-12-31,True
1709,C01033,Yasmine Ziani,65+,f,Tétouan,Tanger-Tétouan-Al Hoceïma,Gold,social_media,2026-06-01,9999-12-31,True
1710,C01034,Meryem Lahlou,55-64,f,Agadir,Souss-Massa,Gold,social_media,2026-06-01,9999-12-31,True
1711,C01035,Rachid Naciri,25-34,m,Oujda,Oriental,Gold,paid_search,2026-06-01,9999-12-31,True
1712,C01036,Zineb Lahlou,65+,f,Fès,Fès-Meknès,Gold,direct,2026-06-01,9999-12-31,True
1713,C01037,Yasmine Ouali,65+,f,Casablanca,Casablanca-Settat,Bronze,paid_search,2026-06-01,9999-12-31,True
1714,C01038,Omar Gharbi,65+,m,Meknès,Fès-Meknès,Gold,social_media,2026-06-01,9999-12-31,True
1715,C01042,Aisha Tazi,65+,f,Kenitra,Rabat-Salé-Kénitra,Gold,email,2026-06-01,9999-12-31,True
1716,C01043,Ahmed Filali,18-24,m,Meknès,Fès-Meknès,Gold,referral,2026-06-01,9999-12-31,True
1717,C01045,Rim Moussaoui,<18,f,Marrakech,Marrakech-Safi,Gold,paid_search,2026-06-01,9999-12-31,True
1718,C01046,Tariq Ziani,65+,m,Errachidia,Drâa-Tafilalet,Gold,organic,2026-06-01,9999-12-31,True
1719,C01047,Nabil Jamai,45-54,m,Agadir,Souss-Massa,Gold,referral,2026-06-01,9999-12-31,True
1720,C01049,Houda Karimi,65+,f,Casablanca,Casablanca-Settat,Gold,influencer,2026-06-01,9999-12-31,True
1721,C01052,Youssef Chaoui,<18,m,Agadir,Souss-Massa,Gold,social_media,2026-06-01,9999-12-31,True
1722,C01053,Khadija Fassi,18-24,f,Kenitra,Rabat-Salé-Kénitra,Gold,email,2026-06-01,9999-12-31,True
1723,C01056,Rachid Lahlou,25-34,m,Béni Mellal,Béni Mellal-Khénifra,Gold,email,2026-06-01,9999-12-31,True
1724,C01057,Tariq Idrissi,65+,m,Marrakech,Marrakech-Safi,Gold,social_media,2026-06-01,9999-12-31,True
1725,C01059,Houda Alami,65+,f,Agadir,Souss-Massa,Gold,social_media,2026-06-01,9999-12-31,True
1726,C01061,Khadija Rachidi,<18,f,Casablanca,Casablanca-Settat,Gold,email,2026-06-01,9999-12-31,True
1727,C01062,Omar Senhaji,<18,m,Agadir,Souss-Massa,Gold,referral,2026-06-01,9999-12-31,True
1728,C01063,Tariq El Mansouri,<18,m,Tétouan,Tanger-Tétouan-Al Hoceïma,Gold,paid_search,2026-06-01,9999-12-31,True
1729,C01064,Omar Karimi,65+,m,Kenitra,Rabat-Salé-Kénitra,Gold,social_media,2026-06-01,9999-12-31,True
1730,C01065,Soukaina Chraibi,45-54,f,Meknès,Fès-Meknès,Gold,paid_search,2026-06-01,9999-12-31,True
1731,C01067,Rachid Hajji,65+,m,El Jadida,Casablanca-Settat,Gold,referral,2026-06-01,9999-12-31,True
1732,C01068,Hicham Chraibi,18-24,m,El Jadida,Casablanca-Settat,Gold,paid_search,2026-06-01,9999-12-31,True
1733,C01069,Hassan Idrissi,65+,m,Agadir,Souss-Massa,Gold,referral,2026-06-01,9999-12-31,True
1734,C01073,Nabil Hajji,65+,m,Meknès,Fès-Meknès,Gold,direct,2026-06-01,9999-12-31,True
1735,C01074,Hajar El Mansouri,25-34,f,Fès,Fès-Meknès,Bronze,organic,2026-06-01,9999-12-31,True
1736,C01078,Sanaa Gharbi,65+,f,Tétouan,Tanger-Tétouan-Al Hoceïma,Gold,social_media,2026-06-01,9999-12-31,True
1737,C01081,Ayoub Rachidi,<18,m,Tétouan,Tanger-Tétouan-Al Hoceïma,Gold,influencer,2026-06-01,9999-12-31,True
1738,C01082,Hassan Alami,35-44,m,Agadir,Souss-Massa,Gold,direct,2026-06-01,9999-12-31,True
1739,C01083,Aisha Idrissi,25-34,f,Marrakech,Marrakech-Safi,Gold,direct,2026-06-01,9999-12-31,True
1740,C01084,Ayoub Rachidi,65+,m,Marrakech,Marrakech-Safi,Gold,organic,2026-06-01,9999-12-31,True
1741,C01087,Meryem Rachidi,45-54,f,Tétouan,Tanger-Tétouan-Al Hoceïma,Gold,email,2026-06-01,9999-12-31,True
1742,C01088,Hajar Tazi,65+,f,Oujda,Oriental,Gold,social_media,2026-06-01,9999-12-31,True
1743,C01089,Rim Tazi,45-54,f,Errachidia,Drâa-Tafilalet,Gold,referral,2026-06-01,9999-12-31,True
1744,C01091,Hicham Moussaoui,65+,m,Casablanca,Casablanca-Settat,Gold,social_media,2026-06-01,9999-12-31,True
1745,C01092,Samir Karimi,55-64,m,Kenitra,Rabat-Salé-Kénitra,Gold,direct,2026-06-01,9999-12-31,True
1746,C01093,Hajar Drissi,35-44,f,El Jadida,Casablanca-Settat,Gold,direct,2026-06-01,9999-12-31,True
1747,C01096,Rim Bensaid,65+,f,Tanger,Tanger-Tétouan-Al Hoceïma,Gold,influencer,2026-06-01,9999-12-31,True
1748,C01097,Amine Ziani,18-24,m,Meknès,Fès-Meknès,Gold,organic,2026-06-01,9999-12-31,True
1749,C01098,Nabil Chraibi,45-54,m,Tanger,Tanger-Tétouan-Al Hoceïma,Bronze,influencer,2026-06-01,9999-12-31,True
1750,C01099,Leila Bensaid,<18,f,Meknès,Fès-Meknès,Gold,direct,2026-06-01,9999-12-31,True
1751,C01101,Houda Drissi,65+,f,Tanger,Tanger-Tétouan-Al Hoceïma,Gold,organic,2026-06-01,9999-12-31,True
1752,C01102,Sara Hajji,65+,f,Rabat,Rabat-Salé-Kénitra,Gold,referral,2026-06-01,9999-12-31,True
1753,C01103,Rachid Rachidi,55-64,m,Oujda,Oriental,Gold,direct,2026-06-01,9999-12-31,True
1754,C01106,Sara Moussaoui,25-34,f,Tétouan,Tanger-Tétouan-Al Hoceïma,Gold,social_media,2026-06-01,9999-12-31,True
1755,C01107,Yasmine Hajji,65+,f,Fès,Fès-Meknès,Bronze,direct,2026-06-01,9999-12-31,True
1756,C01108,Youssef Filali,65+,m,Tétouan,Tanger-Tétouan-Al Hoceïma,Gold,influencer,2026-06-01,9999-12-31,True
1757,C01109,Leila Idrissi,55-64,f,Fès,Fès-Meknès,Gold,influencer,2026-06-01,9999-12-31,True
1758,C01110,Nabil El Mansouri,65+,m,Tétouan,Tanger-Tétouan-Al Hoceïma,Bronze,paid_search,2026-06-01,9999-12-31,True
1759,C01111,Amine Chaoui,65+,m,Marrakech,Marrakech-Safi,Gold,email,2026-06-01,9999-12-31,True
1760,C01112,Imane Tazi,65+,f,Oujda,Oriental,Gold,direct,2026-06-01,9999-12-31,True
1761,C01113,Rachid Karimi,65+,m,Nador,Oriental,Gold,social_media,2026-06-01,9999-12-31,True
1762,C01116,Nabil Jamai,55-64,m,Agadir,Souss-Massa,Gold,referral,2026-06-01,9999-12-31,True
1763,C01117,Meryem Karimi,55-64,f,Tanger,Tanger-Tétouan-Al Hoceïma,Gold,paid_search,2026-06-01,9999-12-31,True
1764,C01119,Ahmed Lahlou,25-34,m,Marrakech,Marrakech-Safi,Gold,social_media,2026-06-01,9999-12-31,True
1765,C01120,Ayoub Filali,45-54,m,Fès,Fès-Meknès,Gold,influencer,2026-06-01,9999-12-31,True
1766,C01121,Yasmine Tazi,55-64,f,El Jadida,Casablanca-Settat,Gold,social_media,2026-06-01,9999-12-31,True
1767,C01122,Tariq Bensaid,45-54,m,Fès,Fès-Meknès,Gold,social_media,2026-06-01,9999-12-31,True
1768,C01123,Aisha Alami,55-64,f,Fès,Fès-Meknès,Gold,paid_search,2026-06-01,9999-12-31,True
1769,C01126,Leila Jamai,18-24,f,Nador,Oriental,Gold,paid_search,2026-06-01,9999-12-31,True
1770,C01128,Sara Fassi,35-44,f,Agadir,Souss-Massa,Gold,social_media,2026-06-01,9999-12-31,True
1771,C01131,Ahmed Drissi,65+,m,Rabat,Rabat-Salé-Kénitra,Gold,email,2026-06-01,9999-12-31,True
1772,C01134,Meryem Rachidi,65+,f,Agadir,Souss-Massa,Gold,paid_search,2026-06-01,9999-12-31,True
1773,C01135,Meryem Naciri,18-24,f,Tétouan,Tanger-Tétouan-Al Hoceïma,Gold,paid_search,2026-06-01,9999-12-31,True
1774,C01136,Houda Jamai,<18,f,El Jadida,Casablanca-Settat,Gold,influencer,2026-06-01,9999-12-31,True
1775,C01137,Samir Jamai,65+,m,Oujda,Oriental,Gold,paid_search,2026-06-01,9999-12-31,True
1776,C01138,Amine Benali,45-54,m,Agadir,Souss-Massa,Gold,organic,2026-06-01,9999-12-31,True
1777,C01143,Fatima El Mansouri,25-34,f,Tétouan,Tanger-Tétouan-Al Hoceïma,Gold,social_media,2026-06-01,9999-12-31,True
1778,C01144,Hassan Rachidi,35-44,m,Casablanca,Casablanca-Settat,Gold,email,2026-06-01,9999-12-31,True
1779,C01145,Nadia Ziani,55-64,f,Rabat,Rabat-Salé-Kénitra,Gold,influencer,2026-06-01,9999-12-31,True
1780,C01147,Hicham Hajji,25-34,m,Agadir,Souss-Massa,Gold,email,2026-06-01,9999-12-31,True
1781,C01148,Omar Fassi,55-64,m,Oujda,Oriental,Gold,organic,2026-06-01,9999-12-31,True
1782,C01150,Karim Fassi,25-34,m,El Jadida,Casablanca-Settat,Gold,paid_search,2026-06-01,9999-12-31,True
1783,C01151,Ayoub Chraibi,45-54,m,Nador,Oriental,Gold,email,2026-06-01,9999-12-31,True
1784,C01152,Mohammed Ziani,35-44,m,Safi,Marrakech-Safi,Gold,referral,2026-06-01,9999-12-31,True
1785,C01153,Hicham Bensaid,45-54,m,Casablanca,Casablanca-Settat,Gold,organic,2026-06-01,9999-12-31,True
1786,C01154,Imane Karimi,55-64,f,Marrakech,Marrakech-Safi,Gold,influencer,2026-06-01,9999-12-31,True
1787,C01155,Rim Karimi,18-24,f,Tétouan,Tanger-Tétouan-Al Hoceïma,Gold,social_media,2026-06-01,9999-12-31,True
1788,C01156,Nabil Chaoui,<18,m,Oujda,Oriental,Gold,referral,2026-06-01,9999-12-31,True
1789,C01159,Mohammed Fassi,55-64,m,Errachidia,Drâa-Tafilalet,Bronze,email,2026-06-01,9999-12-31,True
1790,C01160,Nabil Fassi,<18,m,Agadir,Souss-Massa,Gold,influencer,2026-06-01,9999-12-31,True
1791,C01161,Omar El Mansouri,65+,m,Errachidia,Drâa-Tafilalet,Gold,influencer,2026-06-01,9999-12-31,True
1792,C01162,Rachid Ziani,18-24,m,Tanger,Tanger-Tétouan-Al Hoceïma,Gold,organic,2026-06-01,9999-12-31,True
1793,C01163,Imane Naciri,35-44,f,Fès,Fès-Meknès,Gold,influencer,2026-06-01,9999-12-31,True
1794,C01166,Soukaina Drissi,55-64,f,Nador,Oriental,Bronze,email,2026-06-01,9999-12-31,True
1795,C01167,Rachid Alami,35-44,m,Oujda,Oriental,Gold,email,2026-06-01,9999-12-31,True
1796,C01168,Adil Jamai,18-24,m,Safi,Marrakech-Safi,Gold,influencer,2026-06-01,9999-12-31,True
1797,C01172,Soukaina Ziani,65+,f,El Jadida,Casablanca-Settat,Gold,social_media,2026-06-01,9999-12-31,True
1798,C01175,Nadia Benali,25-34,f,Rabat,Rabat-Salé-Kénitra,Gold,referral,2026-06-01,9999-12-31,True
1799,C01176,Aisha Rachidi,45-54,f,Béni Mellal,Béni Mellal-Khénifra,Gold,influencer,2026-06-01,9999-12-31,True
1800,C01178,Adil Tazi,65+,m,Errachidia,Drâa-Tafilalet,Gold,paid_search,2026-06-01,9999-12-31,True
1801,C01179,Samir Karimi,65+,m,Errachidia,Drâa-Tafilalet,Gold,paid_search,2026-06-01,9999-12-31,True
1802,C01180,Hassan Fassi,55-64,m,Nador,Oriental,Gold,direct,2026-06-01,9999-12-31,True
1803,C01182,Leila Senhaji,65+,f,Marrakech,Marrakech-Safi,Gold,email,2026-06-01,9999-12-31,True
1804,C01183,Fatima Drissi,25-34,f,Safi,Marrakech-Safi,Gold,social_media,2026-06-01,9999-12-31,True
1805,C01184,Nabil Benali,35-44,m,Tétouan,Tanger-Tétouan-Al Hoceïma,Gold,influencer,2026-06-01,9999-12-31,True
1806,C01185,Amine Drissi,65+,m,Agadir,Souss-Massa,Gold,email,2026-06-01,9999-12-31,True
1807,C01190,Imane Filali,65+,f,Errachidia,Drâa-Tafilalet,Gold,direct,2026-06-01,9999-12-31,True
1808,C01192,Hajar Naciri,<18,f,Tétouan,Tanger-Tétouan-Al Hoceïma,Gold,social_media,2026-06-01,9999-12-31,True
1809,C01193,Karim Benali,65+,m,Fès,Fès-Meknès,Gold,organic,2026-06-01,9999-12-31,True
1810,C01194,Omar Naciri,18-24,m,Meknès,Fès-Meknès,Gold,social_media,2026-06-01,9999-12-31,True
1811,C01195,Aisha Benali,45-54,f,Errachidia,Drâa-Tafilalet,Gold,referral,2026-06-01,9999-12-31,True
1812,C01196,Ahmed Idrissi,45-54,m,Béni Mellal,Béni Mellal-Khénifra,Gold,direct,2026-06-01,9999-12-31,True
1813,C01198,Yasmine Lahlou,25-34,f,Nador,Oriental,Gold,social_media,2026-06-01,9999-12-31,True
1814,C01199,Nabil Fassi,18-24,m,Tétouan,Tanger-Tétouan-Al Hoceïma,Gold,direct,2026-06-01,9999-12-31,True
1815,C01201,Samir Naciri,25-34,m,Oujda,Oriental,Gold,direct,2026-06-01,9999-12-31,True
1816,C01204,Mehdi Rachidi,18-24,m,Kenitra,Rabat-Salé-Kénitra,Bronze,referral,2026-06-01,9999-12-31,True
1817,C01205,Omar Tazi,45-54,m,Kenitra,Rabat-Salé-Kénitra,Gold,influencer,2026-06-01,9999-12-31,True
1818,C01206,Youssef Hajji,18-24,m,Casablanca,Casablanca-Settat,Gold,influencer,2026-06-01,9999-12-31,True
1819,C01207,Fatima Benali,<18,f,Casablanca,Casablanca-Settat,Gold,direct,2026-06-01,9999-12-31,True
1820,C01208,Ahmed Gharbi,65+,m,El Jadida,Casablanca-Settat,Gold,email,2026-06-01,9999-12-31,True
1821,C01209,Houda Filali,45-54,f,Kenitra,Rabat-Salé-Kénitra,Gold,paid_search,2026-06-01,9999-12-31,True
1822,C01210,Zineb Senhaji,45-54,f,El Jadida,Casablanca-Settat,Gold,referral,2026-06-01,9999-12-31,True
1823,C01211,Zineb Alami,45-54,f,Nador,Oriental,Gold,email,2026-06-01,9999-12-31,True
1824,C01213,Adil Ziani,65+,m,Fès,Fès-Meknès,Gold,referral,2026-06-01,9999-12-31,True
1825,C01214,Khadija Lahlou,65+,f,Casablanca,Casablanca-Settat,Gold,influencer,2026-06-01,9999-12-31,True
1826,C01215,Nadia Senhaji,45-54,f,Kenitra,Rabat-Salé-Kénitra,Gold,paid_search,2026-06-01,9999-12-31,True
1827,C01219,Nabil Filali,35-44,m,Meknès,Fès-Meknès,Silver,influencer,2026-06-01,9999-12-31,True
1828,C01220,Meryem Ziani,35-44,f,Fès,Fès-Meknès,Gold,social_media,2026-06-01,9999-12-31,True
1829,C01221,Khadija Benali,18-24,f,Fès,Fès-Meknès,Gold,social_media,2026-06-01,9999-12-31,True
1830,C01222,Khadija Karimi,25-34,f,Casablanca,Casablanca-Settat,Gold,influencer,2026-06-01,9999-12-31,True
1831,C01224,Ayoub Naciri,65+,m,El Jadida,Casablanca-Settat,Gold,referral,2026-06-01,9999-12-31,True
1832,C01225,Soukaina Tazi,35-44,f,Tétouan,Tanger-Tétouan-Al Hoceïma,Gold,referral,2026-06-01,9999-12-31,True
1833,C01226,Hicham Bensaid,65+,m,Béni Mellal,Béni Mellal-Khénifra,Gold,paid_search,2026-06-01,9999-12-31,True
1834,C01227,Ayoub Bensaid,55-64,m,Casablanca,Casablanca-Settat,Gold,influencer,2026-06-01,9999-12-31,True
1835,C01228,Aisha Tazi,55-64,f,Rabat,Rabat-Salé-Kénitra,Gold,social_media,2026-06-01,9999-12-31,True
1836,C01229,Tariq Bensaid,55-64,m,Casablanca,Casablanca-Settat,Gold,influencer,2026-06-01,9999-12-31,True
1837,C01230,Sara Senhaji,55-64,f,Fès,Fès-Meknès,Gold,influencer,2026-06-01,9999-12-31,True
1838,C01233,Meryem Tazi,65+,f,Nador,Oriental,Gold,influencer,2026-06-01,9999-12-31,True
1839,C01234,Nadia Benali,65+,f,Agadir,Souss-Massa,Gold,referral,2026-06-01,9999-12-31,True
1840,C01235,Amine Benali,25-34,m,Nador,Oriental,Gold,referral,2026-06-01,9999-12-31,True
1841,C01236,Mehdi Lahlou,45-54,m,Errachidia,Drâa-Tafilalet,Gold,social_media,2026-06-01,9999-12-31,True
1842,C01237,Soukaina Bensaid,65+,f,Safi,Marrakech-Safi,Gold,referral,2026-06-01,9999-12-31,True
1843,C01239,Khadija Bensaid,25-34,f,Marrakech,Marrakech-Safi,Gold,organic,2026-06-01,9999-12-31,True
1844,C01242,Imane Alami,25-34,f,Tétouan,Tanger-Tétouan-Al Hoceïma,Gold,influencer,2026-06-01,9999-12-31,True
1845,C01245,Hassan Gharbi,65+,m,Marrakech,Marrakech-Safi,Gold,social_media,2026-06-01,9999-12-31,True
1846,C01247,Hicham Bensaid,65+,m,Nador,Oriental,Gold,organic,2026-06-01,9999-12-31,True
1847,C01249,Nadia Alami,65+,f,Béni Mellal,Béni Mellal-Khénifra,Gold,influencer,2026-06-01,9999-12-31,True
1848,C01250,Rim El Mansouri,25-34,f,Errachidia,Drâa-Tafilalet,Gold,referral,2026-06-01,9999-12-31,True
1849,C01252,Sanaa Fassi,65+,f,Meknès,Fès-Meknès,Gold,organic,2026-06-01,9999-12-31,True
1850,C01253,Mohammed Moussaoui,65+,m,Meknès,Fès-Meknès,Gold,paid_search,2026-06-01,9999-12-31,True
1851,C01255,Nadia Senhaji,18-24,f,Fès,Fès-Meknès,Gold,organic,2026-06-01,9999-12-31,True
1852,C01256,Ayoub Ouali,35-44,m,Safi,Marrakech-Safi,Gold,influencer,2026-06-01,9999-12-31,True
1853,C01257,Ahmed Chraibi,35-44,m,Agadir,Souss-Massa,Gold,referral,2026-06-01,9999-12-31,True
1854,C01259,Hajar Alami,65+,f,Meknès,Fès-Meknès,Gold,paid_search,2026-06-01,9999-12-31,True
1855,C01260,Ayoub Moussaoui,55-64,m,Casablanca,Casablanca-Settat,Gold,email,2026-06-01,9999-12-31,True
1856,C01262,Ahmed Ziani,65+,m,Tétouan,Tanger-Tétouan-Al Hoceïma,Gold,referral,2026-06-01,9999-12-31,True
1857,C01263,Soukaina Tazi,18-24,f,Tétouan,Tanger-Tétouan-Al Hoceïma,Gold,paid_search,2026-06-01,9999-12-31,True
1858,C01265,Soukaina Benali,45-54,f,Meknès,Fès-Meknès,Gold,direct,2026-06-01,9999-12-31,True
1859,C01267,Meryem Rachidi,65+,f,Meknès,Fès-Meknès,Gold,direct,2026-06-01,9999-12-31,True
1860,C01268,Amine Chraibi,18-24,m,Oujda,Oriental,Gold,referral,2026-06-01,9999-12-31,True
1861,C01269,Mohammed Filali,55-64,m,Marrakech,Marrakech-Safi,Gold,paid_search,2026-06-01,9999-12-31,True
1862,C01270,Youssef Lahlou,65+,m,Béni Mellal,Béni Mellal-Khénifra,Gold,social_media,2026-06-01,9999-12-31,True
1863,C01271,Mehdi Ziani,25-34,m,Kenitra,Rabat-Salé-Kénitra,Gold,email,2026-06-01,9999-12-31,True
1864,C01273,Mehdi Moussaoui,55-64,m,Tanger,Tanger-Tétouan-Al Hoceïma,Gold,direct,2026-06-01,9999-12-31,True
1865,C01274,Imane Idrissi,25-34,f,Casablanca,Casablanca-Settat,Gold,organic,2026-06-01,9999-12-31,True
1866,C01275,Mehdi Karimi,55-64,m,Marrakech,Marrakech-Safi,Gold,email,2026-06-01,9999-12-31,True
1867,C01276,Leila Drissi,65+,f,Casablanca,Casablanca-Settat,Gold,organic,2026-06-01,9999-12-31,True
1868,C01278,Nabil Ziani,25-34,m,Marrakech,Marrakech-Safi,Gold,referral,2026-06-01,9999-12-31,True
1869,C01279,Houda Fassi,65+,f,Agadir,Souss-Massa,Gold,paid_search,2026-06-01,9999-12-31,True
1870,C01280,Nadia Jamai,65+,f,Kenitra,Rabat-Salé-Kénitra,Gold,email,2026-06-01,9999-12-31,True
1871,C01282,Ayoub Benali,35-44,m,Casablanca,Casablanca-Settat,Gold,influencer,2026-06-01,9999-12-31,True
1872,C01284,Nadia Jamai,65+,f,Rabat,Rabat-Salé-Kénitra,Gold,direct,2026-06-01,9999-12-31,True
1873,C01286,Nabil Tazi,18-24,m,Tétouan,Tanger-Tétouan-Al Hoceïma,Silver,referral,2026-06-01,9999-12-31,True
1874,C01288,Adil Rachidi,35-44,m,Meknès,Fès-Meknès,Gold,email,2026-06-01,9999-12-31,True
1875,C01289,Zineb El Mansouri,55-64,f,Casablanca,Casablanca-Settat,Gold,direct,2026-06-01,9999-12-31,True
1876,C01290,Amine Benali,65+,m,Casablanca,Casablanca-Settat,Gold,direct,2026-06-01,9999-12-31,True
1877,C01291,Ayoub Ziani,18-24,m,Rabat,Rabat-Salé-Kénitra,Gold,social_media,2026-06-01,9999-12-31,True
1878,C01292,Yasmine Fassi,65+,f,Nador,Oriental,Gold,social_media,2026-06-01,9999-12-31,True
1879,C01294,Hajar Rachidi,<18,f,Marrakech,Marrakech-Safi,Bronze,direct,2026-06-01,9999-12-31,True
1880,C01295,Youssef Ouali,35-44,m,Rabat,Rabat-Salé-Kénitra,Gold,referral,2026-06-01,9999-12-31,True
1881,C01297,Youssef Lahlou,18-24,m,Meknès,Fès-Meknès,Gold,influencer,2026-06-01,9999-12-31,True
1882,C01299,Ayoub Moussaoui,65+,m,Meknès,Fès-Meknès,Gold,influencer,2026-06-01,9999-12-31,True
1883,C01301,Mohammed Bensaid,65+,m,Nador,Oriental,Gold,social_media,2026-06-01,9999-12-31,True
1884,C01303,Ahmed Drissi,18-24,m,Béni Mellal,Béni Mellal-Khénifra,Gold,direct,2026-06-01,9999-12-31,True
1885,C01304,Yasmine Hajji,45-54,f,Oujda,Oriental,Gold,direct,2026-06-01,9999-12-31,True
1886,C01305,Rachid Chraibi,45-54,m,Casablanca,Casablanca-Settat,Gold,direct,2026-06-01,9999-12-31,True
1887,C01306,Ayoub Karimi,25-34,m,Marrakech,Marrakech-Safi,Gold,referral,2026-06-01,9999-12-31,True
1888,C01308,Imane Alami,25-34,f,Oujda,Oriental,Gold,paid_search,2026-06-01,9999-12-31,True
1889,C01310,Leila Tazi,18-24,f,Oujda,Oriental,Gold,social_media,2026-06-01,9999-12-31,True
1890,C01314,Adil Senhaji,65+,m,Casablanca,Casablanca-Settat,Bronze,organic,2026-06-01,9999-12-31,True
1891,C01315,Sara Naciri,<18,f,Casablanca,Casablanca-Settat,Gold,organic,2026-06-01,9999-12-31,True
1892,C01317,Sanaa Senhaji,65+,f,Béni Mellal,Béni Mellal-Khénifra,Bronze,social_media,2026-06-01,9999-12-31,True
1893,C01319,Tariq Moussaoui,65+,m,Casablanca,Casablanca-Settat,Gold,influencer,2026-06-01,9999-12-31,True
1894,C01322,Hicham Ziani,<18,m,El Jadida,Casablanca-Settat,Bronze,referral,2026-06-01,9999-12-31,True
1895,C01325,Rachid Rachidi,55-64,m,Fès,Fès-Meknès,Gold,referral,2026-06-01,9999-12-31,True
1896,C01326,Soukaina Alami,65+,f,Fès,Fès-Meknès,Gold,referral,2026-06-01,9999-12-31,True
1897,C01327,Ahmed Chaoui,65+,m,Casablanca,Casablanca-Settat,Gold,influencer,2026-06-01,9999-12-31,True
1898,C01329,Mehdi Moussaoui,25-34,m,Kenitra,Rabat-Salé-Kénitra,Bronze,referral,2026-06-01,9999-12-31,True
1899,C01331,Hicham Gharbi,25-34,m,Kenitra,Rabat-Salé-Kénitra,Gold,referral,2026-06-01,9999-12-31,True
1900,C01334,Karim Moussaoui,65+,m,Marrakech,Marrakech-Safi,Gold,email,2026-06-01,9999-12-31,True
1901,C01336,Aisha Moussaoui,45-54,f,Kenitra,Rabat-Salé-Kénitra,Gold,referral,2026-06-01,9999-12-31,True
1902,C01337,Hassan Tazi,18-24,m,Marrakech,Marrakech-Safi,Bronze,influencer,2026-06-01,9999-12-31,True
1903,C01338,Khadija Ziani,18-24,f,Tétouan,Tanger-Tétouan-Al Hoceïma,Gold,referral,2026-06-01,9999-12-31,True
1904,C01342,Nabil Idrissi,18-24,m,Errachidia,Drâa-Tafilalet,Gold,social_media,2026-06-01,9999-12-31,True
1905,C01346,Sanaa Hajji,25-34,f,Casablanca,Casablanca-Settat,Gold,referral,2026-06-01,9999-12-31,True
1906,C01347,Leila Naciri,25-34,f,Tétouan,Tanger-Tétouan-Al Hoceïma,Gold,paid_search,2026-06-01,9999-12-31,True
1907,C01354,Ahmed Lahlou,65+,m,Tanger,Tanger-Tétouan-Al Hoceïma,Gold,referral,2026-06-01,9999-12-31,True
1908,C01360,Soukaina Tazi,25-34,f,Errachidia,Drâa-Tafilalet,Gold,direct,2026-06-01,9999-12-31,True
1909,C01363,Hassan Bensaid,45-54,m,Safi,Marrakech-Safi,Gold,paid_search,2026-06-01,9999-12-31,True
1910,C01366,Leila Chraibi,65+,f,Safi,Marrakech-Safi,Gold,referral,2026-06-01,9999-12-31,True
1911,C01368,Mohammed Chaoui,<18,m,Marrakech,Marrakech-Safi,Gold,referral,2026-06-01,9999-12-31,True
1912,C01372,Leila Lahlou,45-54,f,Errachidia,Drâa-Tafilalet,Gold,organic,2026-06-01,9999-12-31,True
1913,C01374,Mohammed Alami,35-44,m,Safi,Marrakech-Safi,Bronze,paid_search,2026-06-01,9999-12-31,True
1914,C01375,Karim Alami,<18,m,Marrakech,Marrakech-Safi,Gold,paid_search,2026-06-01,9999-12-31,True
1915,C01379,Soukaina Bensaid,65+,f,Meknès,Fès-Meknès,Gold,organic,2026-06-01,9999-12-31,True
1916,C01381,Adil Ziani,55-64,m,Agadir,Souss-Massa,Bronze,direct,2026-06-01,9999-12-31,True
1917,C01382,Samir El Mansouri,18-24,m,Nador,Oriental,Gold,referral,2026-06-01,9999-12-31,True
1918,C01383,Sara Naciri,65+,f,Tétouan,Tanger-Tétouan-Al Hoceïma,Gold,email,2026-06-01,9999-12-31,True
1919,C01384,Nadia El Mansouri,65+,f,Oujda,Oriental,Gold,social_media,2026-06-01,9999-12-31,True
1920,C01389,Aisha Benali,65+,f,Rabat,Rabat-Salé-Kénitra,Gold,influencer,2026-06-01,9999-12-31,True
1921,C01391,Adil Chraibi,65+,m,Safi,Marrakech-Safi,Gold,email,2026-06-01,9999-12-31,True
1922,C01393,Mohammed Idrissi,65+,m,Fès,Fès-Meknès,Gold,social_media,2026-06-01,9999-12-31,True
1923,C01395,Leila Ziani,45-54,f,Fès,Fès-Meknès,Gold,paid_search,2026-06-01,9999-12-31,True
1924,C01398,Hajar Alami,25-34,f,El Jadida,Casablanca-Settat,Gold,direct,2026-06-01,9999-12-31,True
1925,C01399,Youssef Karimi,55-64,m,Rabat,Rabat-Salé-Kénitra,Gold,email,2026-06-01,9999-12-31,True
1926,C01400,Karim Idrissi,25-34,m,Meknès,Fès-Meknès,Gold,organic,2026-06-01,9999-12-31,True
1927,C01401,Youssef Naciri,35-44,m,El Jadida,Casablanca-Settat,Gold,referral,2026-06-01,9999-12-31,True
1928,C01402,Fatima Ouali,65+,f,Meknès,Fès-Meknès,Gold,direct,2026-06-01,9999-12-31,True
1929,C01403,Rim Alami,18-24,f,Marrakech,Marrakech-Safi,Gold,social_media,2026-06-01,9999-12-31,True
1930,C01405,Omar Chraibi,65+,m,El Jadida,Casablanca-Settat,Gold,social_media,2026-06-01,9999-12-31,True
1931,C01406,Karim Moussaoui,65+,m,Nador,Oriental,Gold,influencer,2026-06-01,9999-12-31,True
1932,C01407,Ahmed Tazi,<18,m,Kenitra,Rabat-Salé-Kénitra,Gold,social_media,2026-06-01,9999-12-31,True
1933,C01408,Tariq Jamai,35-44,m,Oujda,Oriental,Gold,influencer,2026-06-01,9999-12-31,True
1934,C01411,Ahmed Alami,65+,m,Fès,Fès-Meknès,Gold,referral,2026-06-01,9999-12-31,True
1935,C01412,Meryem Idrissi,25-34,f,Meknès,Fès-Meknès,Gold,email,2026-06-01,9999-12-31,True
1936,C01413,Yasmine Ouali,65+,f,Safi,Marrakech-Safi,Gold,referral,2026-06-01,9999-12-31,True
1937,C01415,Hassan Ouali,65+,m,El Jadida,Casablanca-Settat,Gold,referral,2026-06-01,9999-12-31,True
1938,C01416,Youssef Gharbi,65+,m,Agadir,Souss-Massa,Gold,paid_search,2026-06-01,9999-12-31,True
1939,C01417,Samir Lahlou,65+,m,Kenitra,Rabat-Salé-Kénitra,Gold,direct,2026-06-01,9999-12-31,True
1940,C01418,Khadija Ouali,55-64,f,Tanger,Tanger-Tétouan-Al Hoceïma,Gold,influencer,2026-06-01,9999-12-31,True
1941,C01419,Ahmed Tazi,65+,m,El Jadida,Casablanca-Settat,Silver,email,2026-06-01,9999-12-31,True
1942,C01421,Youssef Filali,45-54,m,Nador,Oriental,Gold,direct,2026-06-01,9999-12-31,True
1943,C01423,Hassan El Mansouri,55-64,m,Fès,Fès-Meknès,Gold,influencer,2026-06-01,9999-12-31,True
1944,C01424,Mehdi Chaoui,65+,m,Nador,Oriental,Gold,social_media,2026-06-01,9999-12-31,True
1945,C01427,Hassan Hajji,55-64,m,Rabat,Rabat-Salé-Kénitra,Gold,paid_search,2026-06-01,9999-12-31,True
1946,C01428,Fatima Senhaji,65+,f,El Jadida,Casablanca-Settat,Gold,social_media,2026-06-01,9999-12-31,True
1947,C01430,Khadija Gharbi,45-54,f,Rabat,Rabat-Salé-Kénitra,Gold,paid_search,2026-06-01,9999-12-31,True
1948,C01434,Omar Idrissi,<18,m,Casablanca,Casablanca-Settat,Gold,organic,2026-06-01,9999-12-31,True
1949,C01435,Hajar Idrissi,<18,f,Meknès,Fès-Meknès,Gold,direct,2026-06-01,9999-12-31,True
1950,C01436,Hajar Chraibi,55-64,f,Safi,Marrakech-Safi,Gold,referral,2026-06-01,9999-12-31,True
1951,C01437,Soukaina Chaoui,35-44,f,Agadir,Souss-Massa,Gold,referral,2026-06-01,9999-12-31,True
1952,C01439,Sara Drissi,55-64,f,Marrakech,Marrakech-Safi,Gold,email,2026-06-01,9999-12-31,True
1953,C01440,Samir Idrissi,35-44,m,Marrakech,Marrakech-Safi,Gold,organic,2026-06-01,9999-12-31,True
1954,C01441,Khadija Naciri,<18,f,Kenitra,Rabat-Salé-Kénitra,Gold,influencer,2026-06-01,9999-12-31,True
1955,C01443,Hajar Fassi,<18,f,Casablanca,Casablanca-Settat,Bronze,influencer,2026-06-01,9999-12-31,True
1956,C01444,Nabil Senhaji,35-44,m,Meknès,Fès-Meknès,Gold,email,2026-06-01,9999-12-31,True
1957,C01446,Rim Senhaji,65+,f,Casablanca,Casablanca-Settat,Gold,influencer,2026-06-01,9999-12-31,True
1958,C01447,Ahmed Naciri,<18,m,El Jadida,Casablanca-Settat,Gold,paid_search,2026-06-01,9999-12-31,True
1959,C01453,Rim Tazi,35-44,f,Nador,Oriental,Gold,influencer,2026-06-01,9999-12-31,True
1960,C01454,Zineb Gharbi,35-44,f,Rabat,Rabat-Salé-Kénitra,Gold,influencer,2026-06-01,9999-12-31,True
1961,C01457,Nadia Drissi,65+,f,Nador,Oriental,Gold,organic,2026-06-01,9999-12-31,True
1962,C01459,Hajar Idrissi,65+,f,Errachidia,Drâa-Tafilalet,Gold,direct,2026-06-01,9999-12-31,True
1963,C01460,Aisha Chaoui,65+,f,Béni Mellal,Béni Mellal-Khénifra,Gold,paid_search,2026-06-01,9999-12-31,True
1964,C01462,Aisha El Mansouri,35-44,f,El Jadida,Casablanca-Settat,Gold,referral,2026-06-01,9999-12-31,True
1965,C01464,Rim Alami,65+,f,Nador,Oriental,Bronze,social_media,2026-06-01,9999-12-31,True
1966,C01466,Youssef Benali,18-24,m,El Jadida,Casablanca-Settat,Gold,paid_search,2026-06-01,9999-12-31,True
1967,C01468,Yasmine Jamai,55-64,f,Marrakech,Marrakech-Safi,Gold,email,2026-06-01,9999-12-31,True
1968,C01471,Mehdi Fassi,45-54,m,Tétouan,Tanger-Tétouan-Al Hoceïma,Gold,influencer,2026-06-01,9999-12-31,True
1969,C01472,Khadija Moussaoui,45-54,f,Safi,Marrakech-Safi,Gold,influencer,2026-06-01,9999-12-31,True
1970,C01473,Adil Jamai,65+,m,Fès,Fès-Meknès,Gold,social_media,2026-06-01,9999-12-31,True
1971,C01476,Sara Benali,18-24,f,Marrakech,Marrakech-Safi,Gold,influencer,2026-06-01,9999-12-31,True
1972,C01477,Sanaa Karimi,18-24,f,Tanger,Tanger-Tétouan-Al Hoceïma,Gold,email,2026-06-01,9999-12-31,True
1973,C01478,Yasmine Chaoui,18-24,f,Casablanca,Casablanca-Settat,Gold,paid_search,2026-06-01,9999-12-31,True
1974,C01479,Imane Moussaoui,35-44,f,Agadir,Souss-Massa,Gold,paid_search,2026-06-01,9999-12-31,True
1975,C01481,Omar Tazi,35-44,m,Rabat,Rabat-Salé-Kénitra,Gold,social_media,2026-06-01,9999-12-31,True
1976,C01482,Zineb Jamai,<18,f,Nador,Oriental,Gold,direct,2026-06-01,9999-12-31,True
1977,C01483,Soukaina Tazi,65+,f,Tétouan,Tanger-Tétouan-Al Hoceïma,Gold,organic,2026-06-01,9999-12-31,True
1978,C01487,Zineb Ouali,65+,f,Meknès,Fès-Meknès,Gold,referral,2026-06-01,9999-12-31,True
1979,C01488,Soukaina Karimi,35-44,f,Errachidia,Drâa-Tafilalet,Gold,influencer,2026-06-01,9999-12-31,True
1980,C01489,Imane Rachidi,25-34,f,Kenitra,Rabat-Salé-Kénitra,Gold,influencer,2026-06-01,9999-12-31,True
1981,C01490,Ahmed Ouali,25-34,m,Errachidia,Drâa-Tafilalet,Gold,direct,2026-06-01,9999-12-31,True
1982,C01491,Yasmine Idrissi,25-34,f,Agadir,Souss-Massa,Gold,influencer,2026-06-01,9999-12-31,True
1983,C01495,Omar Lahlou,65+,m,Meknès,Fès-Meknès,Gold,influencer,2026-06-01,9999-12-31,True
1984,C01498,Sara Moussaoui,65+,f,Errachidia,Drâa-Tafilalet,Gold,social_media,2026-06-01,9999-12-31,True
1985,C01499,Hassan Jamai,45-54,m,Meknès,Fès-Meknès,Gold,organic,2026-06-01,9999-12-31,True
1986,C01500,Zineb Alami,55-64,f,Casablanca,Casablanca-Settat,Gold,paid_search,2026-06-01,9999-12-31,True
1987,C01501,Khadija Fassi,65+,f,Fès,Fès-Meknès,Gold,paid_search,2026-06-01,9999-12-31,True
1988,C01503,Youssef Ziani,65+,m,Rabat,Rabat-Salé-Kénitra,Gold,direct,2026-06-01,9999-12-31,True
1989,C01504,Leila Naciri,65+,f,Safi,Marrakech-Safi,Gold,organic,2026-06-01,9999-12-31,True
1990,C01506,Mohammed Idrissi,35-44,m,Rabat,Rabat-Salé-Kénitra,Gold,email,2026-06-01,9999-12-31,True
1991,C01507,Meryem Filali,65+,f,Kenitra,Rabat-Salé-Kénitra,Gold,organic,2026-06-01,9999-12-31,True
1992,C01508,Mehdi Karimi,45-54,m,Tanger,Tanger-Tétouan-Al Hoceïma,Gold,paid_search,2026-06-01,9999-12-31,True
1993,C01509,Rim Senhaji,55-64,f,Safi,Marrakech-Safi,Gold,referral,2026-06-01,9999-12-31,True
1994,C01511,Mohammed Jamai,25-34,m,Kenitra,Rabat-Salé-Kénitra,Gold,referral,2026-06-01,9999-12-31,True
1995,C01513,Mohammed Hajji,<18,m,Tanger,Tanger-Tétouan-Al Hoceïma,Gold,referral,2026-06-01,9999-12-31,True
1996,C01515,Meryem Fassi,65+,f,Tanger,Tanger-Tétouan-Al Hoceïma,Gold,paid_search,2026-06-01,9999-12-31,True
1997,C01516,Hicham Ouali,35-44,m,Errachidia,Drâa-Tafilalet,Gold,paid_search,2026-06-01,9999-12-31,True
1998,C01517,Mehdi Karimi,65+,m,Meknès,Fès-Meknès,Gold,influencer,2026-06-01,9999-12-31,True
1999,C01518,Mohammed Chaoui,35-44,m,Rabat,Rabat-Salé-Kénitra,Gold,social_media,2026-06-01,9999-12-31,True
2000,C01521,Khadija Ouali,<18,f,Tétouan,Tanger-Tétouan-Al Hoceïma,Bronze,referral,2026-06-01,9999-12-31,True
2001,C01525,Houda Ziani,65+,f,Kenitra,Rabat-Salé-Kénitra,Gold,email,2026-06-01,9999-12-31,True
2002,C01526,Nadia Tazi,45-54,f,Fès,Fès-Meknès,Gold,email,2026-06-01,9999-12-31,True
2003,C01529,Meryem Bensaid,65+,f,Kenitra,Rabat-Salé-Kénitra,Gold,referral,2026-06-01,9999-12-31,True
2004,C01530,Hicham Filali,65+,m,Tétouan,Tanger-Tétouan-Al Hoceïma,Gold,direct,2026-06-01,9999-12-31,True
2005,C01532,Aisha Ziani,55-64,f,Casablanca,Casablanca-Settat,Gold,referral,2026-06-01,9999-12-31,True
2006,C01533,Houda Ouali,<18,f,Meknès,Fès-Meknès,Gold,organic,2026-06-01,9999-12-31,True
2007,C01534,Samir Gharbi,35-44,m,Marrakech,Marrakech-Safi,Gold,organic,2026-06-01,9999-12-31,True
2008,C01535,Zineb Idrissi,65+,f,Marrakech,Marrakech-Safi,Gold,social_media,2026-06-01,9999-12-31,True
2009,C01538,Sanaa Bensaid,35-44,f,Agadir,Souss-Massa,Gold,email,2026-06-01,9999-12-31,True
2010,C01539,Hajar Lahlou,65+,f,Béni Mellal,Béni Mellal-Khénifra,Gold,organic,2026-06-01,9999-12-31,True
2011,C01541,Hajar Filali,<18,f,Nador,Oriental,Gold,organic,2026-06-01,9999-12-31,True
2012,C01543,Hassan Ouali,55-64,m,El Jadida,Casablanca-Settat,Gold,direct,2026-06-01,9999-12-31,True
2013,C01545,Meryem Tazi,65+,f,Béni Mellal,Béni Mellal-Khénifra,Gold,referral,2026-06-01,9999-12-31,True
2014,C01546,Amine Benali,65+,m,El Jadida,Casablanca-Settat,Gold,organic,2026-06-01,9999-12-31,True
2015,C01547,Imane Tazi,35-44,f,Béni Mellal,Béni Mellal-Khénifra,Gold,social_media,2026-06-01,9999-12-31,True
2016,C01551,Zineb Hajji,<18,f,Casablanca,Casablanca-Settat,Gold,referral,2026-06-01,9999-12-31,True
2017,C01552,Yasmine Jamai,65+,f,Tétouan,Tanger-Tétouan-Al Hoceïma,Gold,email,2026-06-01,9999-12-31,True
2018,C01553,Sara Tazi,55-64,f,El Jadida,Casablanca-Settat,Gold,influencer,2026-06-01,9999-12-31,True
2019,C01554,Youssef El Mansouri,65+,m,Safi,Marrakech-Safi,Bronze,direct,2026-06-01,9999-12-31,True
2020,C01555,Yasmine Chaoui,65+,f,Errachidia,Drâa-Tafilalet,Gold,social_media,2026-06-01,9999-12-31,True
2021,C01557,Tariq Rachidi,55-64,m,Errachidia,Drâa-Tafilalet,Gold,influencer,2026-06-01,9999-12-31,True
2022,C01562,Fatima El Mansouri,18-24,f,Meknès,Fès-Meknès,Gold,paid_search,2026-06-01,9999-12-31,True
2023,C01563,Omar Lahlou,55-64,m,Tanger,Tanger-Tétouan-Al Hoceïma,Gold,influencer,2026-06-01,9999-12-31,True
2024,C01564,Aisha Lahlou,65+,f,Safi,Marrakech-Safi,Gold,social_media,2026-06-01,9999-12-31,True
2025,C01565,Sanaa Drissi,<18,f,Nador,Oriental,Gold,social_media,2026-06-01,9999-12-31,True
2026,C01566,Fatima Fassi,55-64,f,Agadir,Souss-Massa,Gold,paid_search,2026-06-01,9999-12-31,True
2027,C01567,Nadia Chaoui,65+,f,Nador,Oriental,Gold,direct,2026-06-01,9999-12-31,True
2028,C01569,Houda Gharbi,25-34,f,Nador,Oriental,Gold,referral,2026-06-01,9999-12-31,True
2029,C01570,Tariq Karimi,65+,m,Meknès,Fès-Meknès,Gold,direct,2026-06-01,9999-12-31,True
2030,C01571,Tariq Fassi,65+,m,El Jadida,Casablanca-Settat,Gold,organic,2026-06-01,9999-12-31,True
2031,C01572,Hicham Karimi,65+,m,Tanger,Tanger-Tétouan-Al Hoceïma,Gold,influencer,2026-06-01,9999-12-31,True
2032,C01576,Mohammed Idrissi,25-34,m,Béni Mellal,Béni Mellal-Khénifra,Gold,organic,2026-06-01,9999-12-31,True
2033,C01579,Tariq Tazi,65+,m,Rabat,Rabat-Salé-Kénitra,Gold,influencer,2026-06-01,9999-12-31,True
2034,C01581,Houda Senhaji,65+,f,Kenitra,Rabat-Salé-Kénitra,Gold,organic,2026-06-01,9999-12-31,True
2035,C01582,Adil Benali,65+,m,Casablanca,Casablanca-Settat,Gold,referral,2026-06-01,9999-12-31,True
2036,C01584,Tariq Ouali,65+,m,Casablanca,Casablanca-Settat,Gold,referral,2026-06-01,9999-12-31,True
2037,C01585,Nabil Senhaji,35-44,m,El Jadida,Casablanca-Settat,Gold,direct,2026-06-01,9999-12-31,True
2038,C01586,Soukaina Drissi,18-24,f,Meknès,Fès-Meknès,Gold,social_media,2026-06-01,9999-12-31,True
2039,C01587,Adil Jamai,65+,m,Rabat,Rabat-Salé-Kénitra,Gold,email,2026-06-01,9999-12-31,True
2040,C01588,Youssef Filali,65+,m,Oujda,Oriental,Gold,paid_search,2026-06-01,9999-12-31,True
2041,C01592,Ayoub Alami,18-24,m,Meknès,Fès-Meknès,Gold,organic,2026-06-01,9999-12-31,True
2042,C01593,Rachid Jamai,18-24,m,Tétouan,Tanger-Tétouan-Al Hoceïma,Gold,social_media,2026-06-01,9999-12-31,True
2043,C01594,Khadija Chraibi,45-54,f,Kenitra,Rabat-Salé-Kénitra,Gold,organic,2026-06-01,9999-12-31,True
2044,C01595,Ahmed Hajji,35-44,m,Rabat,Rabat-Salé-Kénitra,Gold,paid_search,2026-06-01,9999-12-31,True
2045,C01598,Amine Ziani,65+,m,Béni Mellal,Béni Mellal-Khénifra,Gold,paid_search,2026-06-01,9999-12-31,True
2046,C01602,Soukaina Hajji,55-64,f,Tétouan,Tanger-Tétouan-Al Hoceïma,Gold,email,2026-06-01,9999-12-31,True
2047,C01603,Houda Ouali,45-54,f,Béni Mellal,Béni Mellal-Khénifra,Gold,social_media,2026-06-01,9999-12-31,True
2048,C01604,Mehdi Ouali,65+,m,Kenitra,Rabat-Salé-Kénitra,Gold,direct,2026-06-01,9999-12-31,True
2049,C01608,Fatima Benali,65+,f,Casablanca,Casablanca-Settat,Gold,direct,2026-06-01,9999-12-31,True
2050,C01609,Aisha Lahlou,<18,f,Meknès,Fès-Meknès,Gold,social_media,2026-06-01,9999-12-31,True
2051,C01612,Rachid Naciri,25-34,m,Nador,Oriental,Gold,referral,2026-06-01,9999-12-31,True
2052,C01613,Imane Naciri,65+,f,Marrakech,Marrakech-Safi,Gold,paid_search,2026-06-01,9999-12-31,True
2053,C01615,Meryem Ziani,55-64,f,Marrakech,Marrakech-Safi,Gold,direct,2026-06-01,9999-12-31,True
2054,C01617,Mohammed Moussaoui,25-34,m,Nador,Oriental,Gold,referral,2026-06-01,9999-12-31,True
2055,C01620,Nadia Gharbi,45-54,f,Béni Mellal,Béni Mellal-Khénifra,Gold,referral,2026-06-01,9999-12-31,True
2056,C01621,Fatima Hajji,65+,f,Tanger,Tanger-Tétouan-Al Hoceïma,Gold,social_media,2026-06-01,9999-12-31,True
2057,C01624,Rim Bensaid,65+,f,Safi,Marrakech-Safi,Gold,organic,2026-06-01,9999-12-31,True
2058,C01625,Rachid Karimi,<18,m,Kenitra,Rabat-Salé-Kénitra,Gold,paid_search,2026-06-01,9999-12-31,True
2059,C01626,Adil Ouali,65+,m,Tanger,Tanger-Tétouan-Al Hoceïma,Gold,paid_search,2026-06-01,9999-12-31,True
2060,C01627,Youssef Gharbi,55-64,m,Meknès,Fès-Meknès,Gold,influencer,2026-06-01,9999-12-31,True
2061,C01628,Mohammed Ouali,<18,m,Kenitra,Rabat-Salé-Kénitra,Bronze,paid_search,2026-06-01,9999-12-31,True
2062,C01629,Mohammed Fassi,25-34,m,Rabat,Rabat-Salé-Kénitra,Gold,influencer,2026-06-01,9999-12-31,True
2063,C01630,Khadija Filali,45-54,f,Tanger,Tanger-Tétouan-Al Hoceïma,Gold,organic,2026-06-01,9999-12-31,True
2064,C01631,Khadija Drissi,55-64,f,Agadir,Souss-Massa,Gold,influencer,2026-06-01,9999-12-31,True
2065,C01632,Amine Chaoui,55-64,m,El Jadida,Casablanca-Settat,Gold,direct,2026-06-01,9999-12-31,True
2066,C01633,Tariq Tazi,45-54,m,Fès,Fès-Meknès,Gold,direct,2026-06-01,9999-12-31,True
2067,C01634,Khadija Chaoui,25-34,f,Errachidia,Drâa-Tafilalet,Gold,influencer,2026-06-01,9999-12-31,True
2068,C01636,Ayoub Idrissi,25-34,m,Safi,Marrakech-Safi,Gold,referral,2026-06-01,9999-12-31,True
2069,C01637,Sanaa Drissi,65+,f,Rabat,Rabat-Salé-Kénitra,Gold,paid_search,2026-06-01,9999-12-31,True
2070,C01639,Houda Lahlou,25-34,f,Casablanca,Casablanca-Settat,Gold,organic,2026-06-01,9999-12-31,True
2071,C01640,Aisha Lahlou,65+,f,Nador,Oriental,Gold,email,2026-06-01,9999-12-31,True
2072,C01642,Tariq Fassi,65+,m,Errachidia,Drâa-Tafilalet,Gold,email,2026-06-01,9999-12-31,True
2073,C01644,Zineb Naciri,65+,f,Safi,Marrakech-Safi,Silver,direct,2026-06-01,9999-12-31,True
2074,C01646,Soukaina Alami,25-34,f,Tétouan,Tanger-Tétouan-Al Hoceïma,Gold,paid_search,2026-06-01,9999-12-31,True
2075,C01647,Nadia Alami,65+,f,Béni Mellal,Béni Mellal-Khénifra,Gold,paid_search,2026-06-01,9999-12-31,True
2076,C01649,Rachid Gharbi,65+,m,Casablanca,Casablanca-Settat,Gold,direct,2026-06-01,9999-12-31,True
2077,C01651,Khadija Tazi,65+,f,Fès,Fès-Meknès,Gold,direct,2026-06-01,9999-12-31,True
2078,C01652,Khadija Tazi,35-44,f,Meknès,Fès-Meknès,Gold,influencer,2026-06-01,9999-12-31,True
2079,C01655,Houda Hajji,18-24,f,Marrakech,Marrakech-Safi,Gold,referral,2026-06-01,9999-12-31,True
2080,C01659,Mehdi Tazi,65+,m,Safi,Marrakech-Safi,Gold,direct,2026-06-01,9999-12-31,True
2081,C01660,Tariq Fassi,55-64,m,Tétouan,Tanger-Tétouan-Al Hoceïma,Gold,organic,2026-06-01,9999-12-31,True
2082,C01661,Youssef Fassi,35-44,m,Casablanca,Casablanca-Settat,Gold,influencer,2026-06-01,9999-12-31,True
2083,C01662,Sanaa Benali,55-64,f,El Jadida,Casablanca-Settat,Gold,referral,2026-06-01,9999-12-31,True
2084,C01664,Karim Ziani,25-34,m,Casablanca,Casablanca-Settat,Gold,email,2026-06-01,9999-12-31,True
2085,C01665,Sanaa Bensaid,25-34,f,Oujda,Oriental,Gold,referral,2026-06-01,9999-12-31,True
2086,C01666,Nadia Fassi,45-54,f,Fès,Fès-Meknès,Gold,organic,2026-06-01,9999-12-31,True
2087,C01668,Nadia Moussaoui,65+,f,El Jadida,Casablanca-Settat,Gold,social_media,2026-06-01,9999-12-31,True
2088,C01670,Nabil El Mansouri,<18,m,Safi,Marrakech-Safi,Gold,social_media,2026-06-01,9999-12-31,True
2089,C01671,Zineb Bensaid,25-34,f,Kenitra,Rabat-Salé-Kénitra,Gold,direct,2026-06-01,9999-12-31,True
2090,C01672,Hajar Tazi,<18,f,Meknès,Fès-Meknès,Gold,paid_search,2026-06-01,9999-12-31,True
2091,C01674,Houda Idrissi,55-64,f,Fès,Fès-Meknès,Gold,influencer,2026-06-01,9999-12-31,True
2092,C01675,Sara Moussaoui,65+,f,El Jadida,Casablanca-Settat,Gold,influencer,2026-06-01,9999-12-31,True
2093,C01677,Sara Jamai,45-54,f,Casablanca,Casablanca-Settat,Gold,organic,2026-06-01,9999-12-31,True
2094,C01682,Ayoub Filali,65+,m,Marrakech,Marrakech-Safi,Gold,organic,2026-06-01,9999-12-31,True
2095,C01684,Adil Naciri,45-54,m,Oujda,Oriental,Silver,paid_search,2026-06-01,9999-12-31,True
2096,C01686,Adil Idrissi,45-54,m,Meknès,Fès-Meknès,Gold,paid_search,2026-06-01,9999-12-31,True
2097,C01688,Soukaina Idrissi,65+,f,Kenitra,Rabat-Salé-Kénitra,Silver,influencer,2026-06-01,9999-12-31,True
2098,C01690,Omar Senhaji,65+,m,Kenitra,Rabat-Salé-Kénitra,Gold,email,2026-06-01,9999-12-31,True
2099,C01693,Aisha Tazi,55-64,f,Errachidia,Drâa-Tafilalet,Gold,paid_search,2026-06-01,9999-12-31,True
2100,C01697,Zineb Chraibi,25-34,f,Rabat,Rabat-Salé-Kénitra,Gold,influencer,2026-06-01,9999-12-31,True
2101,C01698,Yasmine Ziani,65+,f,Nador,Oriental,Gold,email,2026-06-01,9999-12-31,True
2102,C01699,Amine Rachidi,<18,m,Béni Mellal,Béni Mellal-Khénifra,Gold,paid_search,2026-06-01,9999-12-31,True
2103,C01700,Nabil Karimi,65+,m,Rabat,Rabat-Salé-Kénitra,Gold,email,2026-06-01,9999-12-31,True
2104,C01701,Soukaina Chaoui,65+,f,Rabat,Rabat-Salé-Kénitra,Gold,referral,2026-06-01,9999-12-31,True
2105,C01702,Rachid Gharbi,65+,m,Nador,Oriental,Gold,paid_search,2026-06-01,9999-12-31,True
2106,C01704,Sara Alami,45-54,f,Agadir,Souss-Massa,Gold,organic,2026-06-01,9999-12-31,True
2107,C01706,Khadija Senhaji,45-54,f,Béni Mellal,Béni Mellal-Khénifra,Gold,organic,2026-06-01,9999-12-31,True
2108,C01707,Zineb Senhaji,65+,f,Nador,Oriental,Gold,influencer,2026-06-01,9999-12-31,True
2109,C01708,Ahmed Moussaoui,65+,m,Casablanca,Casablanca-Settat,Gold,influencer,2026-06-01,9999-12-31,True
2110,C01709,Ahmed Rachidi,45-54,m,Errachidia,Drâa-Tafilalet,Gold,referral,2026-06-01,9999-12-31,True
2111,C01710,Mehdi Chraibi,65+,m,Oujda,Oriental,Gold,email,2026-06-01,9999-12-31,True
2112,C01711,Imane Senhaji,65+,f,Agadir,Souss-Massa,Gold,direct,2026-06-01,9999-12-31,True
2113,C01714,Rim Chraibi,65+,f,Rabat,Rabat-Salé-Kénitra,Gold,social_media,2026-06-01,9999-12-31,True
2114,C01717,Fatima Lahlou,65+,f,Safi,Marrakech-Safi,Gold,direct,2026-06-01,9999-12-31,True
2115,C01718,Omar Moussaoui,65+,m,Agadir,Souss-Massa,Gold,social_media,2026-06-01,9999-12-31,True
2116,C01719,Nadia Moussaoui,35-44,f,Oujda,Oriental,Gold,referral,2026-06-01,9999-12-31,True
2117,C01720,Nadia Ziani,65+,f,Béni Mellal,Béni Mellal-Khénifra,Gold,paid_search,2026-06-01,9999-12-31,True
2118,C01721,Youssef Naciri,65+,m,Errachidia,Drâa-Tafilalet,Gold,paid_search,2026-06-01,9999-12-31,True
2119,C01722,Tariq Bensaid,65+,m,Kenitra,Rabat-Salé-Kénitra,Gold,referral,2026-06-01,9999-12-31,True
2120,C01724,Adil Bensaid,18-24,m,Marrakech,Marrakech-Safi,Gold,direct,2026-06-01,9999-12-31,True
2121,C01726,Omar Senhaji,65+,m,Rabat,Rabat-Salé-Kénitra,Gold,direct,2026-06-01,9999-12-31,True
2122,C01727,Imane Filali,<18,f,Errachidia,Drâa-Tafilalet,Gold,direct,2026-06-01,9999-12-31,True
2123,C01728,Mohammed Senhaji,65+,m,Oujda,Oriental,Gold,referral,2026-06-01,9999-12-31,True
2124,C01729,Sara Ziani,18-24,f,Kenitra,Rabat-Salé-Kénitra,Gold,email,2026-06-01,9999-12-31,True
2125,C01730,Samir Alami,65+,m,Agadir,Souss-Massa,Gold,direct,2026-06-01,9999-12-31,True
2126,C01732,Imane Moussaoui,35-44,f,Meknès,Fès-Meknès,Bronze,influencer,2026-06-01,9999-12-31,True
2127,C01734,Omar Jamai,45-54,m,Marrakech,Marrakech-Safi,Gold,paid_search,2026-06-01,9999-12-31,True
2128,C01735,Imane El Mansouri,<18,f,Agadir,Souss-Massa,Gold,direct,2026-06-01,9999-12-31,True
2129,C01737,Fatima Bensaid,<18,f,Kenitra,Rabat-Salé-Kénitra,Gold,organic,2026-06-01,9999-12-31,True
2130,C01740,Tariq Tazi,<18,m,Oujda,Oriental,Gold,direct,2026-06-01,9999-12-31,True
2131,C01743,Nadia Idrissi,18-24,f,Tanger,Tanger-Tétouan-Al Hoceïma,Gold,organic,2026-06-01,9999-12-31,True
2132,C01744,Mohammed Filali,65+,m,Casablanca,Casablanca-Settat,Gold,social_media,2026-06-01,9999-12-31,True
2133,C01745,Houda Drissi,65+,f,Rabat,Rabat-Salé-Kénitra,Gold,organic,2026-06-01,9999-12-31,True
2134,C01746,Fatima Jamai,65+,f,Meknès,Fès-Meknès,Gold,email,2026-06-01,9999-12-31,True
2135,C01747,Hajar Benali,25-34,f,Meknès,Fès-Meknès,Gold,influencer,2026-06-01,9999-12-31,True
2136,C01749,Yasmine Alami,55-64,f,Marrakech,Marrakech-Safi,Gold,referral,2026-06-01,9999-12-31,True
2137,C01750,Fatima Gharbi,18-24,f,Tanger,Tanger-Tétouan-Al Hoceïma,Gold,organic,2026-06-01,9999-12-31,True
2138,C01751,Fatima El Mansouri,65+,f,Safi,Marrakech-Safi,Gold,organic,2026-06-01,9999-12-31,True
2139,C01754,Fatima El Mansouri,65+,f,Marrakech,Marrakech-Safi,Gold,organic,2026-06-01,9999-12-31,True
2140,C01755,Nadia Tazi,55-64,f,Casablanca,Casablanca-Settat,Gold,organic,2026-06-01,9999-12-31,True
2141,C01756,Sanaa Chraibi,45-54,f,Oujda,Oriental,Gold,email,2026-06-01,9999-12-31,True
2142,C01757,Ahmed Rachidi,55-64,m,El Jadida,Casablanca-Settat,Gold,email,2026-06-01,9999-12-31,True
2143,C01761,Nadia Lahlou,65+,f,Agadir,Souss-Massa,Gold,direct,2026-06-01,9999-12-31,True
2144,C01763,Omar Karimi,65+,m,Kenitra,Rabat-Salé-Kénitra,Silver,influencer,2026-06-01,9999-12-31,True
2145,C01765,Houda Rachidi,<18,f,Fès,Fès-Meknès,Gold,paid_search,2026-06-01,9999-12-31,True
2146,C01767,Zineb Hajji,55-64,f,Rabat,Rabat-Salé-Kénitra,Gold,email,2026-06-01,9999-12-31,True
2147,C01768,Ahmed Naciri,65+,m,Rabat,Rabat-Salé-Kénitra,Gold,referral,2026-06-01,9999-12-31,True
2148,C01771,Adil Naciri,65+,m,Fès,Fès-Meknès,Gold,organic,2026-06-01,9999-12-31,True
2149,C01774,Zineb Lahlou,55-64,f,Safi,Marrakech-Safi,Gold,social_media,2026-06-01,9999-12-31,True
2150,C01775,Leila Senhaji,65+,f,Béni Mellal,Béni Mellal-Khénifra,Gold,email,2026-06-01,9999-12-31,True
2151,C01777,Hassan Bensaid,65+,m,Tanger,Tanger-Tétouan-Al Hoceïma,Gold,social_media,2026-06-01,9999-12-31,True
2152,C01779,Samir Drissi,35-44,m,Tanger,Tanger-Tétouan-Al Hoceïma,Gold,direct,2026-06-01,9999-12-31,True
2153,C01781,Aisha Senhaji,25-34,f,Kenitra,Rabat-Salé-Kénitra,Gold,email,2026-06-01,9999-12-31,True
2154,C01782,Aisha Moussaoui,35-44,f,Nador,Oriental,Bronze,referral,2026-06-01,9999-12-31,True
2155,C01783,Houda Alami,65+,f,El Jadida,Casablanca-Settat,Gold,organic,2026-06-01,9999-12-31,True
2156,C01785,Sanaa Karimi,45-54,f,Nador,Oriental,Gold,email,2026-06-01,9999-12-31,True
2157,C01786,Sanaa Drissi,<18,f,Oujda,Oriental,Gold,influencer,2026-06-01,9999-12-31,True
2158,C01788,Nadia Chaoui,45-54,f,El Jadida,Casablanca-Settat,Gold,referral,2026-06-01,9999-12-31,True
2159,C01790,Soukaina Idrissi,35-44,f,Béni Mellal,Béni Mellal-Khénifra,Gold,social_media,2026-06-01,9999-12-31,True
2160,C01791,Tariq Idrissi,<18,m,Nador,Oriental,Gold,influencer,2026-06-01,9999-12-31,True
2161,C01792,Sara Idrissi,55-64,f,Marrakech,Marrakech-Safi,Bronze,paid_search,2026-06-01,9999-12-31,True
2162,C01793,Karim Moussaoui,<18,m,Meknès,Fès-Meknès,Gold,direct,2026-06-01,9999-12-31,True
2163,C01795,Adil Hajji,25-34,m,Marrakech,Marrakech-Safi,Gold,social_media,2026-06-01,9999-12-31,True
2164,C01796,Omar Drissi,65+,m,Agadir,Souss-Massa,Gold,organic,2026-06-01,9999-12-31,True
2165,C01797,Hajar Idrissi,65+,f,Safi,Marrakech-Safi,Gold,direct,2026-06-01,9999-12-31,True
2166,C01798,Aisha Ziani,35-44,f,Béni Mellal,Béni Mellal-Khénifra,Gold,direct,2026-06-01,9999-12-31,True
2167,C01800,Samir Chraibi,65+,m,Kenitra,Rabat-Salé-Kénitra,Gold,paid_search,2026-06-01,9999-12-31,True
2168,C01804,Samir Ouali,65+,m,Kenitra,Rabat-Salé-Kénitra,Gold,paid_search,2026-06-01,9999-12-31,True
2169,C01808,Imane Chraibi,18-24,f,Errachidia,Drâa-Tafilalet,Gold,referral,2026-06-01,9999-12-31,True
2170,C01809,Hicham Drissi,25-34,m,Rabat,Rabat-Salé-Kénitra,Gold,social_media,2026-06-01,9999-12-31,True
2171,C01810,Yasmine Senhaji,65+,f,Béni Mellal,Béni Mellal-Khénifra,Gold,paid_search,2026-06-01,9999-12-31,True
2172,C01811,Imane Senhaji,55-64,f,El Jadida,Casablanca-Settat,Gold,influencer,2026-06-01,9999-12-31,True
2173,C01814,Aisha Jamai,<18,f,Errachidia,Drâa-Tafilalet,Gold,social_media,2026-06-01,9999-12-31,True
2174,C01815,Meryem Ouali,65+,f,Béni Mellal,Béni Mellal-Khénifra,Gold,influencer,2026-06-01,9999-12-31,True
2175,C01818,Meryem Filali,55-64,f,Tétouan,Tanger-Tétouan-Al Hoceïma,Gold,social_media,2026-06-01,9999-12-31,True
2176,C01821,Soukaina Moussaoui,55-64,f,Oujda,Oriental,Gold,referral,2026-06-01,9999-12-31,True
2177,C01823,Ahmed Senhaji,65+,m,Fès,Fès-Meknès,Gold,direct,2026-06-01,9999-12-31,True
2178,C01824,Nabil Ziani,65+,m,Béni Mellal,Béni Mellal-Khénifra,Gold,referral,2026-06-01,9999-12-31,True
2179,C01825,Nadia Filali,18-24,f,Safi,Marrakech-Safi,Gold,referral,2026-06-01,9999-12-31,True
2180,C01826,Hajar Fassi,65+,f,Tétouan,Tanger-Tétouan-Al Hoceïma,Gold,organic,2026-06-01,9999-12-31,True
2181,C01827,Youssef Karimi,18-24,m,Rabat,Rabat-Salé-Kénitra,Gold,referral,2026-06-01,9999-12-31,True
2182,C01828,Ahmed Gharbi,65+,m,Tétouan,Tanger-Tétouan-Al Hoceïma,Gold,paid_search,2026-06-01,9999-12-31,True
2183,C01829,Karim El Mansouri,45-54,m,Tétouan,Tanger-Tétouan-Al Hoceïma,Gold,email,2026-06-01,9999-12-31,True
2184,C01831,Amine Gharbi,65+,m,Nador,Oriental,Gold,direct,2026-06-01,9999-12-31,True
2185,C01834,Tariq Alami,18-24,m,Marrakech,Marrakech-Safi,Gold,email,2026-06-01,9999-12-31,True
2186,C01836,Hassan Alami,65+,m,Casablanca,Casablanca-Settat,Gold,email,2026-06-01,9999-12-31,True
2187,C01840,Karim Idrissi,35-44,m,Kenitra,Rabat-Salé-Kénitra,Gold,email,2026-06-01,9999-12-31,True
2188,C01842,Hassan Karimi,65+,m,Safi,Marrakech-Safi,Gold,email,2026-06-01,9999-12-31,True
2189,C01843,Mohammed Karimi,18-24,m,Rabat,Rabat-Salé-Kénitra,Gold,direct,2026-06-01,9999-12-31,True
2190,C01845,Aisha Gharbi,65+,f,Rabat,Rabat-Salé-Kénitra,Gold,email,2026-06-01,9999-12-31,True
2191,C01846,Khadija Ouali,65+,f,Marrakech,Marrakech-Safi,Gold,email,2026-06-01,9999-12-31,True
2192,C01849,Sara Lahlou,65+,f,Marrakech,Marrakech-Safi,Gold,email,2026-06-01,9999-12-31,True
2193,C01853,Houda Tazi,65+,f,El Jadida,Casablanca-Settat,Gold,email,2026-06-01,9999-12-31,True
2194,C01854,Khadija Chraibi,65+,f,Casablanca,Casablanca-Settat,Gold,organic,2026-06-01,9999-12-31,True
2195,C01857,Youssef Drissi,45-54,m,Rabat,Rabat-Salé-Kénitra,Gold,direct,2026-06-01,9999-12-31,True
2196,C01858,Amine Jamai,65+,m,Rabat,Rabat-Salé-Kénitra,Gold,email,2026-06-01,9999-12-31,True
2197,C01860,Tariq Naciri,35-44,m,Fès,Fès-Meknès,Gold,organic,2026-06-01,9999-12-31,True
2198,C01861,Karim Ziani,65+,m,Béni Mellal,Béni Mellal-Khénifra,Gold,social_media,2026-06-01,9999-12-31,True
2199,C01864,Adil Alami,18-24,m,Kenitra,Rabat-Salé-Kénitra,Gold,referral,2026-06-01,9999-12-31,True
2200,C01872,Sara Karimi,<18,f,Marrakech,Marrakech-Safi,Gold,referral,2026-06-01,9999-12-31,True
2201,C01874,Houda Ouali,65+,f,Safi,Marrakech-Safi,Gold,paid_search,2026-06-01,9999-12-31,True
2202,C01875,Amine Moussaoui,55-64,m,Tanger,Tanger-Tétouan-Al Hoceïma,Gold,direct,2026-06-01,9999-12-31,True
2203,C01876,Aisha Hajji,65+,f,Tanger,Tanger-Tétouan-Al Hoceïma,Gold,organic,2026-06-01,9999-12-31,True
2204,C01877,Samir Naciri,25-34,m,Kenitra,Rabat-Salé-Kénitra,Gold,social_media,2026-06-01,9999-12-31,True
2205,C01878,Ahmed Lahlou,25-34,m,Kenitra,Rabat-Salé-Kénitra,Gold,paid_search,2026-06-01,9999-12-31,True
2206,C01879,Imane El Mansouri,65+,f,Tanger,Tanger-Tétouan-Al Hoceïma,Gold,referral,2026-06-01,9999-12-31,True
2207,C01881,Yasmine El Mansouri,<18,f,Casablanca,Casablanca-Settat,Gold,referral,2026-06-01,9999-12-31,True
2208,C01884,Mehdi Benali,65+,m,Oujda,Oriental,Gold,referral,2026-06-01,9999-12-31,True
2209,C01885,Samir Hajji,25-34,m,Safi,Marrakech-Safi,Gold,paid_search,2026-06-01,9999-12-31,True
2210,C01889,Aisha Hajji,65+,f,Agadir,Souss-Massa,Gold,social_media,2026-06-01,9999-12-31,True
2211,C01892,Hassan Drissi,65+,m,Agadir,Souss-Massa,Gold,influencer,2026-06-01,9999-12-31,True
2212,C01893,Amine Fassi,35-44,m,Agadir,Souss-Massa,Gold,social_media,2026-06-01,9999-12-31,True
2213,C01894,Samir El Mansouri,35-44,m,Agadir,Souss-Massa,Gold,social_media,2026-06-01,9999-12-31,True
2214,C01895,Hassan Alami,<18,m,Casablanca,Casablanca-Settat,Gold,social_media,2026-06-01,9999-12-31,True
2215,C01896,Hicham El Mansouri,35-44,m,Nador,Oriental,Gold,paid_search,2026-06-01,9999-12-31,True
2216,C01897,Rachid Alami,18-24,m,Safi,Marrakech-Safi,Gold,email,2026-06-01,9999-12-31,True
2217,C01898,Fatima Fassi,18-24,f,Fès,Fès-Meknès,Gold,paid_search,2026-06-01,9999-12-31,True
2218,C01900,Hajar Filali,55-64,f,Tanger,Tanger-Tétouan-Al Hoceïma,Gold,social_media,2026-06-01,9999-12-31,True
2219,C01901,Mohammed Jamai,25-34,m,Oujda,Oriental,Gold,influencer,2026-06-01,9999-12-31,True
2220,C01905,Youssef El Mansouri,65+,m,Tanger,Tanger-Tétouan-Al Hoceïma,Gold,social_media,2026-06-01,9999-12-31,True
2221,C01906,Leila El Mansouri,55-64,f,Casablanca,Casablanca-Settat,Gold,email,2026-06-01,9999-12-31,True
2222,C01907,Houda Hajji,25-34,f,Fès,Fès-Meknès,Gold,social_media,2026-06-01,9999-12-31,True
2223,C01909,Khadija Filali,35-44,f,El Jadida,Casablanca-Settat,Gold,referral,2026-06-01,9999-12-31,True
2224,C01910,Adil Filali,55-64,m,Rabat,Rabat-Salé-Kénitra,Gold,direct,2026-06-01,9999-12-31,True
2225,C01911,Hicham Moussaoui,45-54,m,Meknès,Fès-Meknès,Gold,paid_search,2026-06-01,9999-12-31,True
2226,C01914,Karim Alami,65+,m,Kenitra,Rabat-Salé-Kénitra,Gold,organic,2026-06-01,9999-12-31,True
2227,C01915,Soukaina El Mansouri,35-44,f,Béni Mellal,Béni Mellal-Khénifra,Gold,influencer,2026-06-01,9999-12-31,True
2228,C01917,Hassan Rachidi,<18,m,Errachidia,Drâa-Tafilalet,Gold,influencer,2026-06-01,9999-12-31,True
2229,C01918,Karim Drissi,65+,m,Fès,Fès-Meknès,Gold,direct,2026-06-01,9999-12-31,True
2230,C01921,Mohammed Benali,25-34,m,El Jadida,Casablanca-Settat,Gold,social_media,2026-06-01,9999-12-31,True
2231,C01922,Imane Ouali,65+,f,Tétouan,Tanger-Tétouan-Al Hoceïma,Gold,organic,2026-06-01,9999-12-31,True
2232,C01923,Amine Alami,45-54,m,Rabat,Rabat-Salé-Kénitra,Gold,email,2026-06-01,9999-12-31,True
2233,C01925,Houda Drissi,<18,f,Errachidia,Drâa-Tafilalet,Gold,referral,2026-06-01,9999-12-31,True
2234,C01929,Amine Bensaid,<18,m,Casablanca,Casablanca-Settat,Gold,paid_search,2026-06-01,9999-12-31,True
2235,C01930,Aisha Chaoui,65+,f,Béni Mellal,Béni Mellal-Khénifra,Gold,social_media,2026-06-01,9999-12-31,True
2236,C01931,Aisha Rachidi,55-64,f,Agadir,Souss-Massa,Gold,organic,2026-06-01,9999-12-31,True
2237,C01933,Ahmed Ouali,<18,m,Safi,Marrakech-Safi,Gold,referral,2026-06-01,9999-12-31,True
2238,C01934,Mohammed Gharbi,35-44,m,Meknès,Fès-Meknès,Silver,direct,2026-06-01,9999-12-31,True
2239,C01937,Rachid Rachidi,25-34,m,Marrakech,Marrakech-Safi,Gold,paid_search,2026-06-01,9999-12-31,True
2240,C01939,Zineb Gharbi,<18,f,Casablanca,Casablanca-Settat,Gold,direct,2026-06-01,9999-12-31,True
2241,C01940,Aisha Moussaoui,65+,f,Marrakech,Marrakech-Safi,Gold,paid_search,2026-06-01,9999-12-31,True
2242,C01941,Omar Jamai,25-34,m,Rabat,Rabat-Salé-Kénitra,Gold,social_media,2026-06-01,9999-12-31,True
2243,C01943,Zineb Filali,65+,f,Casablanca,Casablanca-Settat,Gold,organic,2026-06-01,9999-12-31,True
2244,C01945,Khadija Ouali,55-64,f,Kenitra,Rabat-Salé-Kénitra,Gold,organic,2026-06-01,9999-12-31,True
2245,C01946,Ahmed Jamai,45-54,m,Errachidia,Drâa-Tafilalet,Silver,direct,2026-06-01,9999-12-31,True
2246,C01947,Adil El Mansouri,65+,m,Oujda,Oriental,Silver,email,2026-06-01,9999-12-31,True
2247,C01948,Meryem Karimi,65+,f,Tanger,Tanger-Tétouan-Al Hoceïma,Gold,direct,2026-06-01,9999-12-31,True
2248,C01951,Adil Alami,18-24,m,Tétouan,Tanger-Tétouan-Al Hoceïma,Gold,organic,2026-06-01,9999-12-31,True
2249,C01952,Adil Jamai,65+,m,Béni Mellal,Béni Mellal-Khénifra,Gold,referral,2026-06-01,9999-12-31,True
2250,C01953,Tariq Filali,45-54,m,Oujda,Oriental,Gold,paid_search,2026-06-01,9999-12-31,True
2251,C01954,Mehdi Chraibi,25-34,m,Casablanca,Casablanca-Settat,Gold,direct,2026-06-01,9999-12-31,True
2252,C01955,Soukaina Ouali,35-44,f,Tanger,Tanger-Tétouan-Al Hoceïma,Gold,direct,2026-06-01,9999-12-31,True
2253,C01956,Mohammed Bensaid,65+,m,Rabat,Rabat-Salé-Kénitra,Gold,direct,2026-06-01,9999-12-31,True
2254,C01957,Sara Filali,55-64,f,Oujda,Oriental,Gold,organic,2026-06-01,9999-12-31,True
2255,C01958,Zineb Moussaoui,35-44,f,Oujda,Oriental,Gold,organic,2026-06-01,9999-12-31,True
2256,C01959,Nabil Chraibi,65+,m,Oujda,Oriental,Bronze,direct,2026-06-01,9999-12-31,True
2257,C01960,Tariq Gharbi,55-64,m,Kenitra,Rabat-Salé-Kénitra,Gold,referral,2026-06-01,9999-12-31,True
2258,C01961,Rachid Jamai,65+,m,Agadir,Souss-Massa,Gold,social_media,2026-06-01,9999-12-31,True
2259,C01963,Aisha Ouali,35-44,f,Safi,Marrakech-Safi,Gold,email,2026-06-01,9999-12-31,True
2260,C01964,Mehdi Tazi,45-54,m,Tanger,Tanger-Tétouan-Al Hoceïma,Gold,organic,2026-06-01,9999-12-31,True
2261,C01965,Hassan Idrissi,65+,m,Tanger,Tanger-Tétouan-Al Hoceïma,Bronze,referral,2026-06-01,9999-12-31,True
2262,C01967,Rim Chraibi,35-44,f,Tétouan,Tanger-Tétouan-Al Hoceïma,Gold,paid_search,2026-06-01,9999-12-31,True
2263,C01968,Ayoub Benali,45-54,m,Nador,Oriental,Gold,referral,2026-06-01,9999-12-31,True
2264,C01970,Yasmine Naciri,65+,f,Agadir,Souss-Massa,Gold,social_media,2026-06-01,9999-12-31,True
2265,C01971,Sanaa Chaoui,65+,f,Errachidia,Drâa-Tafilalet,Gold,referral,2026-06-01,9999-12-31,True
2266,C01976,Tariq Benali,65+,m,Agadir,Souss-Massa,Gold,direct,2026-06-01,9999-12-31,True
2267,C01977,Omar Tazi,65+,m,Agadir,Souss-Massa,Bronze,organic,2026-06-01,9999-12-31,True
2268,C01978,Sanaa Alami,35-44,f,Errachidia,Drâa-Tafilalet,Gold,influencer,2026-06-01,9999-12-31,True
2269,C01980,Khadija Alami,65+,f,Kenitra,Rabat-Salé-Kénitra,Gold,email,2026-06-01,9999-12-31,True
2270,C01981,Nabil Benali,65+,m,Marrakech,Marrakech-Safi,Gold,paid_search,2026-06-01,9999-12-31,True
2271,C01982,Adil Bensaid,25-34,m,Agadir,Souss-Massa,Gold,direct,2026-06-01,9999-12-31,True
2272,C01984,Hicham Chaoui,65+,m,Marrakech,Marrakech-Safi,Gold,referral,2026-06-01,9999-12-31,True
2273,C01986,Ayoub Bensaid,65+,m,Agadir,Souss-Massa,Gold,referral,2026-06-01,9999-12-31,True
2274,C01987,Ayoub El Mansouri,25-34,m,Marrakech,Marrakech-Safi,Gold,organic,2026-06-01,9999-12-31,True
2275,C01989,Mehdi Fassi,65+,m,Meknès,Fès-Meknès,Gold,organic,2026-06-01,9999-12-31,True
2276,C01992,Samir Ziani,55-64,m,Fès,Fès-Meknès,Gold,social_media,2026-06-01,9999-12-31,True
2277,C01993,Nabil Benali,25-34,m,Tétouan,Tanger-Tétouan-Al Hoceïma,Gold,organic,2026-06-01,9999-12-31,True
2278,C01995,Sanaa Bensaid,35-44,f,Marrakech,Marrakech-Safi,Gold,social_media,2026-06-01,9999-12-31,True
2279,C01996,Youssef Chraibi,65+,m,Béni Mellal,Béni Mellal-Khénifra,Gold,social_media,2026-06-01,9999-12-31,True
2280,C01997,Meryem Moussaoui,18-24,f,Tétouan,Tanger-Tétouan-Al Hoceïma,Gold,direct,2026-06-01,9999-12-31,True
2281,C01998,Rim Lahlou,45-54,f,Kenitra,Rabat-Salé-Kénitra,Gold,influencer,2026-06-01,9999-12-31,True
2282,C02000,Ahmed Hajji,35-44,m,Béni Mellal,Béni Mellal-Khénifra,Gold,referral,2026-06-01,9999-12-31,True
2283,C02002,Rim Rachidi,55-64,f,Marrakech,Marrakech-Safi,Gold,paid_search,2026-06-01,9999-12-31,True
2284,C02003,Amine Hajji,65+,m,Agadir,Souss-Massa,Silver,referral,2026-06-01,9999-12-31,True
2285,C02004,Aisha Drissi,65+,f,Marrakech,Marrakech-Safi,Gold,referral,2026-06-01,9999-12-31,True
2286,C02005,Sanaa Karimi,65+,f,Meknès,Fès-Meknès,Gold,referral,2026-06-01,9999-12-31,True
2287,C02010,Leila Naciri,55-64,f,Oujda,Oriental,Gold,social_media,2026-06-01,9999-12-31,True
2288,C02011,Meryem Tazi,65+,f,Oujda,Oriental,Gold,influencer,2026-06-01,9999-12-31,True
2289,C02012,Khadija Fassi,65+,f,Meknès,Fès-Meknès,Gold,email,2026-06-01,9999-12-31,True
2290,C02013,Mohammed Idrissi,65+,m,Kenitra,Rabat-Salé-Kénitra,Gold,email,2026-06-01,9999-12-31,True
2291,C02014,Aisha Senhaji,<18,f,Nador,Oriental,Gold,referral,2026-06-01,9999-12-31,True
2292,C02016,Soukaina Karimi,65+,f,Errachidia,Drâa-Tafilalet,Gold,direct,2026-06-01,9999-12-31,True
2293,C02017,Houda Hajji,65+,f,Safi,Marrakech-Safi,Gold,influencer,2026-06-01,9999-12-31,True
2294,C02018,Aisha Naciri,65+,f,Casablanca,Casablanca-Settat,Gold,direct,2026-06-01,9999-12-31,True
2295,C02020,Ahmed Moussaoui,45-54,m,Tétouan,Tanger-Tétouan-Al Hoceïma,Gold,influencer,2026-06-01,9999-12-31,True
2296,C02022,Yasmine Hajji,25-34,f,Safi,Marrakech-Safi,Gold,social_media,2026-06-01,9999-12-31,True
2297,C02023,Soukaina Karimi,65+,f,Kenitra,Rabat-Salé-Kénitra,Gold,influencer,2026-06-01,9999-12-31,True
2298,C02024,Imane Rachidi,25-34,f,Oujda,Oriental,Gold,social_media,2026-06-01,9999-12-31,True
2299,C02027,Sara Chraibi,65+,f,Meknès,Fès-Meknès,Bronze,email,2026-06-01,9999-12-31,True
2300,C02028,Amine Moussaoui,65+,m,Errachidia,Drâa-Tafilalet,Gold,social_media,2026-06-01,9999-12-31,True
2301,C02029,Rachid Filali,35-44,m,Nador,Oriental,Gold,email,2026-06-01,9999-12-31,True
2302,C02032,Fatima Bensaid,25-34,f,Oujda,Oriental,Gold,email,2026-06-01,9999-12-31,True
2303,C02035,Khadija Idrissi,65+,f,Meknès,Fès-Meknès,Gold,paid_search,2026-06-01,9999-12-31,True
2304,C02036,Adil Fassi,25-34,m,Casablanca,Casablanca-Settat,Gold,social_media,2026-06-01,9999-12-31,True
2305,C02040,Mehdi Karimi,<18,m,Rabat,Rabat-Salé-Kénitra,Gold,email,2026-06-01,9999-12-31,True
2306,C02043,Leila Idrissi,65+,f,Meknès,Fès-Meknès,Gold,paid_search,2026-06-01,9999-12-31,True
2307,C02044,Amine Drissi,65+,m,Casablanca,Casablanca-Settat,Gold,organic,2026-06-01,9999-12-31,True
2308,C02045,Adil Gharbi,<18,m,Agadir,Souss-Massa,Gold,direct,2026-06-01,9999-12-31,True
2309,C02046,Fatima Chraibi,<18,f,Meknès,Fès-Meknès,Gold,direct,2026-06-01,9999-12-31,True
2310,C02048,Soukaina Naciri,55-64,f,Rabat,Rabat-Salé-Kénitra,Gold,paid_search,2026-06-01,9999-12-31,True
2311,C02049,Rachid Tazi,25-34,m,Safi,Marrakech-Safi,Bronze,direct,2026-06-01,9999-12-31,True
2312,C02050,Mehdi Karimi,55-64,m,El Jadida,Casablanca-Settat,Gold,social_media,2026-06-01,9999-12-31,True
2313,C02053,Sara Rachidi,18-24,f,Agadir,Souss-Massa,Gold,direct,2026-06-01,9999-12-31,True
2314,C02056,Zineb Ouali,25-34,f,Oujda,Oriental,Gold,referral,2026-06-01,9999-12-31,True
2315,C02057,Imane Rachidi,65+,f,Nador,Oriental,Gold,social_media,2026-06-01,9999-12-31,True
2316,C02058,Imane Gharbi,18-24,f,Oujda,Oriental,Gold,organic,2026-06-01,9999-12-31,True
2317,C02061,Omar Jamai,55-64,m,Fès,Fès-Meknès,Gold,social_media,2026-06-01,9999-12-31,True
2318,C02062,Houda Benali,65+,f,Béni Mellal,Béni Mellal-Khénifra,Gold,influencer,2026-06-01,9999-12-31,True
2319,C02063,Khadija Filali,65+,f,Tétouan,Tanger-Tétouan-Al Hoceïma,Gold,organic,2026-06-01,9999-12-31,True
2320,C02064,Samir Karimi,45-54,m,Casablanca,Casablanca-Settat,Gold,organic,2026-06-01,9999-12-31,True
2321,C02065,Meryem Rachidi,65+,f,Nador,Oriental,Gold,organic,2026-06-01,9999-12-31,True
2322,C02067,Mohammed Fassi,<18,m,Safi,Marrakech-Safi,Gold,social_media,2026-06-01,9999-12-31,True
2323,C02068,Ahmed Idrissi,65+,m,Tanger,Tanger-Tétouan-Al Hoceïma,Gold,social_media,2026-06-01,9999-12-31,True
2324,C02069,Mehdi Ziani,65+,m,Marrakech,Marrakech-Safi,Gold,organic,2026-06-01,9999-12-31,True
2325,C02071,Mehdi Filali,65+,m,Casablanca,Casablanca-Settat,Gold,organic,2026-06-01,9999-12-31,True
2326,C02072,Mohammed El Mansouri,65+,m,Safi,Marrakech-Safi,Gold,referral,2026-06-01,9999-12-31,True
2327,C02073,Rim Fassi,55-64,f,Tanger,Tanger-Tétouan-Al Hoceïma,Gold,direct,2026-06-01,9999-12-31,True
2328,C02076,Hassan Fassi,45-54,m,Béni Mellal,Béni Mellal-Khénifra,Gold,social_media,2026-06-01,9999-12-31,True
2329,C02078,Ahmed Karimi,45-54,m,Meknès,Fès-Meknès,Gold,organic,2026-06-01,9999-12-31,True
2330,C02080,Tariq Ziani,65+,m,Rabat,Rabat-Salé-Kénitra,Gold,referral,2026-06-01,9999-12-31,True
2331,C02081,Mohammed Naciri,65+,m,Casablanca,Casablanca-Settat,Gold,influencer,2026-06-01,9999-12-31,True
2332,C02083,Sanaa Chraibi,65+,f,Rabat,Rabat-Salé-Kénitra,Gold,paid_search,2026-06-01,9999-12-31,True
2333,C02084,Nabil Alami,65+,m,Rabat,Rabat-Salé-Kénitra,Gold,direct,2026-06-01,9999-12-31,True
2334,C02085,Youssef El Mansouri,45-54,m,Tétouan,Tanger-Tétouan-Al Hoceïma,Gold,referral,2026-06-01,9999-12-31,True
2335,C02086,Aisha El Mansouri,<18,f,Nador,Oriental,Gold,paid_search,2026-06-01,9999-12-31,True
2336,C02088,Hajar Bensaid,45-54,f,Béni Mellal,Béni Mellal-Khénifra,Gold,direct,2026-06-01,9999-12-31,True
2337,C02089,Leila Benali,65+,f,Kenitra,Rabat-Salé-Kénitra,Gold,referral,2026-06-01,9999-12-31,True
2338,C02090,Hajar Moussaoui,65+,f,Casablanca,Casablanca-Settat,Gold,paid_search,2026-06-01,9999-12-31,True
2339,C02092,Yasmine Chaoui,<18,f,Casablanca,Casablanca-Settat,Gold,influencer,2026-06-01,9999-12-31,True
2340,C02093,Hajar Hajji,45-54,f,Béni Mellal,Béni Mellal-Khénifra,Gold,direct,2026-06-01,9999-12-31,True
2341,C02094,Karim Hajji,55-64,m,Meknès,Fès-Meknès,Gold,email,2026-06-01,9999-12-31,True
2342,C02095,Youssef Filali,45-54,m,Oujda,Oriental,Gold,influencer,2026-06-01,9999-12-31,True
2343,C02096,Houda Filali,65+,f,Safi,Marrakech-Safi,Gold,organic,2026-06-01,9999-12-31,True
2344,C02097,Mehdi Gharbi,65+,m,Oujda,Oriental,Gold,paid_search,2026-06-01,9999-12-31,True
2345,C02098,Yasmine Naciri,65+,f,El Jadida,Casablanca-Settat,Gold,direct,2026-06-01,9999-12-31,True
2346,C02099,Khadija Karimi,35-44,f,Casablanca,Casablanca-Settat,Gold,direct,2026-06-01,9999-12-31,True
2347,C02100,Khadija Chraibi,65+,f,Casablanca,Casablanca-Settat,Gold,paid_search,2026-06-01,9999-12-31,True
2348,C02103,Ayoub Benali,35-44,m,Oujda,Oriental,Gold,email,2026-06-01,9999-12-31,True
2349,C02104,Rim Chraibi,65+,f,El Jadida,Casablanca-Settat,Gold,referral,2026-06-01,9999-12-31,True
2350,C02105,Rachid Moussaoui,45-54,m,Casablanca,Casablanca-Settat,Gold,social_media,2026-06-01,9999-12-31,True
2351,C02106,Meryem Alami,45-54,f,Oujda,Oriental,Gold,email,2026-06-01,9999-12-31,True
2352,C02107,Nadia Naciri,65+,f,Errachidia,Drâa-Tafilalet,Gold,influencer,2026-06-01,9999-12-31,True
2353,C02108,Rim El Mansouri,35-44,f,Tétouan,Tanger-Tétouan-Al Hoceïma,Gold,social_media,2026-06-01,9999-12-31,True
2354,C02109,Houda Ouali,18-24,f,Errachidia,Drâa-Tafilalet,Gold,influencer,2026-06-01,9999-12-31,True
2355,C02110,Mehdi Hajji,55-64,m,Casablanca,Casablanca-Settat,Gold,social_media,2026-06-01,9999-12-31,True
2356,C02112,Tariq Senhaji,25-34,m,Marrakech,Marrakech-Safi,Gold,email,2026-06-01,9999-12-31,True
2357,C02113,Samir Drissi,<18,m,El Jadida,Casablanca-Settat,Gold,email,2026-06-01,9999-12-31,True
2358,C02114,Zineb Naciri,18-24,f,Agadir,Souss-Massa,Gold,direct,2026-06-01,9999-12-31,True
2359,C02115,Samir Jamai,25-34,m,El Jadida,Casablanca-Settat,Gold,influencer,2026-06-01,9999-12-31,True
2360,C02117,Aisha Benali,65+,f,Meknès,Fès-Meknès,Gold,social_media,2026-06-01,9999-12-31,True
2361,C02119,Nadia Drissi,65+,f,Nador,Oriental,Gold,referral,2026-06-01,9999-12-31,True
2362,C02122,Zineb Alami,65+,f,Marrakech,Marrakech-Safi,Bronze,influencer,2026-06-01,9999-12-31,True
2363,C02123,Hassan Drissi,18-24,m,Meknès,Fès-Meknès,Gold,organic,2026-06-01,9999-12-31,True
2364,C02124,Rachid Alami,18-24,m,Tétouan,Tanger-Tétouan-Al Hoceïma,Gold,influencer,2026-06-01,9999-12-31,True
2365,C02125,Rachid Benali,45-54,m,Meknès,Fès-Meknès,Gold,referral,2026-06-01,9999-12-31,True
2366,C02126,Sanaa Filali,55-64,f,Nador,Oriental,Gold,email,2026-06-01,9999-12-31,True
2367,C02127,Adil Naciri,55-64,m,Oujda,Oriental,Gold,social_media,2026-06-01,9999-12-31,True
2368,C02129,Sara Rachidi,65+,f,Meknès,Fès-Meknès,Gold,influencer,2026-06-01,9999-12-31,True
2369,C02130,Nabil Idrissi,<18,m,Errachidia,Drâa-Tafilalet,Gold,paid_search,2026-06-01,9999-12-31,True
2370,C02131,Meryem El Mansouri,55-64,f,Fès,Fès-Meknès,Gold,influencer,2026-06-01,9999-12-31,True
2371,C02133,Karim Fassi,65+,m,El Jadida,Casablanca-Settat,Gold,paid_search,2026-06-01,9999-12-31,True
2372,C02134,Zineb Idrissi,35-44,f,Nador,Oriental,Gold,organic,2026-06-01,9999-12-31,True
2373,C02138,Ayoub Moussaoui,65+,m,Errachidia,Drâa-Tafilalet,Gold,paid_search,2026-06-01,9999-12-31,True
2374,C02139,Houda Drissi,25-34,f,Tanger,Tanger-Tétouan-Al Hoceïma,Gold,influencer,2026-06-01,9999-12-31,True
2375,C02141,Imane Ziani,35-44,f,Nador,Oriental,Gold,paid_search,2026-06-01,9999-12-31,True
2376,C02142,Aisha Ziani,<18,f,Nador,Oriental,Gold,influencer,2026-06-01,9999-12-31,True
2377,C02143,Tariq Rachidi,65+,m,Meknès,Fès-Meknès,Gold,direct,2026-06-01,9999-12-31,True
2378,C02146,Mehdi Senhaji,25-34,m,Fès,Fès-Meknès,Gold,influencer,2026-06-01,9999-12-31,True
2379,C02149,Sanaa Senhaji,<18,f,El Jadida,Casablanca-Settat,Gold,paid_search,2026-06-01,9999-12-31,True
2380,C02153,Rim Chraibi,65+,f,Fès,Fès-Meknès,Gold,paid_search,2026-06-01,9999-12-31,True
2381,C02154,Sanaa Rachidi,<18,f,Marrakech,Marrakech-Safi,Gold,paid_search,2026-06-01,9999-12-31,True
2382,C02155,Hicham Drissi,55-64,m,Meknès,Fès-Meknès,Gold,referral,2026-06-01,9999-12-31,True
2383,C02157,Nadia Filali,65+,f,Rabat,Rabat-Salé-Kénitra,Gold,email,2026-06-01,9999-12-31,True
2384,C02158,Nadia Filali,45-54,f,Safi,Marrakech-Safi,Gold,paid_search,2026-06-01,9999-12-31,True
2385,C02159,Ayoub Chraibi,65+,m,Tanger,Tanger-Tétouan-Al Hoceïma,Gold,paid_search,2026-06-01,9999-12-31,True
2386,C02162,Amine Tazi,35-44,m,El Jadida,Casablanca-Settat,Gold,social_media,2026-06-01,9999-12-31,True
2387,C02163,Nadia Moussaoui,55-64,f,Béni Mellal,Béni Mellal-Khénifra,Gold,direct,2026-06-01,9999-12-31,True
2388,C02166,Hassan Fassi,65+,m,Fès,Fès-Meknès,Silver,social_media,2026-06-01,9999-12-31,True
2389,C02168,Youssef Drissi,25-34,m,Kenitra,Rabat-Salé-Kénitra,Gold,influencer,2026-06-01,9999-12-31,True
2390,C02169,Mehdi Rachidi,65+,m,Safi,Marrakech-Safi,Gold,referral,2026-06-01,9999-12-31,True
2391,C02171,Mehdi Tazi,<18,m,Kenitra,Rabat-Salé-Kénitra,Gold,social_media,2026-06-01,9999-12-31,True
2392,C02172,Youssef Filali,55-64,m,Marrakech,Marrakech-Safi,Gold,referral,2026-06-01,9999-12-31,True
2393,C02173,Samir Chaoui,65+,m,El Jadida,Casablanca-Settat,Gold,direct,2026-06-01,9999-12-31,True
2394,C02174,Nadia Idrissi,18-24,f,Errachidia,Drâa-Tafilalet,Gold,influencer,2026-06-01,9999-12-31,True
2395,C02175,Omar Alami,45-54,m,Oujda,Oriental,Gold,influencer,2026-06-01,9999-12-31,True
2396,C02180,Yasmine Karimi,65+,f,Marrakech,Marrakech-Safi,Gold,influencer,2026-06-01,9999-12-31,True
2397,C02182,Nabil Chaoui,65+,m,El Jadida,Casablanca-Settat,Gold,paid_search,2026-06-01,9999-12-31,True
2398,C02184,Sanaa Rachidi,45-54,f,Safi,Marrakech-Safi,Gold,organic,2026-06-01,9999-12-31,True
2399,C02188,Ahmed Drissi,45-54,m,Meknès,Fès-Meknès,Gold,organic,2026-06-01,9999-12-31,True
2400,C02189,Samir Chaoui,35-44,m,Tétouan,Tanger-Tétouan-Al Hoceïma,Gold,social_media,2026-06-01,9999-12-31,True
2401,C02190,Tariq Tazi,65+,m,Oujda,Oriental,Gold,paid_search,2026-06-01,9999-12-31,True
2402,C02192,Youssef Bensaid,65+,m,Marrakech,Marrakech-Safi,Gold,direct,2026-06-01,9999-12-31,True
2403,C02193,Nadia El Mansouri,<18,f,Marrakech,Marrakech-Safi,Gold,organic,2026-06-01,9999-12-31,True
2404,C02194,Khadija Rachidi,65+,f,El Jadida,Casablanca-Settat,Gold,email,2026-06-01,9999-12-31,True
2405,C02195,Samir Ziani,<18,m,El Jadida,Casablanca-Settat,Gold,referral,2026-06-01,9999-12-31,True
2406,C02197,Mohammed Fassi,25-34,m,Errachidia,Drâa-Tafilalet,Gold,email,2026-06-01,9999-12-31,True
2407,C02200,Sanaa Moussaoui,55-64,f,Rabat,Rabat-Salé-Kénitra,Gold,organic,2026-06-01,9999-12-31,True
2408,C02201,Soukaina Senhaji,55-64,f,Béni Mellal,Béni Mellal-Khénifra,Gold,referral,2026-06-01,9999-12-31,True
2409,C02204,Rachid Naciri,18-24,m,Kenitra,Rabat-Salé-Kénitra,Silver,direct,2026-06-01,9999-12-31,True
2410,C02207,Rim Drissi,65+,f,Béni Mellal,Béni Mellal-Khénifra,Bronze,email,2026-06-01,9999-12-31,True
2411,C02209,Mehdi Benali,35-44,m,Casablanca,Casablanca-Settat,Gold,paid_search,2026-06-01,9999-12-31,True
2412,C02210,Karim Naciri,<18,m,Fès,Fès-Meknès,Gold,referral,2026-06-01,9999-12-31,True
2413,C02211,Aisha Chraibi,35-44,f,Errachidia,Drâa-Tafilalet,Gold,referral,2026-06-01,9999-12-31,True
2414,C02212,Amine Moussaoui,18-24,m,El Jadida,Casablanca-Settat,Gold,email,2026-06-01,9999-12-31,True
2415,C02213,Fatima Lahlou,35-44,f,Errachidia,Drâa-Tafilalet,Gold,direct,2026-06-01,9999-12-31,True
2416,C02214,Leila Ziani,65+,f,Agadir,Souss-Massa,Gold,paid_search,2026-06-01,9999-12-31,True
2417,C02217,Khadija Benali,65+,f,Safi,Marrakech-Safi,Bronze,referral,2026-06-01,9999-12-31,True
2418,C02219,Leila Karimi,<18,f,Casablanca,Casablanca-Settat,Gold,paid_search,2026-06-01,9999-12-31,True
2419,C02221,Rim Moussaoui,25-34,f,Tanger,Tanger-Tétouan-Al Hoceïma,Gold,influencer,2026-06-01,9999-12-31,True
2420,C02223,Houda Benali,35-44,f,Meknès,Fès-Meknès,Gold,paid_search,2026-06-01,9999-12-31,True
2421,C02227,Samir Ziani,65+,m,Tétouan,Tanger-Tétouan-Al Hoceïma,Bronze,influencer,2026-06-01,9999-12-31,True
2422,C02228,Nabil Karimi,25-34,m,Oujda,Oriental,Gold,email,2026-06-01,9999-12-31,True
2423,C02229,Mohammed Hajji,18-24,m,Casablanca,Casablanca-Settat,Gold,email,2026-06-01,9999-12-31,True
2424,C02232,Soukaina Moussaoui,25-34,f,Nador,Oriental,Gold,paid_search,2026-06-01,9999-12-31,True
2425,C02237,Zineb Bensaid,65+,f,Marrakech,Marrakech-Safi,Silver,direct,2026-06-01,9999-12-31,True
2426,C02238,Amine Drissi,65+,m,Meknès,Fès-Meknès,Gold,referral,2026-06-01,9999-12-31,True
2427,C02239,Khadija Gharbi,65+,f,Casablanca,Casablanca-Settat,Gold,influencer,2026-06-01,9999-12-31,True
2428,C02240,Imane Benali,25-34,f,Marrakech,Marrakech-Safi,Gold,paid_search,2026-06-01,9999-12-31,True
2429,C02243,Sanaa Gharbi,65+,f,Fès,Fès-Meknès,Gold,influencer,2026-06-01,9999-12-31,True
2430,C02244,Soukaina Naciri,25-34,f,Safi,Marrakech-Safi,Bronze,direct,2026-06-01,9999-12-31,True
2431,C02245,Hicham Bensaid,65+,m,Béni Mellal,Béni Mellal-Khénifra,Gold,influencer,2026-06-01,9999-12-31,True
2432,C02246,Ayoub Rachidi,65+,m,Agadir,Souss-Massa,Gold,social_media,2026-06-01,9999-12-31,True
2433,C02247,Zineb Bensaid,25-34,f,Oujda,Oriental,Gold,email,2026-06-01,9999-12-31,True
2434,C02248,Houda Jamai,65+,f,Casablanca,Casablanca-Settat,Gold,email,2026-06-01,9999-12-31,True
2435,C02250,Karim Alami,18-24,m,Nador,Oriental,Gold,paid_search,2026-06-01,9999-12-31,True
2436,C02252,Samir Gharbi,65+,m,El Jadida,Casablanca-Settat,Gold,social_media,2026-06-01,9999-12-31,True
2437,C02253,Ahmed Benali,65+,m,Safi,Marrakech-Safi,Gold,referral,2026-06-01,9999-12-31,True
2438,C02254,Youssef Chaoui,<18,m,El Jadida,Casablanca-Settat,Gold,influencer,2026-06-01,9999-12-31,True
2439,C02255,Aisha Rachidi,<18,f,Rabat,Rabat-Salé-Kénitra,Gold,direct,2026-06-01,9999-12-31,True
2440,C02257,Omar Ziani,65+,m,Rabat,Rabat-Salé-Kénitra,Gold,influencer,2026-06-01,9999-12-31,True
2441,C02261,Adil Chraibi,65+,m,Errachidia,Drâa-Tafilalet,Gold,direct,2026-06-01,9999-12-31,True
2442,C02264,Yasmine Ziani,65+,f,Casablanca,Casablanca-Settat,Gold,direct,2026-06-01,9999-12-31,True
2443,C02265,Ahmed Chaoui,65+,m,Béni Mellal,Béni Mellal-Khénifra,Gold,paid_search,2026-06-01,9999-12-31,True
2444,C02267,Mohammed Senhaji,45-54,m,Kenitra,Rabat-Salé-Kénitra,Gold,organic,2026-06-01,9999-12-31,True
2445,C02269,Sara Alami,45-54,f,Meknès,Fès-Meknès,Gold,social_media,2026-06-01,9999-12-31,True
2446,C02270,Khadija Naciri,35-44,f,Agadir,Souss-Massa,Gold,organic,2026-06-01,9999-12-31,True
2447,C02271,Yasmine Chaoui,65+,f,Rabat,Rabat-Salé-Kénitra,Gold,organic,2026-06-01,9999-12-31,True
2448,C02272,Amine Alami,25-34,m,Tanger,Tanger-Tétouan-Al Hoceïma,Silver,influencer,2026-06-01,9999-12-31,True
2449,C02273,Leila Ouali,65+,f,Tanger,Tanger-Tétouan-Al Hoceïma,Gold,social_media,2026-06-01,9999-12-31,True
2450,C02278,Sanaa Fassi,65+,f,Kenitra,Rabat-Salé-Kénitra,Gold,direct,2026-06-01,9999-12-31,True
2451,C02279,Leila Lahlou,<18,f,Oujda,Oriental,Gold,social_media,2026-06-01,9999-12-31,True
2452,C02280,Fatima Drissi,55-64,f,Nador,Oriental,Gold,referral,2026-06-01,9999-12-31,True
2453,C02281,Amine Benali,65+,m,Tanger,Tanger-Tétouan-Al Hoceïma,Gold,referral,2026-06-01,9999-12-31,True
2454,C02283,Rim Lahlou,55-64,f,Meknès,Fès-Meknès,Gold,influencer,2026-06-01,9999-12-31,True
2455,C02284,Ahmed Filali,35-44,m,El Jadida,Casablanca-Settat,Gold,paid_search,2026-06-01,9999-12-31,True
2456,C02286,Ahmed Gharbi,55-64,m,Errachidia,Drâa-Tafilalet,Gold,direct,2026-06-01,9999-12-31,True
2457,C02288,Khadija Bensaid,55-64,f,Errachidia,Drâa-Tafilalet,Gold,direct,2026-06-01,9999-12-31,True
2458,C02289,Yasmine El Mansouri,65+,f,Oujda,Oriental,Gold,influencer,2026-06-01,9999-12-31,True
2459,C02290,Soukaina Hajji,18-24,f,Nador,Oriental,Gold,email,2026-06-01,9999-12-31,True
2460,C02291,Soukaina Idrissi,45-54,f,Casablanca,Casablanca-Settat,Gold,influencer,2026-06-01,9999-12-31,True
2461,C02293,Ayoub Idrissi,35-44,m,Agadir,Souss-Massa,Gold,direct,2026-06-01,9999-12-31,True
2462,C02294,Rachid Bensaid,55-64,m,El Jadida,Casablanca-Settat,Gold,influencer,2026-06-01,9999-12-31,True
2463,C02295,Amine Rachidi,45-54,m,Safi,Marrakech-Safi,Gold,organic,2026-06-01,9999-12-31,True
2464,C02296,Zineb Moussaoui,65+,f,Kenitra,Rabat-Salé-Kénitra,Gold,social_media,2026-06-01,9999-12-31,True
2465,C02297,Omar Senhaji,65+,m,Rabat,Rabat-Salé-Kénitra,Gold,direct,2026-06-01,9999-12-31,True
2466,C02298,Omar Chaoui,65+,m,Rabat,Rabat-Salé-Kénitra,Gold,direct,2026-06-01,9999-12-31,True
2467,C02299,Soukaina Drissi,<18,f,Rabat,Rabat-Salé-Kénitra,Gold,organic,2026-06-01,9999-12-31,True
2468,C02301,Rachid Idrissi,55-64,m,El Jadida,Casablanca-Settat,Bronze,organic,2026-06-01,9999-12-31,True
2469,C02302,Ayoub Filali,<18,m,Agadir,Souss-Massa,Gold,social_media,2026-06-01,9999-12-31,True
2470,C02303,Hicham El Mansouri,65+,m,Oujda,Oriental,Gold,email,2026-06-01,9999-12-31,True
2471,C02304,Samir Alami,55-64,m,Tanger,Tanger-Tétouan-Al Hoceïma,Gold,paid_search,2026-06-01,9999-12-31,True
2472,C02305,Rachid Rachidi,35-44,m,Meknès,Fès-Meknès,Gold,organic,2026-06-01,9999-12-31,True
2473,C02306,Rim Naciri,45-54,f,Oujda,Oriental,Gold,paid_search,2026-06-01,9999-12-31,True
2474,C02307,Youssef Filali,55-64,m,Casablanca,Casablanca-Settat,Gold,paid_search,2026-06-01,9999-12-31,True
2475,C02308,Ayoub Chaoui,18-24,m,Safi,Marrakech-Safi,Gold,paid_search,2026-06-01,9999-12-31,True
2476,C02309,Khadija Rachidi,18-24,f,Nador,Oriental,Gold,influencer,2026-06-01,9999-12-31,True
2477,C02310,Nabil Bensaid,65+,m,Tanger,Tanger-Tétouan-Al Hoceïma,Gold,social_media,2026-06-01,9999-12-31,True
2478,C02314,Houda Alami,<18,f,Meknès,Fès-Meknès,Gold,email,2026-06-01,9999-12-31,True
2479,C02318,Aisha Chraibi,<18,f,Kenitra,Rabat-Salé-Kénitra,Gold,direct,2026-06-01,9999-12-31,True
2480,C02319,Houda Jamai,25-34,f,Kenitra,Rabat-Salé-Kénitra,Gold,email,2026-06-01,9999-12-31,True
2481,C02320,Mehdi Filali,45-54,m,El Jadida,Casablanca-Settat,Gold,referral,2026-06-01,9999-12-31,True
2482,C02323,Samir Jamai,18-24,m,Errachidia,Drâa-Tafilalet,Gold,influencer,2026-06-01,9999-12-31,True
2483,C02324,Rachid Tazi,25-34,m,Tétouan,Tanger-Tétouan-Al Hoceïma,Gold,direct,2026-06-01,9999-12-31,True
2484,C02327,Rim Chraibi,25-34,f,Meknès,Fès-Meknès,Gold,email,2026-06-01,9999-12-31,True
2485,C02328,Ayoub Gharbi,35-44,m,El Jadida,Casablanca-Settat,Gold,referral,2026-06-01,9999-12-31,True
2486,C02330,Meryem Jamai,45-54,f,Tanger,Tanger-Tétouan-Al Hoceïma,Gold,influencer,2026-06-01,9999-12-31,True
2487,C02331,Meryem Moussaoui,65+,f,Agadir,Souss-Massa,Gold,paid_search,2026-06-01,9999-12-31,True
2488,C02332,Youssef Idrissi,65+,m,Errachidia,Drâa-Tafilalet,Gold,direct,2026-06-01,9999-12-31,True
2489,C02333,Soukaina Chaoui,65+,f,Nador,Oriental,Bronze,organic,2026-06-01,9999-12-31,True
2490,C02334,Karim Ziani,65+,m,Nador,Oriental,Gold,organic,2026-06-01,9999-12-31,True
2491,C02335,Youssef Filali,65+,m,Agadir,Souss-Massa,Gold,influencer,2026-06-01,9999-12-31,True
2492,C02336,Yasmine Tazi,18-24,f,Nador,Oriental,Gold,paid_search,2026-06-01,9999-12-31,True
2493,C02338,Rachid Fassi,55-64,m,Safi,Marrakech-Safi,Gold,influencer,2026-06-01,9999-12-31,True
2494,C02339,Khadija Senhaji,65+,f,Agadir,Souss-Massa,Gold,paid_search,2026-06-01,9999-12-31,True
2495,C02340,Aisha Hajji,25-34,f,Oujda,Oriental,Gold,direct,2026-06-01,9999-12-31,True
2496,C02341,Sanaa Filali,45-54,f,Tanger,Tanger-Tétouan-Al Hoceïma,Gold,referral,2026-06-01,9999-12-31,True
2497,C02342,Soukaina Jamai,<18,f,Casablanca,Casablanca-Settat,Gold,paid_search,2026-06-01,9999-12-31,True
2498,C02345,Aisha Tazi,55-64,f,Safi,Marrakech-Safi,Bronze,social_media,2026-06-01,9999-12-31,True
2499,C02346,Rachid Tazi,18-24,m,Casablanca,Casablanca-Settat,Gold,referral,2026-06-01,9999-12-31,True
2500,C02347,Meryem Moussaoui,45-54,f,Errachidia,Drâa-Tafilalet,Bronze,direct,2026-06-01,9999-12-31,True
2501,C02350,Hicham Bensaid,35-44,m,Errachidia,Drâa-Tafilalet,Gold,referral,2026-06-01,9999-12-31,True
2502,C02357,Amine Rachidi,55-64,m,Nador,Oriental,Gold,referral,2026-06-01,9999-12-31,True
2503,C02358,Imane Karimi,45-54,f,Béni Mellal,Béni Mellal-Khénifra,Gold,referral,2026-06-01,9999-12-31,True
2504,C02359,Nabil Fassi,65+,m,Tanger,Tanger-Tétouan-Al Hoceïma,Gold,email,2026-06-01,9999-12-31,True
2505,C02361,Nabil Benali,25-34,m,Meknès,Fès-Meknès,Gold,social_media,2026-06-01,9999-12-31,True
2506,C02362,Houda Tazi,18-24,f,Nador,Oriental,Gold,social_media,2026-06-01,9999-12-31,True
2507,C02363,Nadia Gharbi,65+,f,Rabat,Rabat-Salé-Kénitra,Gold,paid_search,2026-06-01,9999-12-31,True
2508,C02364,Khadija Naciri,65+,f,Meknès,Fès-Meknès,Gold,email,2026-06-01,9999-12-31,True
2509,C02365,Fatima Karimi,65+,f,Casablanca,Casablanca-Settat,Gold,influencer,2026-06-01,9999-12-31,True
2510,C02366,Yasmine Chaoui,<18,f,Béni Mellal,Béni Mellal-Khénifra,Gold,organic,2026-06-01,9999-12-31,True
2511,C02367,Yasmine Filali,18-24,f,Casablanca,Casablanca-Settat,Gold,organic,2026-06-01,9999-12-31,True
2512,C02368,Imane Lahlou,18-24,f,El Jadida,Casablanca-Settat,Gold,influencer,2026-06-01,9999-12-31,True
2513,C02369,Zineb Gharbi,45-54,f,Safi,Marrakech-Safi,Silver,organic,2026-06-01,9999-12-31,True
2514,C02377,Samir Ziani,<18,m,Agadir,Souss-Massa,Gold,social_media,2026-06-01,9999-12-31,True
2515,C02382,Samir Rachidi,<18,m,El Jadida,Casablanca-Settat,Gold,influencer,2026-06-01,9999-12-31,True
2516,C02383,Imane Gharbi,<18,f,Tétouan,Tanger-Tétouan-Al Hoceïma,Gold,paid_search,2026-06-01,9999-12-31,True
2517,C02384,Rim Bensaid,<18,f,Tanger,Tanger-Tétouan-Al Hoceïma,Bronze,referral,2026-06-01,9999-12-31,True
2518,C02387,Khadija Alami,55-64,f,Nador,Oriental,Gold,email,2026-06-01,9999-12-31,True
2519,C02388,Imane Drissi,65+,f,Errachidia,Drâa-Tafilalet,Gold,social_media,2026-06-01,9999-12-31,True
2520,C02396,Rim Naciri,25-34,f,Oujda,Oriental,Bronze,social_media,2026-06-01,9999-12-31,True
2521,C02398,Tariq Karimi,<18,m,Casablanca,Casablanca-Settat,Gold,organic,2026-06-01,9999-12-31,True
2522,C02402,Mohammed Drissi,45-54,m,Tétouan,Tanger-Tétouan-Al Hoceïma,Gold,referral,2026-06-01,9999-12-31,True
2523,C02403,Omar Karimi,65+,m,Oujda,Oriental,Gold,organic,2026-06-01,9999-12-31,True
2524,C02404,Mohammed Chaoui,25-34,m,Marrakech,Marrakech-Safi,Gold,direct,2026-06-01,9999-12-31,True
2525,C02407,Ayoub El Mansouri,<18,m,Safi,Marrakech-Safi,Gold,direct,2026-06-01,9999-12-31,True
2526,C02408,Hicham Senhaji,65+,m,Casablanca,Casablanca-Settat,Gold,organic,2026-06-01,9999-12-31,True
2527,C02409,Aisha Chaoui,65+,f,Tétouan,Tanger-Tétouan-Al Hoceïma,Gold,paid_search,2026-06-01,9999-12-31,True
2528,C02410,Soukaina Jamai,<18,f,Safi,Marrakech-Safi,Gold,direct,2026-06-01,9999-12-31,True
2529,C02412,Ahmed Chraibi,35-44,m,Meknès,Fès-Meknès,Gold,direct,2026-06-01,9999-12-31,True
2530,C02413,Houda Alami,35-44,f,Safi,Marrakech-Safi,Gold,paid_search,2026-06-01,9999-12-31,True
2531,C02414,Ahmed Alami,65+,m,Safi,Marrakech-Safi,Gold,paid_search,2026-06-01,9999-12-31,True
2532,C02415,Mehdi Chraibi,65+,m,Rabat,Rabat-Salé-Kénitra,Gold,referral,2026-06-01,9999-12-31,True
2533,C02418,Aisha Bensaid,65+,f,Meknès,Fès-Meknès,Gold,influencer,2026-06-01,9999-12-31,True
2534,C02420,Rim Idrissi,65+,f,Tanger,Tanger-Tétouan-Al Hoceïma,Gold,influencer,2026-06-01,9999-12-31,True
2535,C02422,Aisha El Mansouri,65+,f,Tanger,Tanger-Tétouan-Al Hoceïma,Gold,influencer,2026-06-01,9999-12-31,True
2536,C02423,Khadija Gharbi,45-54,f,Kenitra,Rabat-Salé-Kénitra,Gold,influencer,2026-06-01,9999-12-31,True
2537,C02424,Rachid El Mansouri,55-64,m,Casablanca,Casablanca-Settat,Gold,influencer,2026-06-01,9999-12-31,True
2538,C02428,Nadia Lahlou,<18,f,Agadir,Souss-Massa,Gold,social_media,2026-06-01,9999-12-31,True
2539,C02430,Hajar El Mansouri,18-24,f,Meknès,Fès-Meknès,Gold,direct,2026-06-01,9999-12-31,True
2540,C02431,Samir Gharbi,65+,m,Safi,Marrakech-Safi,Gold,direct,2026-06-01,9999-12-31,True
2541,C02432,Youssef Karimi,65+,m,Nador,Oriental,Gold,email,2026-06-01,9999-12-31,True
2542,C02433,Houda Rachidi,65+,f,Rabat,Rabat-Salé-Kénitra,Gold,organic,2026-06-01,9999-12-31,True
2543,C02434,Omar Senhaji,55-64,m,Casablanca,Casablanca-Settat,Gold,social_media,2026-06-01,9999-12-31,True
2544,C02435,Nadia Gharbi,65+,f,Marrakech,Marrakech-Safi,Bronze,email,2026-06-01,9999-12-31,True
2545,C02436,Houda Lahlou,65+,f,Tanger,Tanger-Tétouan-Al Hoceïma,Gold,organic,2026-06-01,9999-12-31,True
2546,C02438,Youssef Gharbi,65+,m,Nador,Oriental,Gold,organic,2026-06-01,9999-12-31,True
2547,C02442,Nabil Idrissi,45-54,m,Béni Mellal,Béni Mellal-Khénifra,Gold,organic,2026-06-01,9999-12-31,True
2548,C02443,Sara Senhaji,55-64,f,Fès,Fès-Meknès,Gold,paid_search,2026-06-01,9999-12-31,True
2549,C02444,Tariq Senhaji,45-54,m,Agadir,Souss-Massa,Silver,referral,2026-06-01,9999-12-31,True
2550,C02445,Mehdi Benali,45-54,m,Safi,Marrakech-Safi,Gold,direct,2026-06-01,9999-12-31,True
2551,C02449,Adil Hajji,55-64,m,El Jadida,Casablanca-Settat,Gold,organic,2026-06-01,9999-12-31,True
2552,C02452,Soukaina Lahlou,55-64,f,Oujda,Oriental,Bronze,referral,2026-06-01,9999-12-31,True
2553,C02453,Omar Moussaoui,25-34,m,Nador,Oriental,Gold,organic,2026-06-01,9999-12-31,True
2554,C02457,Sanaa Senhaji,45-54,f,Oujda,Oriental,Gold,social_media,2026-06-01,9999-12-31,True
2555,C02458,Soukaina El Mansouri,55-64,f,Casablanca,Casablanca-Settat,Gold,social_media,2026-06-01,9999-12-31,True
2556,C02459,Ahmed Tazi,25-34,m,Safi,Marrakech-Safi,Gold,social_media,2026-06-01,9999-12-31,True
2557,C02461,Khadija Naciri,25-34,f,Béni Mellal,Béni Mellal-Khénifra,Gold,paid_search,2026-06-01,9999-12-31,True
2558,C02462,Hassan Lahlou,18-24,m,Tanger,Tanger-Tétouan-Al Hoceïma,Gold,influencer,2026-06-01,9999-12-31,True
2559,C02463,Nabil Tazi,65+,m,Béni Mellal,Béni Mellal-Khénifra,Gold,email,2026-06-01,9999-12-31,True
2560,C02468,Leila Benali,65+,f,Nador,Oriental,Gold,direct,2026-06-01,9999-12-31,True
2561,C02470,Sara Tazi,65+,f,El Jadida,Casablanca-Settat,Gold,influencer,2026-06-01,9999-12-31,True
2562,C02471,Zineb Chraibi,65+,f,Tanger,Tanger-Tétouan-Al Hoceïma,Gold,paid_search,2026-06-01,9999-12-31,True
2563,C02476,Meryem Hajji,65+,f,Rabat,Rabat-Salé-Kénitra,Gold,organic,2026-06-01,9999-12-31,True
2564,C02477,Amine Senhaji,65+,m,Kenitra,Rabat-Salé-Kénitra,Gold,influencer,2026-06-01,9999-12-31,True
2565,C02478,Sara Jamai,65+,f,Nador,Oriental,Gold,email,2026-06-01,9999-12-31,True
2566,C02481,Sanaa Lahlou,65+,f,Marrakech,Marrakech-Safi,Gold,paid_search,2026-06-01,9999-12-31,True
2567,C02482,Mehdi El Mansouri,<18,m,Casablanca,Casablanca-Settat,Gold,social_media,2026-06-01,9999-12-31,True
2568,C02483,Samir Gharbi,25-34,m,Oujda,Oriental,Gold,paid_search,2026-06-01,9999-12-31,True
2569,C02485,Yasmine Jamai,35-44,f,El Jadida,Casablanca-Settat,Gold,direct,2026-06-01,9999-12-31,True
2570,C02488,Rim Chaoui,65+,f,Tanger,Tanger-Tétouan-Al Hoceïma,Gold,social_media,2026-06-01,9999-12-31,True
2571,C02489,Khadija Idrissi,65+,f,Errachidia,Drâa-Tafilalet,Gold,social_media,2026-06-01,9999-12-31,True
2572,C02490,Ahmed Fassi,45-54,m,Errachidia,Drâa-Tafilalet,Gold,direct,2026-06-01,9999-12-31,True
2573,C02491,Hassan Senhaji,65+,m,Tanger,Tanger-Tétouan-Al Hoceïma,Gold,paid_search,2026-06-01,9999-12-31,True
2574,C02494,Ayoub Jamai,65+,m,Nador,Oriental,Gold,paid_search,2026-06-01,9999-12-31,True
2575,C02496,Ahmed Senhaji,55-64,m,Marrakech,Marrakech-Safi,Gold,direct,2026-06-01,9999-12-31,True
2576,C02497,Rachid Tazi,45-54,m,El Jadida,Casablanca-Settat,Gold,organic,2026-06-01,9999-12-31,True
2577,C02498,Nabil Naciri,65+,m,Errachidia,Drâa-Tafilalet,Gold,paid_search,2026-06-01,9999-12-31,True
2578,C02499,Ayoub Drissi,55-64,m,Rabat,Rabat-Salé-Kénitra,Gold,paid_search,2026-06-01,9999-12-31,True
2579,C02501,Adil Tazi,35-44,m,Safi,Marrakech-Safi,Gold,organic,2026-06-01,9999-12-31,True
2580,C02502,Imane Moussaoui,18-24,f,Tétouan,Tanger-Tétouan-Al Hoceïma,Gold,organic,2026-06-01,9999-12-31,True
2581,C02503,Nadia Fassi,65+,f,Marrakech,Marrakech-Safi,Gold,referral,2026-06-01,9999-12-31,True
2582,C02506,Rachid Fassi,55-64,m,Tétouan,Tanger-Tétouan-Al Hoceïma,Gold,email,2026-06-01,9999-12-31,True
2583,C02508,Nadia Filali,65+,f,Béni Mellal,Béni Mellal-Khénifra,Gold,email,2026-06-01,9999-12-31,True
2584,C02511,Houda Rachidi,55-64,f,El Jadida,Casablanca-Settat,Gold,direct,2026-06-01,9999-12-31,True
2585,C02512,Houda Bensaid,25-34,f,Safi,Marrakech-Safi,Gold,influencer,2026-06-01,9999-12-31,True
2586,C02513,Rim Benali,45-54,f,Rabat,Rabat-Salé-Kénitra,Gold,email,2026-06-01,9999-12-31,True
2587,C02515,Omar Tazi,65+,m,Oujda,Oriental,Gold,referral,2026-06-01,9999-12-31,True
2588,C02517,Imane Alami,25-34,f,Kenitra,Rabat-Salé-Kénitra,Gold,paid_search,2026-06-01,9999-12-31,True
2589,C02518,Omar Jamai,45-54,m,Béni Mellal,Béni Mellal-Khénifra,Gold,social_media,2026-06-01,9999-12-31,True
2590,C02520,Houda Benali,55-64,f,Marrakech,Marrakech-Safi,Gold,direct,2026-06-01,9999-12-31,True
2591,C02522,Meryem Ziani,65+,f,Tanger,Tanger-Tétouan-Al Hoceïma,Gold,influencer,2026-06-01,9999-12-31,True
2592,C02523,Sanaa Naciri,<18,f,Rabat,Rabat-Salé-Kénitra,Gold,paid_search,2026-06-01,9999-12-31,True
2593,C02524,Hicham Gharbi,45-54,m,Nador,Oriental,Gold,social_media,2026-06-01,9999-12-31,True
2594,C02526,Imane Chraibi,45-54,f,Tanger,Tanger-Tétouan-Al Hoceïma,Gold,direct,2026-06-01,9999-12-31,True
2595,C02527,Zineb Senhaji,<18,f,Kenitra,Rabat-Salé-Kénitra,Silver,influencer,2026-06-01,9999-12-31,True
2596,C02529,Meryem Senhaji,25-34,f,Béni Mellal,Béni Mellal-Khénifra,Gold,influencer,2026-06-01,9999-12-31,True
2597,C02531,Houda Alami,18-24,f,Rabat,Rabat-Salé-Kénitra,Gold,referral,2026-06-01,9999-12-31,True
2598,C02532,Houda Gharbi,35-44,f,Safi,Marrakech-Safi,Gold,social_media,2026-06-01,9999-12-31,True
2599,C02535,Meryem Drissi,18-24,f,Kenitra,Rabat-Salé-Kénitra,Gold,email,2026-06-01,9999-12-31,True
2600,C02539,Tariq Naciri,65+,m,Casablanca,Casablanca-Settat,Gold,referral,2026-06-01,9999-12-31,True
2601,C02544,Imane Karimi,45-54,f,Meknès,Fès-Meknès,Gold,social_media,2026-06-01,9999-12-31,True
2602,C02545,Soukaina Naciri,65+,f,Errachidia,Drâa-Tafilalet,Gold,paid_search,2026-06-01,9999-12-31,True
2603,C02549,Hajar Naciri,65+,f,Marrakech,Marrakech-Safi,Gold,direct,2026-06-01,9999-12-31,True
2604,C02550,Hassan Gharbi,<18,m,Agadir,Souss-Massa,Gold,paid_search,2026-06-01,9999-12-31,True
2605,C02551,Omar Moussaoui,65+,m,Nador,Oriental,Gold,referral,2026-06-01,9999-12-31,True
2606,C02552,Rim Filali,65+,f,Casablanca,Casablanca-Settat,Gold,social_media,2026-06-01,9999-12-31,True
2607,C02553,Youssef Moussaoui,<18,m,Tétouan,Tanger-Tétouan-Al Hoceïma,Gold,social_media,2026-06-01,9999-12-31,True
2608,C02554,Samir Filali,65+,m,Kenitra,Rabat-Salé-Kénitra,Gold,email,2026-06-01,9999-12-31,True
2609,C02558,Hassan Moussaoui,45-54,m,Fès,Fès-Meknès,Gold,email,2026-06-01,9999-12-31,True
2610,C02559,Houda Jamai,25-34,f,El Jadida,Casablanca-Settat,Gold,email,2026-06-01,9999-12-31,True
2611,C02560,Houda Naciri,65+,f,Safi,Marrakech-Safi,Gold,social_media,2026-06-01,9999-12-31,True
2612,C02562,Omar Senhaji,65+,m,Kenitra,Rabat-Salé-Kénitra,Gold,email,2026-06-01,9999-12-31,True
2613,C02564,Aisha El Mansouri,65+,f,Tétouan,Tanger-Tétouan-Al Hoceïma,Gold,social_media,2026-06-01,9999-12-31,True
2614,C02568,Hicham Fassi,65+,m,Rabat,Rabat-Salé-Kénitra,Gold,influencer,2026-06-01,9999-12-31,True
2615,C02572,Samir Rachidi,18-24,m,El Jadida,Casablanca-Settat,Gold,referral,2026-06-01,9999-12-31,True
2616,C02573,Nadia Karimi,65+,f,Tanger,Tanger-Tétouan-Al Hoceïma,Gold,paid_search,2026-06-01,9999-12-31,True
2617,C02574,Leila Chaoui,18-24,f,Fès,Fès-Meknès,Gold,email,2026-06-01,9999-12-31,True
2618,C02575,Amine El Mansouri,65+,m,Errachidia,Drâa-Tafilalet,Gold,paid_search,2026-06-01,9999-12-31,True
2619,C02577,Adil Chaoui,55-64,m,Fès,Fès-Meknès,Gold,social_media,2026-06-01,9999-12-31,True
2620,C02578,Adil Hajji,65+,m,Safi,Marrakech-Safi,Gold,paid_search,2026-06-01,9999-12-31,True
2621,C02579,Leila El Mansouri,25-34,f,Oujda,Oriental,Gold,influencer,2026-06-01,9999-12-31,True
2622,C02582,Hajar Lahlou,18-24,f,Safi,Marrakech-Safi,Gold,email,2026-06-01,9999-12-31,True
2623,C02583,Rachid Ouali,45-54,m,Casablanca,Casablanca-Settat,Gold,referral,2026-06-01,9999-12-31,True
2624,C02585,Rachid Moussaoui,25-34,m,Béni Mellal,Béni Mellal-Khénifra,Gold,organic,2026-06-01,9999-12-31,True
2625,C02586,Samir Lahlou,55-64,m,Fès,Fès-Meknès,Gold,social_media,2026-06-01,9999-12-31,True
2626,C02587,Nadia Chraibi,45-54,f,Oujda,Oriental,Gold,influencer,2026-06-01,9999-12-31,True
2627,C02589,Sara Alami,25-34,f,Casablanca,Casablanca-Settat,Gold,influencer,2026-06-01,9999-12-31,True
2628,C02590,Soukaina Chaoui,<18,f,Tétouan,Tanger-Tétouan-Al Hoceïma,Gold,organic,2026-06-01,9999-12-31,True
2629,C02594,Houda Ziani,25-34,f,Safi,Marrakech-Safi,Gold,influencer,2026-06-01,9999-12-31,True
2630,C02595,Soukaina Jamai,55-64,f,Meknès,Fès-Meknès,Gold,email,2026-06-01,9999-12-31,True
2631,C02596,Rim Rachidi,25-34,f,Marrakech,Marrakech-Safi,Gold,social_media,2026-06-01,9999-12-31,True
2632,C02597,Imane Bensaid,65+,f,Fès,Fès-Meknès,Gold,referral,2026-06-01,9999-12-31,True
2633,C02598,Soukaina Drissi,25-34,f,Tanger,Tanger-Tétouan-Al Hoceïma,Gold,organic,2026-06-01,9999-12-31,True
2634,C02602,Amine Ziani,25-34,m,Tétouan,Tanger-Tétouan-Al Hoceïma,Gold,organic,2026-06-01,9999-12-31,True
2635,C02603,Rim Ouali,45-54,f,Nador,Oriental,Gold,organic,2026-06-01,9999-12-31,True
2636,C02604,Sanaa Rachidi,65+,f,Marrakech,Marrakech-Safi,Gold,social_media,2026-06-01,9999-12-31,True
2637,C02608,Leila Ziani,<18,f,Marrakech,Marrakech-Safi,Gold,paid_search,2026-06-01,9999-12-31,True
2638,C02609,Khadija Gharbi,<18,f,El Jadida,Casablanca-Settat,Gold,referral,2026-06-01,9999-12-31,True
2639,C02610,Khadija Bensaid,65+,f,Agadir,Souss-Massa,Gold,influencer,2026-06-01,9999-12-31,True
2640,C02611,Ahmed Chaoui,65+,m,Tanger,Tanger-Tétouan-Al Hoceïma,Gold,direct,2026-06-01,9999-12-31,True
2641,C02614,Imane Idrissi,18-24,f,Kenitra,Rabat-Salé-Kénitra,Gold,influencer,2026-06-01,9999-12-31,True
2642,C02615,Aisha Moussaoui,25-34,f,Errachidia,Drâa-Tafilalet,Gold,paid_search,2026-06-01,9999-12-31,True
2643,C02620,Hicham Senhaji,65+,m,Tétouan,Tanger-Tétouan-Al Hoceïma,Gold,social_media,2026-06-01,9999-12-31,True
2644,C02621,Ayoub Drissi,65+,m,Rabat,Rabat-Salé-Kénitra,Gold,direct,2026-06-01,9999-12-31,True
2645,C02622,Houda Bensaid,55-64,f,Kenitra,Rabat-Salé-Kénitra,Gold,influencer,2026-06-01,9999-12-31,True
2646,C02625,Imane Tazi,35-44,f,Errachidia,Drâa-Tafilalet,Gold,direct,2026-06-01,9999-12-31,True
2647,C02626,Houda Fassi,45-54,f,Rabat,Rabat-Salé-Kénitra,Gold,social_media,2026-06-01,9999-12-31,True
2648,C02627,Mehdi Naciri,18-24,m,Tétouan,Tanger-Tétouan-Al Hoceïma,Gold,direct,2026-06-01,9999-12-31,True
2649,C02628,Rim Naciri,65+,f,Safi,Marrakech-Safi,Bronze,email,2026-06-01,9999-12-31,True
2650,C02629,Adil Jamai,55-64,m,Béni Mellal,Béni Mellal-Khénifra,Gold,social_media,2026-06-01,9999-12-31,True
2651,C02630,Soukaina Ouali,55-64,f,Oujda,Oriental,Gold,social_media,2026-06-01,9999-12-31,True
2652,C02631,Rachid Naciri,35-44,m,Nador,Oriental,Gold,referral,2026-06-01,9999-12-31,True
2653,C02632,Ayoub Moussaoui,65+,m,Kenitra,Rabat-Salé-Kénitra,Gold,email,2026-06-01,9999-12-31,True
2654,C02633,Samir Hajji,65+,m,Agadir,Souss-Massa,Gold,direct,2026-06-01,9999-12-31,True
2655,C02636,Hajar Naciri,55-64,f,Casablanca,Casablanca-Settat,Gold,email,2026-06-01,9999-12-31,True
2656,C02638,Samir Lahlou,55-64,m,Safi,Marrakech-Safi,Gold,direct,2026-06-01,9999-12-31,True
2657,C02639,Hicham Karimi,65+,m,Fès,Fès-Meknès,Gold,paid_search,2026-06-01,9999-12-31,True
2658,C02640,Imane Benali,35-44,f,Casablanca,Casablanca-Settat,Gold,influencer,2026-06-01,9999-12-31,True
2659,C02642,Leila Rachidi,35-44,f,Errachidia,Drâa-Tafilalet,Silver,social_media,2026-06-01,9999-12-31,True
2660,C02648,Aisha Gharbi,65+,f,Rabat,Rabat-Salé-Kénitra,Gold,social_media,2026-06-01,9999-12-31,True
2661,C02649,Samir Hajji,<18,m,Nador,Oriental,Gold,organic,2026-06-01,9999-12-31,True
2662,C02652,Sanaa Karimi,25-34,f,Marrakech,Marrakech-Safi,Gold,organic,2026-06-01,9999-12-31,True
2663,C02656,Rim Chaoui,45-54,f,Nador,Oriental,Gold,direct,2026-06-01,9999-12-31,True
2664,C02657,Soukaina Hajji,18-24,f,Béni Mellal,Béni Mellal-Khénifra,Gold,referral,2026-06-01,9999-12-31,True
2665,C02658,Samir El Mansouri,18-24,m,Nador,Oriental,Gold,referral,2026-06-01,9999-12-31,True
2666,C02661,Zineb Chaoui,65+,f,Fès,Fès-Meknès,Gold,direct,2026-06-01,9999-12-31,True
2667,C02662,Rim Jamai,55-64,f,Tétouan,Tanger-Tétouan-Al Hoceïma,Gold,referral,2026-06-01,9999-12-31,True
2668,C02663,Adil Gharbi,65+,m,Meknès,Fès-Meknès,Gold,referral,2026-06-01,9999-12-31,True
2669,C02664,Hassan Moussaoui,45-54,m,Casablanca,Casablanca-Settat,Gold,influencer,2026-06-01,9999-12-31,True
2670,C02667,Leila Moussaoui,25-34,f,Casablanca,Casablanca-Settat,Bronze,organic,2026-06-01,9999-12-31,True
2671,C02672,Fatima Fassi,55-64,f,Safi,Marrakech-Safi,Gold,direct,2026-06-01,9999-12-31,True
2672,C02674,Soukaina Gharbi,25-34,f,Marrakech,Marrakech-Safi,Gold,email,2026-06-01,9999-12-31,True
2673,C02675,Khadija Moussaoui,45-54,f,Oujda,Oriental,Gold,referral,2026-06-01,9999-12-31,True
2674,C02676,Amine Jamai,65+,m,El Jadida,Casablanca-Settat,Gold,influencer,2026-06-01,9999-12-31,True
2675,C02677,Yasmine Chraibi,65+,f,Casablanca,Casablanca-Settat,Gold,influencer,2026-06-01,9999-12-31,True
2676,C02678,Nadia Lahlou,65+,f,Safi,Marrakech-Safi,Bronze,paid_search,2026-06-01,9999-12-31,True
2677,C02680,Fatima Chraibi,65+,f,Nador,Oriental,Gold,referral,2026-06-01,9999-12-31,True
2678,C02681,Sara Filali,65+,f,Tétouan,Tanger-Tétouan-Al Hoceïma,Gold,email,2026-06-01,9999-12-31,True
2679,C02682,Hajar Bensaid,35-44,f,Béni Mellal,Béni Mellal-Khénifra,Gold,direct,2026-06-01,9999-12-31,True
2680,C02684,Rachid Moussaoui,<18,m,Tanger,Tanger-Tétouan-Al Hoceïma,Gold,organic,2026-06-01,9999-12-31,True
2681,C02685,Youssef Tazi,<18,m,Rabat,Rabat-Salé-Kénitra,Gold,social_media,2026-06-01,9999-12-31,True
2682,C02686,Rachid Chraibi,65+,m,El Jadida,Casablanca-Settat,Gold,social_media,2026-06-01,9999-12-31,True
2683,C02687,Tariq Gharbi,65+,m,Béni Mellal,Béni Mellal-Khénifra,Gold,referral,2026-06-01,9999-12-31,True
2684,C02688,Soukaina Ziani,18-24,f,Oujda,Oriental,Gold,organic,2026-06-01,9999-12-31,True
2685,C02691,Fatima Rachidi,35-44,f,Tétouan,Tanger-Tétouan-Al Hoceïma,Gold,direct,2026-06-01,9999-12-31,True
2686,C02692,Meryem Karimi,55-64,f,Kenitra,Rabat-Salé-Kénitra,Gold,organic,2026-06-01,9999-12-31,True
2687,C02696,Sanaa Alami,18-24,f,Kenitra,Rabat-Salé-Kénitra,Gold,email,2026-06-01,9999-12-31,True
2688,C02698,Sara Hajji,25-34,f,Kenitra,Rabat-Salé-Kénitra,Silver,organic,2026-06-01,9999-12-31,True
2689,C02699,Soukaina El Mansouri,65+,f,El Jadida,Casablanca-Settat,Gold,direct,2026-06-01,9999-12-31,True
2690,C02702,Adil Chaoui,65+,m,Marrakech,Marrakech-Safi,Gold,direct,2026-06-01,9999-12-31,True
2691,C02703,Meryem Bensaid,18-24,f,Tétouan,Tanger-Tétouan-Al Hoceïma,Gold,email,2026-06-01,9999-12-31,True
2692,C02705,Sanaa Moussaoui,<18,f,El Jadida,Casablanca-Settat,Gold,direct,2026-06-01,9999-12-31,True
2693,C02707,Zineb Filali,55-64,f,Béni Mellal,Béni Mellal-Khénifra,Gold,paid_search,2026-06-01,9999-12-31,True
2694,C02708,Mohammed Ziani,65+,m,Oujda,Oriental,Gold,social_media,2026-06-01,9999-12-31,True
2695,C02709,Omar Idrissi,65+,m,Tétouan,Tanger-Tétouan-Al Hoceïma,Bronze,referral,2026-06-01,9999-12-31,True
2696,C02712,Aisha Filali,65+,f,Safi,Marrakech-Safi,Gold,influencer,2026-06-01,9999-12-31,True
2697,C02713,Imane Alami,65+,f,Casablanca,Casablanca-Settat,Gold,paid_search,2026-06-01,9999-12-31,True
2698,C02717,Aisha Ouali,65+,f,Safi,Marrakech-Safi,Gold,paid_search,2026-06-01,9999-12-31,True
2699,C02718,Sanaa Ouali,<18,f,Errachidia,Drâa-Tafilalet,Gold,paid_search,2026-06-01,9999-12-31,True
2700,C02720,Sanaa Benali,65+,f,Kenitra,Rabat-Salé-Kénitra,Gold,email,2026-06-01,9999-12-31,True
2701,C02721,Sara Fassi,55-64,f,Errachidia,Drâa-Tafilalet,Gold,direct,2026-06-01,9999-12-31,True
2702,C02723,Hassan Hajji,65+,m,Safi,Marrakech-Safi,Gold,influencer,2026-06-01,9999-12-31,True
2703,C02726,Samir Senhaji,65+,m,Oujda,Oriental,Gold,referral,2026-06-01,9999-12-31,True
2704,C02727,Hajar Tazi,25-34,f,Errachidia,Drâa-Tafilalet,Gold,referral,2026-06-01,9999-12-31,True
2705,C02729,Sara Naciri,65+,f,Oujda,Oriental,Gold,organic,2026-06-01,9999-12-31,True
2706,C02730,Hicham Alami,18-24,m,Safi,Marrakech-Safi,Bronze,direct,2026-06-01,9999-12-31,True
2707,C02731,Sara Drissi,55-64,f,Tanger,Tanger-Tétouan-Al Hoceïma,Gold,social_media,2026-06-01,9999-12-31,True
2708,C02732,Imane Idrissi,55-64,f,Fès,Fès-Meknès,Gold,email,2026-06-01,9999-12-31,True
2709,C02735,Rachid Idrissi,35-44,m,Kenitra,Rabat-Salé-Kénitra,Gold,referral,2026-06-01,9999-12-31,True
2710,C02737,Hajar Hajji,65+,f,Oujda,Oriental,Gold,organic,2026-06-01,9999-12-31,True
2711,C02738,Sara Ouali,45-54,f,Marrakech,Marrakech-Safi,Gold,paid_search,2026-06-01,9999-12-31,True
2712,C02740,Karim Benali,35-44,m,Tanger,Tanger-Tétouan-Al Hoceïma,Gold,direct,2026-06-01,9999-12-31,True
2713,C02741,Meryem Fassi,35-44,f,Safi,Marrakech-Safi,Gold,social_media,2026-06-01,9999-12-31,True
2714,C02742,Yasmine Drissi,55-64,f,Tétouan,Tanger-Tétouan-Al Hoceïma,Gold,organic,2026-06-01,9999-12-31,True
2715,C02744,Imane Idrissi,45-54,f,Fès,Fès-Meknès,Gold,email,2026-06-01,9999-12-31,True
2716,C02745,Youssef Alami,65+,m,Fès,Fès-Meknès,Gold,influencer,2026-06-01,9999-12-31,True
2717,C02750,Leila Karimi,25-34,f,Tétouan,Tanger-Tétouan-Al Hoceïma,Gold,referral,2026-06-01,9999-12-31,True
2718,C02752,Meryem Idrissi,35-44,f,Casablanca,Casablanca-Settat,Gold,referral,2026-06-01,9999-12-31,True
2719,C02755,Hassan Filali,55-64,m,Béni Mellal,Béni Mellal-Khénifra,Gold,social_media,2026-06-01,9999-12-31,True
2720,C02756,Fatima Ouali,55-64,f,Tanger,Tanger-Tétouan-Al Hoceïma,Gold,direct,2026-06-01,9999-12-31,True
2721,C02757,Soukaina Rachidi,65+,f,Marrakech,Marrakech-Safi,Gold,paid_search,2026-06-01,9999-12-31,True
2722,C02758,Hajar Tazi,<18,f,Fès,Fès-Meknès,Gold,direct,2026-06-01,9999-12-31,True
2723,C02760,Omar El Mansouri,45-54,m,Errachidia,Drâa-Tafilalet,Bronze,email,2026-06-01,9999-12-31,True
2724,C02761,Sara Gharbi,65+,f,Casablanca,Casablanca-Settat,Gold,email,2026-06-01,9999-12-31,True
2725,C02762,Aisha Tazi,65+,f,El Jadida,Casablanca-Settat,Gold,paid_search,2026-06-01,9999-12-31,True
2726,C02764,Omar Filali,65+,m,Safi,Marrakech-Safi,Gold,organic,2026-06-01,9999-12-31,True
2727,C02765,Khadija Gharbi,25-34,f,Meknès,Fès-Meknès,Gold,referral,2026-06-01,9999-12-31,True
2728,C02768,Ahmed Fassi,65+,m,Rabat,Rabat-Salé-Kénitra,Gold,referral,2026-06-01,9999-12-31,True
2729,C02769,Ayoub Hajji,65+,m,Béni Mellal,Béni Mellal-Khénifra,Gold,influencer,2026-06-01,9999-12-31,True
2730,C02770,Rachid Moussaoui,35-44,m,Kenitra,Rabat-Salé-Kénitra,Gold,referral,2026-06-01,9999-12-31,True
2731,C02772,Fatima El Mansouri,18-24,f,Tanger,Tanger-Tétouan-Al Hoceïma,Gold,direct,2026-06-01,9999-12-31,True
2732,C02774,Mohammed Lahlou,45-54,m,Fès,Fès-Meknès,Gold,paid_search,2026-06-01,9999-12-31,True
2733,C02776,Youssef Moussaoui,65+,m,Casablanca,Casablanca-Settat,Gold,direct,2026-06-01,9999-12-31,True
2734,C02777,Hajar El Mansouri,35-44,f,Safi,Marrakech-Safi,Gold,influencer,2026-06-01,9999-12-31,True
2735,C02781,Mohammed Chraibi,18-24,m,Fès,Fès-Meknès,Gold,organic,2026-06-01,9999-12-31,True
2736,C02785,Nadia Tazi,65+,f,Nador,Oriental,Gold,influencer,2026-06-01,9999-12-31,True
2737,C02786,Rachid Filali,<18,m,Kenitra,Rabat-Salé-Kénitra,Gold,organic,2026-06-01,9999-12-31,True
2738,C02787,Adil Idrissi,<18,m,Meknès,Fès-Meknès,Gold,social_media,2026-06-01,9999-12-31,True
2739,C02788,Khadija Moussaoui,25-34,f,Oujda,Oriental,Bronze,paid_search,2026-06-01,9999-12-31,True
2740,C02789,Soukaina Benali,45-54,f,Marrakech,Marrakech-Safi,Gold,direct,2026-06-01,9999-12-31,True
2741,C02790,Karim Gharbi,65+,m,Kenitra,Rabat-Salé-Kénitra,Gold,influencer,2026-06-01,9999-12-31,True
2742,C02791,Karim Senhaji,65+,m,Fès,Fès-Meknès,Gold,social_media,2026-06-01,9999-12-31,True
2743,C02793,Leila Ziani,<18,f,Béni Mellal,Béni Mellal-Khénifra,Gold,referral,2026-06-01,9999-12-31,True
2744,C02794,Rim Ouali,45-54,f,Safi,Marrakech-Safi,Gold,direct,2026-06-01,9999-12-31,True
2745,C02796,Yasmine Karimi,65+,f,Rabat,Rabat-Salé-Kénitra,Gold,email,2026-06-01,9999-12-31,True
2746,C02798,Nadia Ziani,65+,f,El Jadida,Casablanca-Settat,Gold,email,2026-06-01,9999-12-31,True
2747,C02801,Sanaa Chraibi,18-24,f,El Jadida,Casablanca-Settat,Bronze,direct,2026-06-01,9999-12-31,True
2748,C02804,Hicham Chraibi,65+,m,Béni Mellal,Béni Mellal-Khénifra,Gold,social_media,2026-06-01,9999-12-31,True
2749,C02806,Aisha Idrissi,35-44,f,Rabat,Rabat-Salé-Kénitra,Silver,organic,2026-06-01,9999-12-31,True
2750,C02810,Leila Rachidi,65+,f,Tétouan,Tanger-Tétouan-Al Hoceïma,Gold,influencer,2026-06-01,9999-12-31,True
2751,C02812,Karim Karimi,65+,m,Oujda,Oriental,Gold,direct,2026-06-01,9999-12-31,True
2752,C02816,Amine Fassi,45-54,m,Tanger,Tanger-Tétouan-Al Hoceïma,Silver,organic,2026-06-01,9999-12-31,True
2753,C02817,Soukaina Bensaid,55-64,f,Nador,Oriental,Gold,direct,2026-06-01,9999-12-31,True
2754,C02818,Fatima Ouali,55-64,f,Meknès,Fès-Meknès,Gold,email,2026-06-01,9999-12-31,True
2755,C02822,Fatima Benali,<18,f,Marrakech,Marrakech-Safi,Gold,paid_search,2026-06-01,9999-12-31,True
2756,C02823,Leila Tazi,65+,f,Béni Mellal,Béni Mellal-Khénifra,Gold,paid_search,2026-06-01,9999-12-31,True
2757,C02825,Ahmed Senhaji,25-34,m,Nador,Oriental,Gold,social_media,2026-06-01,9999-12-31,True
2758,C02827,Mohammed Senhaji,65+,m,Oujda,Oriental,Gold,direct,2026-06-01,9999-12-31,True
2759,C02828,Samir Bensaid,65+,m,Béni Mellal,Béni Mellal-Khénifra,Gold,paid_search,2026-06-01,9999-12-31,True
2760,C02830,Omar Idrissi,<18,m,Agadir,Souss-Massa,Gold,social_media,2026-06-01,9999-12-31,True
2761,C02835,Imane Rachidi,35-44,f,Kenitra,Rabat-Salé-Kénitra,Gold,organic,2026-06-01,9999-12-31,True
2762,C02836,Karim Tazi,65+,m,Tétouan,Tanger-Tétouan-Al Hoceïma,Gold,email,2026-06-01,9999-12-31,True
2763,C02837,Amine Filali,<18,m,Agadir,Souss-Massa,Gold,paid_search,2026-06-01,9999-12-31,True
2764,C02838,Soukaina Karimi,18-24,f,Marrakech,Marrakech-Safi,Gold,email,2026-06-01,9999-12-31,True
2765,C02839,Nadia Rachidi,65+,f,Nador,Oriental,Gold,email,2026-06-01,9999-12-31,True
2766,C02840,Zineb Benali,65+,f,Errachidia,Drâa-Tafilalet,Gold,organic,2026-06-01,9999-12-31,True
2767,C02843,Sanaa Jamai,<18,f,El Jadida,Casablanca-Settat,Gold,referral,2026-06-01,9999-12-31,True
2768,C02844,Yasmine Chaoui,65+,f,Casablanca,Casablanca-Settat,Silver,direct,2026-06-01,9999-12-31,True
2769,C02845,Sanaa Naciri,65+,f,Tanger,Tanger-Tétouan-Al Hoceïma,Gold,social_media,2026-06-01,9999-12-31,True
2770,C02846,Nadia Naciri,55-64,f,Casablanca,Casablanca-Settat,Gold,paid_search,2026-06-01,9999-12-31,True
2771,C02848,Yasmine Ziani,55-64,f,Kenitra,Rabat-Salé-Kénitra,Gold,influencer,2026-06-01,9999-12-31,True
2772,C02850,Youssef Lahlou,25-34,m,Casablanca,Casablanca-Settat,Gold,direct,2026-06-01,9999-12-31,True
2773,C02851,Ahmed Rachidi,25-34,m,Safi,Marrakech-Safi,Gold,direct,2026-06-01,9999-12-31,True
2774,C02853,Samir Lahlou,45-54,m,Kenitra,Rabat-Salé-Kénitra,Gold,organic,2026-06-01,9999-12-31,True
2775,C02854,Omar Fassi,65+,m,Marrakech,Marrakech-Safi,Gold,social_media,2026-06-01,9999-12-31,True
2776,C02855,Adil Karimi,<18,m,Fès,Fès-Meknès,Gold,referral,2026-06-01,9999-12-31,True
2777,C02857,Adil Gharbi,65+,m,Meknès,Fès-Meknès,Gold,social_media,2026-06-01,9999-12-31,True
2778,C02858,Imane Karimi,<18,f,Tanger,Tanger-Tétouan-Al Hoceïma,Gold,organic,2026-06-01,9999-12-31,True
2779,C02859,Rachid Lahlou,25-34,m,Béni Mellal,Béni Mellal-Khénifra,Gold,paid_search,2026-06-01,9999-12-31,True
2780,C02861,Youssef Moussaoui,45-54,m,Casablanca,Casablanca-Settat,Gold,referral,2026-06-01,9999-12-31,True
2781,C02862,Mehdi Senhaji,18-24,m,Marrakech,Marrakech-Safi,Gold,referral,2026-06-01,9999-12-31,True
2782,C02863,Omar Moussaoui,65+,m,Kenitra,Rabat-Salé-Kénitra,Gold,influencer,2026-06-01,9999-12-31,True
2783,C02864,Aisha Ziani,65+,f,Tétouan,Tanger-Tétouan-Al Hoceïma,Gold,email,2026-06-01,9999-12-31,True
2784,C02865,Samir Idrissi,65+,m,Béni Mellal,Béni Mellal-Khénifra,Gold,email,2026-06-01,9999-12-31,True
2785,C02867,Yasmine Ziani,65+,f,Rabat,Rabat-Salé-Kénitra,Gold,organic,2026-06-01,9999-12-31,True
2786,C02868,Rim Hajji,18-24,f,Tanger,Tanger-Tétouan-Al Hoceïma,Gold,direct,2026-06-01,9999-12-31,True
2787,C02869,Mehdi Tazi,65+,m,Oujda,Oriental,Gold,organic,2026-06-01,9999-12-31,True
2788,C02872,Leila Bensaid,<18,f,Marrakech,Marrakech-Safi,Gold,direct,2026-06-01,9999-12-31,True
2789,C02873,Nabil Filali,65+,m,Safi,Marrakech-Safi,Gold,social_media,2026-06-01,9999-12-31,True
2790,C02876,Leila Senhaji,<18,f,Béni Mellal,Béni Mellal-Khénifra,Gold,influencer,2026-06-01,9999-12-31,True
2791,C02877,Hicham Ziani,35-44,m,Kenitra,Rabat-Salé-Kénitra,Gold,referral,2026-06-01,9999-12-31,True
2792,C02879,Omar Lahlou,35-44,m,Casablanca,Casablanca-Settat,Gold,referral,2026-06-01,9999-12-31,True
2793,C02881,Yasmine Chaoui,<18,f,Tétouan,Tanger-Tétouan-Al Hoceïma,Gold,email,2026-06-01,9999-12-31,True
2794,C02882,Rim Chraibi,65+,f,Béni Mellal,Béni Mellal-Khénifra,Gold,influencer,2026-06-01,9999-12-31,True
2795,C02884,Omar Hajji,65+,m,Meknès,Fès-Meknès,Gold,referral,2026-06-01,9999-12-31,True
2796,C02886,Omar Filali,65+,m,Casablanca,Casablanca-Settat,Gold,direct,2026-06-01,9999-12-31,True
2797,C02887,Amine Karimi,45-54,m,Meknès,Fès-Meknès,Gold,email,2026-06-01,9999-12-31,True
2798,C02888,Leila Ouali,45-54,f,Rabat,Rabat-Salé-Kénitra,Gold,influencer,2026-06-01,9999-12-31,True
2799,C02889,Nabil Drissi,25-34,m,Béni Mellal,Béni Mellal-Khénifra,Gold,referral,2026-06-01,9999-12-31,True
2800,C02890,Aisha Karimi,18-24,f,Nador,Oriental,Gold,referral,2026-06-01,9999-12-31,True
2801,C02891,Mehdi Gharbi,<18,m,El Jadida,Casablanca-Settat,Gold,organic,2026-06-01,9999-12-31,True
2802,C02892,Ayoub Chraibi,35-44,m,Rabat,Rabat-Salé-Kénitra,Silver,email,2026-06-01,9999-12-31,True
2803,C02893,Hassan Karimi,55-64,m,Nador,Oriental,Gold,organic,2026-06-01,9999-12-31,True
2804,C02894,Adil Fassi,25-34,m,Oujda,Oriental,Gold,paid_search,2026-06-01,9999-12-31,True
2805,C02895,Nabil Senhaji,45-54,m,Béni Mellal,Béni Mellal-Khénifra,Gold,social_media,2026-06-01,9999-12-31,True
2806,C02896,Rim Idrissi,<18,f,Kenitra,Rabat-Salé-Kénitra,Bronze,influencer,2026-06-01,9999-12-31,True
2807,C02897,Youssef Ziani,35-44,m,Kenitra,Rabat-Salé-Kénitra,Bronze,paid_search,2026-06-01,9999-12-31,True
2808,C02898,Karim Hajji,65+,m,Agadir,Souss-Massa,Gold,referral,2026-06-01,9999-12-31,True
2809,C02901,Imane Senhaji,25-34,f,Kenitra,Rabat-Salé-Kénitra,Gold,referral,2026-06-01,9999-12-31,True
2810,C02904,Houda Benali,25-34,f,Fès,Fès-Meknès,Gold,referral,2026-06-01,9999-12-31,True
2811,C02905,Soukaina Filali,65+,f,Safi,Marrakech-Safi,Gold,organic,2026-06-01,9999-12-31,True
2812,C02907,Zineb Bensaid,55-64,f,Nador,Oriental,Gold,organic,2026-06-01,9999-12-31,True
2813,C02908,Amine Naciri,35-44,m,Marrakech,Marrakech-Safi,Gold,paid_search,2026-06-01,9999-12-31,True
2814,C02909,Khadija Filali,25-34,f,Errachidia,Drâa-Tafilalet,Gold,paid_search,2026-06-01,9999-12-31,True
2815,C02910,Rim Rachidi,35-44,f,Oujda,Oriental,Silver,email,2026-06-01,9999-12-31,True
2816,C02911,Ayoub Gharbi,45-54,m,Casablanca,Casablanca-Settat,Gold,influencer,2026-06-01,9999-12-31,True
2817,C02913,Leila Hajji,25-34,f,Tétouan,Tanger-Tétouan-Al Hoceïma,Gold,organic,2026-06-01,9999-12-31,True
2818,C02914,Tariq Tazi,35-44,m,Safi,Marrakech-Safi,Gold,organic,2026-06-01,9999-12-31,True
2819,C02916,Amine Bensaid,55-64,m,Béni Mellal,Béni Mellal-Khénifra,Gold,referral,2026-06-01,9999-12-31,True
2820,C02917,Omar Bensaid,<18,m,Tanger,Tanger-Tétouan-Al Hoceïma,Gold,influencer,2026-06-01,9999-12-31,True
2821,C02919,Sara Tazi,18-24,f,Nador,Oriental,Gold,direct,2026-06-01,9999-12-31,True
2822,C02921,Aisha Tazi,18-24,f,Meknès,Fès-Meknès,Gold,direct,2026-06-01,9999-12-31,True
2823,C02922,Tariq Drissi,45-54,m,Fès,Fès-Meknès,Gold,referral,2026-06-01,9999-12-31,True
2824,C02923,Yasmine Senhaji,35-44,f,El Jadida,Casablanca-Settat,Gold,organic,2026-06-01,9999-12-31,True
2825,C02924,Sara Hajji,65+,f,Rabat,Rabat-Salé-Kénitra,Gold,social_media,2026-06-01,9999-12-31,True
2826,C02926,Aisha Moussaoui,55-64,f,Agadir,Souss-Massa,Gold,referral,2026-06-01,9999-12-31,True
2827,C02927,Omar Filali,65+,m,Agadir,Souss-Massa,Gold,social_media,2026-06-01,9999-12-31,True
2828,C02928,Leila Rachidi,65+,f,Fès,Fès-Meknès,Silver,email,2026-06-01,9999-12-31,True
2829,C02930,Ahmed Chaoui,45-54,m,Marrakech,Marrakech-Safi,Bronze,paid_search,2026-06-01,9999-12-31,True
2830,C02931,Fatima Idrissi,65+,f,Casablanca,Casablanca-Settat,Bronze,email,2026-06-01,9999-12-31,True
2831,C02932,Zineb Hajji,65+,f,Tanger,Tanger-Tétouan-Al Hoceïma,Gold,paid_search,2026-06-01,9999-12-31,True
2832,C02933,Ayoub Benali,<18,m,Oujda,Oriental,Gold,organic,2026-06-01,9999-12-31,True
2833,C02934,Imane Fassi,65+,f,El Jadida,Casablanca-Settat,Gold,paid_search,2026-06-01,9999-12-31,True
2834,C02935,Meryem Ouali,18-24,f,Marrakech,Marrakech-Safi,Gold,paid_search,2026-06-01,9999-12-31,True
2835,C02936,Yasmine Drissi,<18,f,Safi,Marrakech-Safi,Gold,referral,2026-06-01,9999-12-31,True
2836,C02938,Aisha Lahlou,35-44,f,Tanger,Tanger-Tétouan-Al Hoceïma,Gold,social_media,2026-06-01,9999-12-31,True
2837,C02939,Mehdi Karimi,65+,m,El Jadida,Casablanca-Settat,Gold,influencer,2026-06-01,9999-12-31,True
2838,C02940,Hassan Jamai,18-24,m,Oujda,Oriental,Gold,organic,2026-06-01,9999-12-31,True
2839,C02941,Nabil Naciri,65+,m,Oujda,Oriental,Gold,referral,2026-06-01,9999-12-31,True
2840,C02942,Hajar Jamai,45-54,f,Tétouan,Tanger-Tétouan-Al Hoceïma,Gold,email,2026-06-01,9999-12-31,True
2841,C02943,Adil Chraibi,65+,m,Marrakech,Marrakech-Safi,Gold,paid_search,2026-06-01,9999-12-31,True
2842,C02944,Samir Rachidi,55-64,m,Béni Mellal,Béni Mellal-Khénifra,Gold,referral,2026-06-01,9999-12-31,True
2843,C02946,Hassan Benali,18-24,m,Casablanca,Casablanca-Settat,Gold,influencer,2026-06-01,9999-12-31,True
2844,C02947,Zineb Lahlou,25-34,f,Béni Mellal,Béni Mellal-Khénifra,Gold,social_media,2026-06-01,9999-12-31,True
2845,C02948,Fatima Naciri,35-44,f,Errachidia,Drâa-Tafilalet,Gold,direct,2026-06-01,9999-12-31,True
2846,C02949,Rachid Naciri,65+,m,Béni Mellal,Béni Mellal-Khénifra,Gold,paid_search,2026-06-01,9999-12-31,True
2847,C02950,Tariq Chaoui,65+,m,Oujda,Oriental,Gold,referral,2026-06-01,9999-12-31,True
2848,C02951,Samir Benali,<18,m,Béni Mellal,Béni Mellal-Khénifra,Gold,social_media,2026-06-01,9999-12-31,True
2849,C02952,Yasmine Chaoui,65+,f,Safi,Marrakech-Safi,Gold,influencer,2026-06-01,9999-12-31,True
2850,C02954,Nabil Naciri,35-44,m,Errachidia,Drâa-Tafilalet,Gold,email,2026-06-01,9999-12-31,True
2851,C02956,Amine Drissi,55-64,m,Tanger,Tanger-Tétouan-Al Hoceïma,Gold,organic,2026-06-01,9999-12-31,True
2852,C02957,Meryem Rachidi,35-44,f,Tétouan,Tanger-Tétouan-Al Hoceïma,Gold,social_media,2026-06-01,9999-12-31,True
2853,C02958,Meryem Moussaoui,65+,f,Oujda,Oriental,Gold,organic,2026-06-01,9999-12-31,True
2854,C02959,Aisha Rachidi,55-64,f,Fès,Fès-Meknès,Gold,social_media,2026-06-01,9999-12-31,True
2855,C02960,Hicham Fassi,55-64,m,Nador,Oriental,Gold,social_media,2026-06-01,9999-12-31,True
2856,C02962,Hicham Filali,18-24,m,Tanger,Tanger-Tétouan-Al Hoceïma,Gold,social_media,2026-06-01,9999-12-31,True
2857,C02963,Aisha Bensaid,65+,f,Fès,Fès-Meknès,Gold,influencer,2026-06-01,9999-12-31,True
2858,C02965,Karim Chraibi,<18,m,Marrakech,Marrakech-Safi,Gold,direct,2026-06-01,9999-12-31,True
2859,C02966,Nabil Benali,55-64,m,El Jadida,Casablanca-Settat,Gold,organic,2026-06-01,9999-12-31,True
2860,C02967,Ahmed Drissi,25-34,m,Errachidia,Drâa-Tafilalet,Gold,influencer,2026-06-01,9999-12-31,True
2861,C02969,Khadija Senhaji,<18,f,Casablanca,Casablanca-Settat,Gold,social_media,2026-06-01,9999-12-31,True
2862,C02971,Omar Alami,45-54,m,Tétouan,Tanger-Tétouan-Al Hoceïma,Gold,paid_search,2026-06-01,9999-12-31,True
2863,C02974,Zineb Idrissi,<18,f,Fès,Fès-Meknès,Gold,email,2026-06-01,9999-12-31,True
2864,C02977,Ahmed Fassi,65+,m,Béni Mellal,Béni Mellal-Khénifra,Gold,paid_search,2026-06-01,9999-12-31,True
2865,C02978,Youssef El Mansouri,<18,m,Rabat,Rabat-Salé-Kénitra,Silver,organic,2026-06-01,9999-12-31,True
2866,C02980,Youssef Hajji,65+,m,Safi,Marrakech-Safi,Gold,direct,2026-06-01,9999-12-31,True
2867,C02981,Zineb Rachidi,25-34,f,Marrakech,Marrakech-Safi,Gold,social_media,2026-06-01,9999-12-31,True
2868,C02983,Sara El Mansouri,25-34,f,Rabat,Rabat-Salé-Kénitra,Gold,social_media,2026-06-01,9999-12-31,True
2869,C02985,Houda Benali,65+,f,Kenitra,Rabat-Salé-Kénitra,Gold,organic,2026-06-01,9999-12-31,True
2870,C02986,Zineb Karimi,65+,f,Marrakech,Marrakech-Safi,Gold,referral,2026-06-01,9999-12-31,True
2871,C02988,Khadija Jamai,18-24,f,Kenitra,Rabat-Salé-Kénitra,Gold,organic,2026-06-01,9999-12-31,True
2872,C02989,Hicham Ziani,55-64,m,Béni Mellal,Béni Mellal-Khénifra,Bronze,direct,2026-06-01,9999-12-31,True
2873,C02990,Sara Hajji,65+,f,Fès,Fès-Meknès,Gold,paid_search,2026-06-01,9999-12-31,True
2874,C02991,Mehdi Ziani,65+,m,Tétouan,Tanger-Tétouan-Al Hoceïma,Gold,social_media,2026-06-01,9999-12-31,True
2875,C02992,Mohammed Benali,45-54,m,Safi,Marrakech-Safi,Gold,paid_search,2026-06-01,9999-12-31,True
2876,C02994,Samir Senhaji,55-64,m,Errachidia,Drâa-Tafilalet,Gold,paid_search,2026-06-01,9999-12-31,True
2877,C02998,Hassan Chraibi,65+,m,Nador,Oriental,Bronze,paid_search,2026-06-01,9999-12-31,True
2878,C02999,Samir Ziani,65+,m,Tétouan,Tanger-Tétouan-Al Hoceïma,Gold,influencer,2026-06-01,9999-12-31,True
