id_client,nom,prenom,email,date_naissance,sexe,ville,telephone,date_inscription,canal_acquisition
C00001,Idrissi,Mohammed,mohammed.idrissi251@yahoo.fr,1998-01-02,h,TETOUAN,0614265799,2020-03-02,social_media
C00002,Gharbi,Mehdi,mehdi.gharbi734@outlook.com,1954-01-02,h,el jadida,0631429110,30/11/2023,email
C00003,Karimi,Omar,omar.karimi105@gmail.com,1966-01-02,Homme,marrakech,0671662963,2023-01-03,paid_search
C00004,Jamai,Mehdi,mehdi.jamai850@outlook.com,1965-01-01,h,beni mellal,0616150444,2023-09-16,email
C00005,Hajji,Hicham,hicham.hajji888@gmail.com,1953-01-01,Homme,AGADIR,0638119557,2023-10-04,direct
C00006,Chraibi,Tariq,tariq.chraibi176@outlook.com,1991-01-02,male,MARRAKECH,0653524491,22/04/2024,social_media
C00007,Karimi,Adil,adil.karimi411@hotmail.com,1939-01-02,Homme,NADOR,0663100814,09/08/2023,email
C00008,Tazi,Omar,omar.tazi552@hotmail.com,1957-01-01,h,agadir,0628566572,09/11/2022,influencer
C00009,Drissi,Hicham,hicham.drissi157@yahoo.fr,1957-01-01,h,OUJDA,0689978790,16/08/2022,referral
C00010,Drissi,Samir,samir.drissi699@outlook.com,1929-01-01,Homme,Marrakesh,0631227574,2022-07-18,direct
C00011,Fassi,Meryem,meryem.fassi520@gmail.com,1973-01-01,F,FES,0660185867,2024-04-10,influencer
C00012,Karimi,Tariq,tariq.karimi501@gmail.com,1965-01-01,Homme,TNG,0686149359,2020-06-10,paid_search
C00013,Tazi,Adil,adil.tazi785@yahoo.fr,1951-01-02,h,Marrakesh,0638427073,09/01/2023,direct
C00014,Jamai,Nabil,nabil.jamai409@hotmail.com,1945-01-01,male,FES,0618593410,2021-11-23,referral
C00015,Hajji,Tariq,tariq.hajji8@gmail.com,2004-01-02,1,errachidia,0654349361,25/05/2020,email
C00016,Tazi,Leila,leila.tazi136@outlook.com,1980-01-02,female,fes,0623009833,11/09/2023,paid_search
C00017,Benali,Zineb,zineb.benali690@gmail.com,1968-01-02,0,FES,0681979055,2022-07-07,social_media
C00018,Hajji,Zineb,zineb.hajji896@gmail.com,1941-01-01,f,nador,0622517517,Mar 23 2024,social_media
C00019,Rachidi,Zineb,zineb.rachidi219@menara.ma,1990-01-02,f,OUJDA,0671070189,07/08/2021,direct
C00020,Gharbi,Sara,sara.gharbi304@yahoo.fr,1937-01-01,f,BENI MELLAL,0617672593,12/04/2020,referral
C00021,Senhaji,Mohammed,mohammed.senhaji83@yahoo.fr,2003-01-02,1,CASA,0687701200,2023-05-02,organic
C00022,Ziani,Rim,rim.ziani579@outlook.com,1978-01-02,Femme,Fès,0663121477,25/09/2020,email
C00023,Chaoui,Sanaa,sanaa.chaoui10@menara.ma,1939-01-02,f,kenitra,0677898694,2021-06-27,email
C00024,Hajji,Ayoub,ayoub.hajji379@hotmail.com,1942-01-02,Homme,Eljadida,0680993218,17/01/2020,referral
C00025,Filali,Yasmine,yasmine.filali107@yahoo.fr,1998-01-02,0,Mrakech,0691178885,07/03/2021,social_media
C00026,Rachidi,Meryem,meryem.rachidi258@gmail.com,1957-01-01,f,TANGER,0627558317,Jul 28 2023,social_media
C00027,Naciri,Meryem,meryem.naciri575@gmail.com,1923-01-02,F,TANGER,0688183110,2023-02-05,social_media
C00028,Lahlou,Hassan,hassan.lahlou921@gmail.com,1985-01-01,1,Agdir,0664543049,25/06/2023,social_media
C00029,Fassi,Adil,adil.fassi903@menara.ma,1969-01-01,male,MARRAKECH,0624508349,Feb 22 2022,influencer
C00030,Gharbi,Leila,leila.gharbi837@menara.ma,1982-01-02,f,nador,0663481198,2021-11-03,organic
C00031,Chraibi,Sanaa,sanaa.chraibi522@menara.ma,1943-01-02,f,Casa,0633966966,Apr 04 2023,email
C00032,Bensaid,Ahmed,ahmed.bensaid445@hotmail.com,1971-01-02,male,kenitra,0661700055,2023-03-26,organic
C00033,Senhaji,Fatima,fatima.senhaji948@outlook.com,1926-01-02,Femme,oujda,0699152472,07/11/2021,direct
C00034,Jamai,Nabil,nabil.jamai520@hotmail.com,1970-01-02,male,kenitra,0635748341,11/05/2022,paid_search
C00035,Ziani,Tariq,tariq.ziani309@menara.ma,2011-01-02,Homme,Fez,0687844239,27/05/2023,paid_search
C00036,Filali,Zineb,zineb.filali219@outlook.com,1990-01-02,Femme,kénitra,0694951883,2023-06-22,influencer
C00037,Jamai,Samir,samir.jamai231@yahoo.fr,2006-01-02,1,tetouan,0671124923,Apr 28 2022,referral
C00038,Moussaoui,Nabil,nabil.moussaoui507@menara.ma,1928-01-02,m,EL JADIDA,0639372360,Dec 26 2020,direct
C00039,Tazi,Fatima,fatima.tazi256@gmail.com,1952-01-02,F,TETOUAN,0669401199,Jun 08 2023,referral
C00040,Tazi,Imane,imane.tazi457@yahoo.fr,1951-01-02,Femme,el jadida,0695585469,21/07/2021,referral
C00041,Hajji,Rim,rim.hajji282@menara.ma,1975-01-02,Femme,AGADIR,0682498004,2020-06-14,social_media
C00042,El Mansouri,Hajar,hajar.el mansouri724@yahoo.fr,1959-01-02,F,MEKNES,0618357162,Feb 27 2021,paid_search
C00043,Ziani,Hicham,hicham.ziani390@menara.ma,1973-01-01,male,kénitra,0683300637,May 20 2023,paid_search
C00044,Naciri,Hassan,hassan.naciri498@gmail.com,1926-01-02,male,SAFI,0627129912,28/06/2023,paid_search
C00045,Chraibi,Ahmed,ahmed.chraibi439@yahoo.fr,1988-01-02,m,OUJDA,0638408562,2022-07-20,influencer
C00046,Naciri,Nadia,nadia.naciri259@gmail.com,1942-01-02,Femme,fes,0697477029,23/03/2020,social_media
C00047,Alami,Hicham,hicham.alami637@yahoo.fr,1951-01-02,m,Fez,0644392446,2024-04-19,referral
C00048,Fassi,Adil,adil.fassi988@hotmail.com,2008-01-02,Homme,NADOR,0663238057,2024-01-04,referral
C00049,Jamai,Ahmed,ahmed.jamai871@outlook.com,1939-01-02,m,KENITRA,0698787891,2022-01-28,direct
C00050,Naciri,Fatima,fatima.naciri843@menara.ma,1965-01-01,0,oujda,0680027662,2023-08-25,influencer
C00051,Naciri,Zineb,zineb.naciri846@outlook.com,1980-01-02,Femme,ERRACHIDIA,0642730796,16/03/2024,referral
C00052,Alami,Sanaa,sanaa.alami507@hotmail.com,1984-01-02,Femme,AGADIR,0690014570,Dec 07 2023,referral
C00053,Gharbi,Mehdi,mehdi.gharbi88@yahoo.fr,1949-01-01,h,BENI MELLAL,0696691619,28/12/2023,influencer
C00054,Jamai,Ahmed,ahmed.jamai227@menara.ma,1972-01-02,h,Meknès,0681259135,05/12/2021,direct
C00055,Ouali,Sanaa,sanaa.ouali278@hotmail.com,1996-01-02,Femme,CASA,0635708194,19/03/2021,email
C00056,Gharbi,Aisha,aisha.gharbi304@yahoo.fr,1973-01-01,F,RABAT,0616109013,21/04/2020,direct
C00057,Rachidi,Samir,samir.rachidi106@gmail.com,1951-01-02,male,agadir,0616895666,Jun 01 2021,paid_search
C00058,Chaoui,Hicham,hicham.chaoui411@menara.ma,1931-01-02,m,Rbat,0650780112,Jun 23 2020,organic
C00059,Bensaid,Khadija,khadija.bensaid810@outlook.com,1945-01-01,female,ERRACHIDIA,0649910061,Apr 20 2023,email
C00060,Drissi,Tariq,tariq.drissi971@yahoo.fr,1978-01-02,m,FES,0684087145,2020-06-02,paid_search
C00061,Bensaid,Hajar,hajar.bensaid482@hotmail.com,1975-01-02,female,CASA,0645507920,01/06/2024,referral
C00062,Drissi,Amine,amine.drissi558@yahoo.fr,1977-01-01,1,TNG,0651286958,03/05/2023,referral
C00063,Drissi,Zineb,zineb.drissi480@hotmail.com,1977-01-01,F,MEKNES,0620796722,2023-05-09,paid_search
C00064,Idrissi,Khadija,khadija.idrissi27@gmail.com,1925-01-01,F,TANGER,0687342561,23/03/2020,social_media
C00065,Chraibi,Meryem,meryem.chraibi453@hotmail.com,1937-01-01,female,casablanca ,0656702542,2022-04-16,direct
C00066,Fassi,Hicham,hicham.fassi338@menara.ma,1975-01-02,male,Tnja,0621819185,2021-10-06,organic
C00067,Senhaji,Imane,imane.senhaji845@gmail.com,1942-01-02,female,TNG,0679583757,10/01/2022,paid_search
C00068,Benali,Soukaina,soukaina.benali209@hotmail.com,1975-01-02,female,casablanca,0694560158,31/05/2023,direct
C00069,Tazi,Hassan,hassan.tazi15@outlook.com,1983-01-02,m,CASA,0676890827,2024-01-07,direct
C00070,Rachidi,Houda,houda.rachidi484@yahoo.fr,1993-01-01,0,errachidia,0619369750,19/07/2021,influencer
C00071,Senhaji,Sanaa,sanaa.senhaji274@gmail.com,1973-01-01,F,NADOR,0629944139,03/07/2022,email
C00072,Tazi,Meryem,meryem.tazi387@menara.ma,1987-01-02,F,oujda,0665133300,2020-03-30,paid_search
C00073,Filali,Houda,houda.filali812@yahoo.fr,2007-01-02,F,TETOUAN,0623470708,2022-06-20,paid_search
C00074,El Mansouri,Nabil,nabil.el mansouri420@yahoo.fr,1978-01-02,Homme,BENI MELLAL,0697219599,Jun 13 2020,influencer
C00075,Chraibi,Sanaa,sanaa.chraibi736@menara.ma,2007-01-02,f,Fès,0640532691,2024-03-09,organic
C00076,Fassi,Rachid,rachid.fassi711@hotmail.com,2006-01-02,Homme,Mrakech,0660310319,2022-06-01,referral
C00077,Filali,Khadija,khadija.filali812@yahoo.fr,2001-01-01,female,Tétouan,0642323627,Oct 16 2022,social_media
C00078,Chraibi,Rachid,rachid.chraibi261@menara.ma,2010-01-02,male,nador,0619913576,Jun 23 2022,referral
C00079,Naciri,Rim,rim.naciri707@hotmail.com,1973-01-01,female,SAFI,0624314759,2021-04-30,email
C00080,Jamai,Hajar,hajar.jamai23@menara.ma,1939-01-02,F,BENI MELLAL,0648412328,07/05/2024,referral
C00081,Chraibi,Leila,leila.chraibi195@outlook.com,1927-01-02,f,errachidia,0651464269,2022-06-21,email
C00082,Jamai,Ahmed,ahmed.jamai335@menara.ma,1995-01-02,h,kénitra,0646578001,2020-12-02,influencer
C00083,Jamai,Soukaina,soukaina.jamai765@hotmail.com,1952-01-02,0,el jadida,0663339667,2023-02-15,influencer
C00084,Idrissi,Fatima,fatima.idrissi550@gmail.com,1925-01-01,F,Oujda ,0659858348,09/08/2020,paid_search
C00085,Tazi,Tariq,tariq.tazi336@outlook.com,2003-01-02,male,NADOR,0625659979,2020-10-13,organic
C00086,Drissi,Zineb,zineb.drissi100@yahoo.fr,1994-01-02,female,Agdir,0682503409,08/05/2022,direct
C00087,Naciri,Ayoub,ayoub.naciri671@gmail.com,1933-01-01,male,TANGER,0639161443,27/06/2022,social_media
C00088,Filali,Aisha,aisha.filali377@outlook.com,1929-01-01,f,OUJDA,0635475673,Sep 07 2020,influencer
C00089,Filali,Aisha,aisha.filali218@outlook.com,2005-01-01,0,Rbat,0637542226,May 20 2020,referral
C00090,Gharbi,Tariq,tariq.gharbi833@yahoo.fr,1993-01-01,h,MARRAKECH,0627447248,2023-01-11,social_media
C00091,Alami,Samir,samir.alami135@gmail.com,1981-01-01,h,TNG,0645617024,2020-04-17,paid_search
C00092,Chaoui,Nabil,nabil.chaoui488@menara.ma,1946-01-02,h,Meknès,0639735904,2023-06-13,influencer
C00093,Chraibi,Zineb,zineb.chraibi988@gmail.com,1950-01-02,female,nador,0675802771,Dec 29 2023,organic
C00094,Bensaid,Karim,karim.bensaid152@gmail.com,1932-01-02,h,BENI MELLAL,0661124122,08/05/2023,paid_search
C00095,Drissi,Aisha,aisha.drissi874@outlook.com,1984-01-02,female,errachidia,0665541117,Nov 25 2021,paid_search
C00096,Drissi,Hajar,hajar.drissi321@menara.ma,1979-01-02,0,NADOR,0619010480,Jul 05 2020,organic
C00097,Lahlou,Aisha,aisha.lahlou832@yahoo.fr,1936-01-02,F,Agdir,0626405605,2022-04-21,direct
C00098,Benali,Imane,imane.benali992@hotmail.com,1966-01-02,F,kenitra,0630767532,06/09/2023,influencer
C00099,Tazi,Karim,karim.tazi377@gmail.com,1938-01-02,1,safi,0691737913,Sep 09 2023,email
C00100,Idrissi,Youssef,youssef.idrissi720@hotmail.com,1967-01-02,m,safi,0686010330,08/09/2023,social_media
C00101,Senhaji,Ahmed,ahmed.senhaji221@menara.ma,1964-01-02,Homme,Eljadida,0690023800,Jun 22 2020,social_media
C00102,Bensaid,Adil,adil.bensaid51@gmail.com,1949-01-01,h,OUJDA,0638933176,26/03/2024,email
C00103,Jamai,Aisha,aisha.jamai695@outlook.com,2006-01-02,female,tetouan,0611031743,2021-02-22,social_media
C00104,Idrissi,Adil,adil.idrissi297@hotmail.com,1956-01-02,1,Oujda ,0640884937,21/10/2022,direct
C00105,Moussaoui,Aisha,aisha.moussaoui883@gmail.com,2002-01-02,F,Oujda ,0664280720,24/12/2023,email
C00106,Alami,Amine,amine.alami990@hotmail.com,1953-01-01,Homme,oujda,0642657384,11/06/2022,referral
C00107,Jamai,Amine,amine.jamai764@hotmail.com,2002-01-02,h,kénitra,0636025314,2024-05-08,direct
C00108,Drissi,Omar,omar.drissi150@hotmail.com,1928-01-02,m,Eljadida,0676319264,08/08/2022,influencer
C00109,Ziani,Rim,rim.ziani659@outlook.com,1971-01-02,female,casablanca ,0669352161,2023-07-17,email
C00110,Senhaji,Karim,karim.senhaji76@hotmail.com,1964-01-02,Homme,nador,0692545028,01/05/2023,paid_search
C00111,Ziani,Rachid,rachid.ziani668@yahoo.fr,1992-01-02,m,Casa,0621318464,30/10/2022,organic
C00112,Ouali,Nabil,nabil.ouali450@outlook.com,1964-01-02,Homme,OUJDA,0690246882,17/04/2020,direct
C00113,Karimi,Aisha,aisha.karimi97@outlook.com,1927-01-02,0,agadir,0688213973,2023-09-21,email
C00114,Filali,Rim,rim.filali402@yahoo.fr,1972-01-02,female,NADOR,0627152188,04/10/2023,direct
C00115,Filali,Samir,samir.filali434@outlook.com,1988-01-02,1,EL JADIDA,0635770506,Apr 08 2021,social_media
C00116,Drissi,Hassan,hassan.drissi520@outlook.com,2007-01-02,Homme,Rbat,0660562485,2020-11-11,influencer
C00117,Ouali,Nabil,nabil.ouali45@menara.ma,1955-01-02,h,Eljadida,0670254091,24/04/2021,email
C00118,Gharbi,Yasmine,yasmine.gharbi377@outlook.com,1975-01-02,F,KENITRA,0631751079,Feb 12 2021,social_media
C00119,Chraibi,Fatima,fatima.chraibi493@hotmail.com,1945-01-01,Femme,CASA,0646613428,Jul 09 2022,social_media
C00120,Hajji,Aisha,aisha.hajji837@menara.ma,1958-01-02,female,KENITRA,0641645597,Mar 01 2022,email
C00121,Karimi,Mohammed,mohammed.karimi954@gmail.com,1993-01-01,1,Marrakesh,0628628439,03/04/2024,paid_search
C00122,Chaoui,Ayoub,ayoub.chaoui20@hotmail.com,1934-01-02,h,Casa,0641895531,2021-09-08,social_media
C00123,Bensaid,Rim,rim.bensaid469@gmail.com,1935-01-02,f,nador,0629270557,19/08/2021,referral
C00124,Ziani,Leila,leila.ziani427@yahoo.fr,1965-01-01,F,kénitra,0678131950,2023-02-08,influencer
C00125,Chraibi,Fatima,fatima.chraibi397hotmail.com,1967-01-02,f,Eljadida,0654629892,2020-09-30,referral
C00126,Chraibi,Imane,imane.chraibi180@menara.ma,1988-01-02,f,BENI MELLAL,0614963880,2021-08-23,influencer
C00127,Benali,Ayoub,ayoub.benali324@hotmail.com,1942-01-02,male,TNG,0648401154,Jan 01 2022,organic
C00128,Drissi,Nadia,nadia.drissi819@hotmail.com,1955-01-02,Femme,RABAT,0676776459,Jan 22 2022,referral
C00129,Chaoui,Soukaina,soukaina.chaoui745@menara.ma,1988-01-02,Femme,agadir,0620746667,02/11/2021,email
C00130,Naciri,Khadija,khadija.naciri171@menara.ma,1966-01-02,female,marrakech,0620071854,06/10/2023,email
C00131,El Mansouri,Mohammed,mohammed.el mansouri870@outlook.com,1995-01-02,m,Eljadida,0659167775,2022-01-11,referral
C00132,El Mansouri,Tariq,tariq.el mansouri696@menara.ma,2002-01-02,h,KENITRA,0663423225,05/10/2021,social_media
C00133,Fassi,Mohammed,mohammed.fassi512@outlook.com,1978-01-02,Homme,Fès,0675927774,2021-02-13,influencer
C00134,Fassi,Rachid,rachid.fassi921@menara.ma,1971-01-02,Homme,kénitra,0648971765,Sep 06 2021,direct
C00135,Lahlou,Adil,adil.lahlou521@yahoo.fr,1994-01-02,1,TANGER,0684359498,2023-03-18,influencer
C00136,Chaoui,Tariq,tariq.chaoui68@hotmail.com,1950-01-02,h,EL JADIDA,0687161840,2020-05-31,email
C00137,Ouali,Rachid,rachid.ouali697@outlook.com,1941-01-01,h,el jadida,0668065043,Oct 26 2022,organic
C00138,El Mansouri,Mehdi,mehdi.el mansouri312@yahoo.fr,1983-01-02,Homme,ERRACHIDIA,0620584397,2021-05-28,referral
C00139,Chraibi,Sara,sara.chraibi311@outlook.com,1990-01-02,F,rabat,0698413629,02/07/2023,referral
C00140,Ziani,Imane,imane.ziani43@gmail.com,1938-01-02,0,Eljadida,0665913331,19/06/2023,paid_search
C00141,Jamai,Rim,rim.jamai495@yahoo.fr,1973-01-01,f,beni mellal,0631217198,19/06/2022,paid_search
C00142,Bensaid,Karim,karim.bensaid148@hotmail.com,1967-01-02,male,EL JADIDA,0679119463,2023-02-24,social_media
C00143,Idrissi,Aisha,aisha.idrissi461@yahoo.fr,1962-01-02,female,FES,0653947691,29/03/2023,social_media
C00144,Senhaji,Rachid,rachid.senhaji479@menara.ma,2000-01-02,male,meknes,0638876195,2023-04-09,organic
C00145,Bensaid,Zineb,zineb.bensaid904menara.ma,1956-01-02,Femme,BENI MELLAL,0664123845,2022-01-19,organic
C00146,Tazi,Karim,karim.tazi296@gmail.com,1941-01-01,Homme,nador,0627268907,2020-07-17,influencer
C00147,Lahlou,Meryem,meryem.lahlou774@yahoo.fr,1947-01-02,f,TNG,0654699966,28/08/2022,social_media
C00148,Bensaid,Karim,karim.bensaid327@yahoo.fr,1973-01-01,h,kénitra,0681449442,30/09/2022,email
C00149,Alami,Imane,imane.alami378@hotmail.com,1937-01-01,f,TETOUAN,0645638891,04/09/2023,influencer
C00150,Benali,Nabil,nabil.benali598@menara.ma,1932-01-02,male,safi,0614237322,Mar 18 2023,organic
C00151,Ouali,Mohammed,mohammed.ouali322@menara.ma,1959-01-02,h,ERRACHIDIA,0618359252,2023-12-16,social_media
C00152,Rachidi,Rim,rim.rachidi539@menara.ma,1943-01-02,F,Agdir,0696343485,2023-11-20,paid_search
C00153,Idrissi,Omar,omar.idrissi572@hotmail.com,1973-01-01,Homme,Beni Mellal,0675632882,11/10/2021,referral
C00154,Drissi,Nadia,nadia.drissi588@outlook.com,1967-01-02,Femme,TANGER,0620607151,Dec 10 2021,direct
C00155,Rachidi,Hajar,hajar.rachidi220@yahoo.fr,1940-01-02,0,CASA,0642542167,13/04/2020,referral
C00156,Hajji,Samir,samir.hajji54@gmail.com,1999-01-02,1,kenitra,0664614193,Aug 30 2023,paid_search
C00157,Gharbi,Rim,rim.gharbi775@hotmail.com,2000-01-02,0,kénitra,0615006085,24/12/2020,influencer
C00158,Benali,Ayoub,ayoub.benali857@menara.ma,1974-01-02,m,marrakech,0654968591,05/08/2021,direct
C00159,El Mansouri,Yasmine,yasmine.el mansouri872@outlook.com,1997-01-01,0,BENI MELLAL,0697011385,10/06/2021,organic
C00160,Jamai,Soukaina,soukaina.jamai582@yahoo.fr,1960-01-02,F,agadir,0663798927,2023-10-02,social_media
C00161,Hajji,Sanaa,sanaa.hajji7@hotmail.com,1977-01-01,Femme,Tétouan,0686890296,2020-01-24,email
C00162,Filali,Mohammed,mohammed.filali122@menara.ma,1947-01-02,Homme,NADOR,0659330907,2023-06-12,social_media
C00163,Ouali,Sara,sara.ouali766@outlook.com,1951-01-02,0,el jadida,0689968863,2024-05-31,paid_search
C00164,Ziani,Aisha,aisha.ziani115@gmail.com,1986-01-02,F,rabat,0654039203,01/12/2022,direct
C00165,Ziani,Nabil,nabil.ziani501@gmail.com,2004-01-02,male,KENITRA,0671310453,2023-02-28,paid_search
C00166,Alami,Hajar,hajar.alami406@hotmail.com,1937-01-01,f,OUJDA,0618557710,Jan 13 2023,organic
C00167,Jamai,Fatima,fatima.jamai419@yahoo.fr,1929-01-01,Femme,ERRACHIDIA,0670201634,2022-02-12,direct
C00168,Lahlou,Samir,samir.lahlou122@yahoo.fr,1995-01-02,1,el jadida,0650045602,06/08/2022,referral
C00169,Moussaoui,Meryem,meryem.moussaoui844@yahoo.fr,1976-01-02,f,Tnja,0692533595,Apr 17 2024,organic
C00170,Chaoui,Omar,omar.chaoui104@outlook.com,1921-01-01,m,beni mellal,0663991141,2022-06-17,social_media
C00171,Senhaji,Youssef,youssef.senhaji297@yahoo.fr,1971-01-02,h,Eljadida,0653038943,2021-04-30,social_media
C00172,Jamai,Amine,amine.jamai282@gmail.com,1989-01-01,male,meknes,0656226575,10/08/2023,influencer
C00173,Naciri,Hajar,hajar.naciri419@yahoo.fr,1943-01-02,0,safi,0650364158,2023-12-20,paid_search
C00174,Naciri,Mehdi,mehdi.naciri992@menara.ma,1980-01-02,Homme,Agdir,0620612653,Jul 10 2022,organic
C00175,Idrissi,Mohammed,mohammed.idrissi387@outlook.com,1987-01-02,h,Fez,0638036618,2021-11-12,organic
C00176,Gharbi,Ayoub,ayoub.gharbi986@gmail.com,1980-01-02,h,oujda,0684098828,20/10/2021,paid_search
C00177,Chraibi,Meryem,meryem.chraibi368@hotmail.com,1948-01-02,f,Eljadida,0673013937,Apr 08 2024,social_media
C00178,Naciri,Sanaa,sanaa.naciri47@outlook.com,2009-01-01,F,ERRACHIDIA,0649620038,2020-11-08,social_media
C00179,Hajji,Khadija,khadija.hajji512@outlook.com,1979-01-02,female,meknes,0657268285,2020-12-12,referral
C00180,Tazi,Sara,sara.tazi658@gmail.com,2002-01-02,f,oujda,0694651342,2021-04-18,social_media
C00181,Senhaji,Omar,omar.senhaji467@hotmail.com,1933-01-01,male,tanger,0681432350,03/02/2023,organic
C00182,Jamai,Meryem,meryem.jamai18@outlook.com,1989-01-01,f,kenitra,0642342289,28/01/2021,email
C00183,Moussaoui,Nadia,nadia.moussaoui81@hotmail.com,1980-01-02,Femme,nador,0697742922,23/08/2023,organic
C00184,Moussaoui,Houda,houda.moussaoui566menara.ma,2001-01-01,female,NADOR,0685947990,Jul 14 2020,organic
C00185,Ziani,Omar,omar.ziani487@hotmail.com,1976-01-02,h,nador,0634072553,2021-10-06,social_media
C00186,Moussaoui,Adil,adil.moussaoui952@gmail.com,1939-01-02,male,AGADIR,0628783850,12/11/2023,referral
C00187,Drissi,Fatima,fatima.drissi448@yahoo.fr,1933-01-01,female,EL JADIDA,0613976288,2023-07-22,paid_search
C00188,Lahlou,Leila,leila.lahlou567@menara.ma,1927-01-02,f,Eljadida,0649645162,19/05/2021,organic
C00189,Moussaoui,Sara,sara.moussaoui729@yahoo.fr,1998-01-02,f,Marrakesh,0658307308,2024-04-08,social_media
C00190,Naciri,Youssef,youssef.naciri460@outlook.com,2008-01-02,m,kenitra,0690117857,09/05/2023,influencer
C00191,Jamai,Fatima,fatima.jamai424@menara.ma,1940-01-02,F,kenitra,0661100987,2020-12-13,email
C00192,El Mansouri,Zineb,zineb.el mansouri65@yahoo.fr,1950-01-02,Femme,MARRAKECH,0693890601,12/10/2022,social_media
C00193,El Mansouri,Aisha,aisha.el mansouri312@gmail.com,1932-01-02,Femme,MEKNES,0667796330,Aug 26 2023,social_media
C00194,Bensaid,Sanaa,sanaa.bensaid971@yahoo.fr,1961-01-01,Femme,Beni Mellal,0694946730,Oct 02 2022,influencer
C00195,Moussaoui,Karim,karim.moussaoui288@menara.ma,1986-01-02,h,Rbat,0683833059,Feb 25 2020,paid_search
C00196,Jamai,Rachid,rachid.jamai852@gmail.com,1959-01-02,male,NADOR,0642483531,01/06/2021,direct
C00197,Moussaoui,Soukaina,soukaina.moussaoui76@menara.ma,1960-01-02,F,ERRACHIDIA,0682966824,16/03/2020,email
C00198,Hajji,Ahmed,ahmed.hajji674@hotmail.com,1939-01-02,male,EL JADIDA,0624219637,2020-01-22,social_media
C00199,Lahlou,Rachid,rachid.lahlou401@menara.ma,1947-01-02,1,Tnja,0624032377,28/08/2021,organic
C00200,El Mansouri,Hicham,hicham.el mansouri357@hotmail.com,1945-01-01,male,meknes,0668809636,18/01/2024,email
C00201,Benali,Hassan,aisha.filali377@outlook.com,1925-01-01,1,kenitra,0684076145,2020-11-23,paid_search
C00202,Moussaoui,Leila,leila.moussaoui645@yahoo.fr,1961-01-01,F,errachidia,0670340936,27/04/2023,organic
C00203,Idrissi,Omar,omar.idrissi771@gmail.com,1943-01-02,1,agadir,0671411378,2020-08-21,influencer
C00204,Chraibi,Meryem,meryem.chraibi321@outlook.com,1997-01-01,Femme,SAFI,0692861016,Dec 19 2020,direct
C00205,Bensaid,Yasmine,yasmine.bensaid605@gmail.com,1981-01-01,f,RABAT,0628972822,2022-11-12,referral
C00206,Moussaoui,Tariq,tariq.moussaoui434@yahoo.fr,1929-01-01,1,RABAT,0648766747,2020-10-14,influencer
C00207,Benali,Khadija,khadija.benali887@hotmail.com,1987-01-02,F,kénitra,0676433728,17/04/2022,paid_search
C00208,Fassi,Zineb,zineb.fassi85@outlook.com,1974-01-02,Femme,Fès,0632576626,17/05/2024,direct
C00209,Senhaji,Meryem,meryem.senhaji116@outlook.com,1965-01-01,f,Eljadida,0669239219,2023-01-23,paid_search
C00210,Chraibi,Nabil,nabil.chraibi770@yahoo.fr,1954-01-02,Homme,safi,0668930964,28/08/2020,social_media
C00211,Ziani,Adil,adil.ziani706@hotmail.com,1957-01-01,1,rabat,0637775381,01/05/2020,referral
C00212,Tazi,Khadija,khadija.tazi173@hotmail.com,1938-01-02,F,errachidia,0628198434,16/03/2024,organic
C00213,Chraibi,Imane,imane.chraibi130@yahoo.fr,1980-01-02,female,Rbat,0694879557,04/07/2021,paid_search
C00214,Chraibi,Aisha,aisha.chraibi814@gmail.com,1923-01-02,female,MEKNES,0688108751,Jan 06 2020,influencer
C00215,Ouali,Nabil,nabil.ouali651@hotmail.com,1961-01-01,1,safi,0676399516,2021-07-03,email
C00216,Ziani,Meryem,meryem.ziani134@outlook.com,1924-01-02,f,casablanca ,0612185246,Sep 11 2020,social_media
C00217,Alami,Zineb,zineb.alami982@menara.ma,1995-01-02,0,SAFI,0622527880,2023-09-02,organic
C00218,Chraibi,Rim,rim.chraibi170@gmail.com,1922-01-02,female,nador,0622775337,2020-01-03,organic
C00219,Hajji,Tariq,khadija.hajji512@outlook.com,1996-01-02,male,meknes,0640728728,2022-02-23,influencer
C00220,Karimi,Ahmed,ahmed.karimi377@hotmail.com,1994-01-02,1,kénitra,0611137460,03/06/2023,paid_search
C00221,Gharbi,Hajar,hajar.gharbi644@yahoo.fr,1955-01-02,f,errachidia,0628792245,2024-03-21,direct
C00222,Naciri,Sanaa,sanaa.naciri323@yahoo.fr,1980-01-02,F,Tétouan,0691549765,06/08/2021,direct
C00223,Filali,Hicham,hicham.filali897@hotmail.com,1987-01-02,male,nador,0642123815,2022-10-10,social_media
C00224,Bensaid,Rim,rim.bensaid73@outlook,1971-01-02,female,SAFI,0659044830,23/01/2023,influencer
C00225,Chaoui,Soukaina,soukaina.chaoui18@outlook.com,2006-01-02,female,KENITRA,0694365330,30/12/2023,paid_search
C00226,Moussaoui,Hajar,hajar.moussaoui85@outlook.com,2001-01-01,f,kenitra,0630854365,2023-01-03,referral
C00227,Naciri,Hassan,hassan.naciri748@yahoo.fr,1956-01-02,m,Tétouan,0617385816,25/09/2021,direct
C00228,Alami,Ahmed,ahmed.alami725@yahoo.fr,1967-01-02,h,Eljadida,0644795538,2020-12-07,direct
C00229,Drissi,Hajar,hajar.drissi790@gmail.com,1944-01-02,Femme,Beni Mellal,0694226031,06/06/2020,referral
C00230,Rachidi,Fatima,fatima.rachidi880@outlook.com,1998-01-02,f,fes,0615910667,2020-01-26,paid_search
C00231,El Mansouri,Houda,houda.el mansouri184@gmail.com,1928-01-02,0,agadir,0665869014,2024-01-15,influencer
C00232,Lahlou,Tariq,tariq.lahlou123@outlook.com,1983-01-02,h,oujda,0672423883,01/08/2021,email
C00233,Tazi,Aisha,aisha.tazi468@gmail.com,1973-01-01,0,MEKNES,0689415412,Oct 07 2022,influencer
C00234,Tazi,Nabil,nabil.tazi779@yahoo.fr,2008-01-02,1,Agdir,0611287794,2021-11-17,direct
C00235,Jamai,Imane,imane.jamai107@yahoo.fr,1949-01-01,0,BENI MELLAL,0622485824,Mar 30 2020,influencer
C00236,Lahlou,Hajar,hajar.lahlou470@gmail.com,1930-01-02,f,Tétouan,0618359464,09/06/2022,social_media
C00237,Idrissi,Hassan,hassan.idrissi872@hotmail.com,1970-01-02,Homme,MARRAKECH,0620024377,2021-02-19,influencer
C00238,Drissi,Youssef,youssef.drissi169@menara.ma,1943-01-02,Homme,MEKNES,0672189327,Jun 26 2021,organic
C00239,Filali,Adil,adil.filali312@outlook.com,1970-01-02,1,beni mellal,0657746984,22/03/2022,direct
C00240,Fassi,Nadia,nadia.fassi32@menara.ma,1941-01-01,f,meknes,0628762704,2020-09-05,influencer
C00241,Gharbi,Youssef,youssef.gharbi844@menara.ma,1929-01-01,m,TETOUAN,0620064609,Feb 14 2020,social_media
C00242,El Mansouri,Soukaina,soukaina.el mansouri95@hotmail.com,2005-01-01,F,Oujda ,0663015826,2022-10-13,direct
C00243,Lahlou,Sara,sara.lahlou220@yahoo.fr,1992-01-02,F,Tétouan,0642988674,2023-08-18,paid_search
C00244,Chaoui,Fatima,fatima.chaoui287@menara.ma,1944-01-02,F,el jadida,0661338023,20/05/2024,paid_search
C00245,Ziani,Sanaa,sanaa.ziani515@hotmail.com,1971-01-02,0,TANGER,0617863981,24/08/2022,influencer
C00246,Drissi,Youssef,youssef.drissi254@yahoo.fr,2004-01-02,1,SAFI,0657621071,2020-12-21,referral
C00247,Lahlou,Soukaina,sara.tazi658@gmail.com,1939-01-02,0,tetouan,0676065552,2023-01-15,paid_search
C00248,Benali,Ahmed,ahmed.benali239@outlook.com,2011-01-02,Homme,FES,0655735904,2024-01-08,influencer
C00249,Alami,Fatima,fatima.alami152@outlook.com,1997-01-01,Femme,Casa,0698870866,21/03/2022,email
C00250,El Mansouri,Sanaa,sanaa.el mansouri162@menara.ma,1928-01-02,0,Beni Mellal,0692370625,2024-05-30,direct
C00251,Jamai,Amine,amine.jamai752@hotmail.com,1922-01-02,h,safi,0634438599,2023-05-18,influencer
C00252,Ziani,Samir,samir.ziani107@menara.ma,1981-01-01,Homme,Rbat,0621908603,22/12/2023,direct
C00253,Alami,Zineb,zineb.alami272@yahoo.fr,1979-01-02,f,Tnja,0668816911,09/02/2024,social_media
C00254,Moussaoui,Zineb,zineb.moussaoui360@outlook.com,1938-01-02,0,meknes,0614484588,2021-08-26,email
C00255,Karimi,Ahmed,ahmed.karimi175@menara.ma,2000-01-02,Homme,TETOUAN,0614159837,Jun 02 2022,social_media
C00256,Benali,Sara,sara.benali104@hotmail.com,1922-01-02,F,Mrakech,0649916439,2021-05-01,paid_search
C00257,Benali,Sara,sara.benali370@gmail.com,1927-01-02,female,fes,0613454186,2021-02-27,email
C00258,Drissi,Rachid,rachid.drissi316@menara.ma,1978-01-02,m,oujda,0659797531,2022-02-20,paid_search
C00259,Ouali,Hassan,hassan.ouali477@hotmail.com,2004-01-02,1,Casa,0682672055,Apr 27 2022,referral
C00260,Benali,Mehdi,mehdi.benali861@menara.ma,1943-01-02,male,errachidia,0673922841,2021-09-04,influencer
C00261,Ziani,Mehdi,mehdi.ziani923@outlook.com,1932-01-02,1,EL JADIDA,0633203422,Dec 08 2020,influencer
C00262,Benali,Youssef,youssef.benali434@gmail.com,1931-01-02,1,Mrakech,0618994192,2020-06-27,paid_search
C00263,Idrissi,Imane,invalide_sans_arobase,1932-01-02,F,EL JADIDA,0625102023,2022-04-28,referral
C00264,Drissi,Ayoub,ayoub.drissi577@gmail.com,1967-01-02,male,Oujda ,0675174087,17/03/2023,organic
C00265,Moussaoui,Hassan,hassan.moussaoui148@outlook.com,2007-01-02,male,beni mellal,0616615722,07/03/2024,email
C00266,Karimi,Fatima,fatima.karimi838@hotmail.com,1922-01-02,0,RABAT,0669473299,May 04 2024,email
C00267,Chraibi,Khadija,khadija.chraibi92@yahoo.fr,1959-01-02,F,SAFI,0617543817,21/11/2022,organic
C00268,Senhaji,Hajar,hajar.senhaji414@yahoo.fr,1939-01-02,0,FES,0617734634,2021-05-25,organic
C00269,Gharbi,Hajar,hajar.gharbi281@hotmail.com,1930-01-02,f,Fès,0675603845,01/05/2023,influencer
C00270,Tazi,Khadija,khadija.tazi359@hotmail.com,1923-01-02,Femme,Tnja,0616664050,Nov 29 2020,influencer
C00271,Hajji,Hicham,hicham.hajji663@yahoo.fr,1959-01-02,h,safi,0673632249,27/09/2020,referral
C00272,Idrissi,Omar,omar.idrissi623@hotmail.com,1976-01-02,male,SAFI,0671605671,2021-05-31,email
C00273,Drissi,Khadija,khadija.drissi8@outlook.com,1964-01-02,F,TETOUAN,0650060760,2023-11-02,organic
C00274,Chraibi,Nadia,nadia.chraibi333@hotmail.com,1928-01-02,0,Rbat,0642252798,Apr 26 2020,influencer
C00275,Karimi,Rim,rim.karimi698@yahoo.fr,1974-01-02,female,OUJDA,0614740436,09/04/2023,referral
C00276,Hajji,Karim,karim.hajji703@outlook.com,1926-01-02,Homme,MARRAKECH,0698263548,2023-02-17,organic
C00277,Idrissi,Sara,sara.idrissi743@outlook.com,1924-01-02,f,Fès,0639974566,Mar 04 2024,paid_search
C00278,Idrissi,Sanaa,sanaa.idrissi600@hotmail.com,2005-01-01,F,tetouan,0673380252,02/02/2021,influencer
C00279,Jamai,Meryem,meryem.jamai424@gmail.com,1986-01-02,female,TETOUAN,0629223220,Oct 09 2021,social_media
C00280,Karimi,Rachid,rachid.karimi647@yahoo.fr,1954-01-02,Homme,el jadida,0687346846,2024-04-14,influencer
C00281,Bensaid,Youssef,youssef.bensaid445@menara.ma,1962-01-02,m,kenitra,0660076822,Jan 29 2020,influencer
C00282,Filali,Mohammed,mohammed.filali5@yahoo.fr,1972-01-02,1,Oujda ,0689010042,2021-09-18,influencer
C00283,Jamai,Hassan,hassan.jamai467@outlook.com,1924-01-02,1,ERRACHIDIA,0658217837,2024-03-16,influencer
C00284,Hajji,Fatima,fatima.hajji230@yahoo.fr,1947-01-02,f,Agdir,0697314051,2020-03-17,direct
C00285,Tazi,Soukaina,soukaina.tazi639@gmail.com,1998-01-02,f,beni mellal,0665938669,2022-06-28,referral
C00286,El Mansouri,Zineb,zineb.el mansouri211@gmail.com,1927-01-02,Femme,Tétouan,0628409776,May 07 2022,organic
C00287,Drissi,Hassan,hassan.drissi804@gmail.com,1978-01-02,h,Agdir,0664996550,2021-08-27,referral
C00288,Gharbi,Yasmine,invalide_sans_arobase,2000-01-02,F,NADOR,0630017834,03/07/2020,organic
C00289,Idrissi,Ayoub,ayoub.idrissi660@yahoo.fr,1978-01-02,male,CASA,0615294153,2021-08-18,direct
C00290,Drissi,Houda,sanaa.senhaji274@gmail.com,1990-01-02,Femme,ERRACHIDIA,0693457527,Jul 03 2021,organic
C00291,Karimi,Imane,imane.karimi188@gmail.com,1977-01-01,female,EL JADIDA,0697086700,2020-12-07,direct
C00292,Fassi,Hicham,hicham.fassi107@menara.ma,1939-01-02,male,TETOUAN,0658130331,2023-06-06,direct
C00293,Rachidi,Rachid,rachid.rachidi116@menara.ma,1928-01-02,Homme,Beni Mellal,0680439867,20/04/2024,direct
C00294,Karimi,Samir,samir.karimi532@outlook.com,1956-01-02,1,Agdir,0696087848,2022-02-27,influencer
C00295,Chraibi,Mohammed,mohammed.chraibi957@yahoo.fr,1948-01-02,1,EL JADIDA,0653034742,2021-05-08,email
C00296,Hajji,Mehdi,mehdi.hajji564@menara.ma,1953-01-01,male,meknes,0676901651,2022-07-04,paid_search
C00297,Moussaoui,Ahmed,ahmed.moussaoui423gmail.com,1934-01-02,h,errachidia,0697858385,07/10/2023,email
C00298,Benali,Imane,imane.benali837@yahoo.fr,1932-01-02,female,Beni Mellal,0658760568,06/01/2024,organic
C00299,Karimi,Mohammed,mohammed.karimi364@hotmail.com,1998-01-02,m,meknes,0664923338,2020-08-07,social_media
C00300,Moussaoui,Ahmed,ahmed.moussaoui221@menara.ma,1968-01-02,m,tanger ,0626538199,Apr 30 2024,paid_search
C00301,Alami,Rachid,rachid.alami544@gmail.com,1937-01-01,male,el jadida,0687652255,21/12/2020,social_media
C00302,Filali,Amine,amine.filali615@outlook.com,1962-01-02,male,errachidia,0646721417,Mar 25 2022,email
C00303,El Mansouri,Soukaina,soukaina.el mansouri142@menara.ma,1946-01-02,F,SAFI,0684300459,2023-07-19,social_media
C00304,Lahlou,Rim,rim.lahlou944@yahoo.fr,1989-01-01,F,Beni Mellal,0653269298,2023-12-25,email
C00305,Ziani,Khadija,khadija.ziani966@menara.ma,1943-01-02,female,el jadida,0680159631,2020-08-06,social_media
C00306,Benali,Samir,samir.benali205@hotmail.com,1975-01-02,Homme,safi,0649613096,21/02/2021,organic
C00307,Ouali,Imane,imane.ouali105@outlook.com,1983-01-02,female,Fès,0699186817,Apr 06 2020,paid_search
C00308,Filali,Soukaina,soukaina.filali321@outlook.com,1986-01-02,female,safi,0695065651,14/12/2023,email
C00309,Gharbi,Adil,adil.gharbi302@menara.ma,1988-01-02,1,casablanca ,0615453834,2022-05-27,email
C00310,Ziani,Youssef,adil.filali312@outlook.com,1992-01-02,m,ERRACHIDIA,0690111922,14/04/2020,direct
C00311,Ziani,Zineb,zineb.ziani564@hotmail.com,1944-01-02,0,kenitra,0677798790,22/11/2020,referral
C00312,Lahlou,Aisha,aisha.lahlou227@yahoo.fr,1974-01-02,F,KENITRA,0685341065,Mar 20 2024,organic
C00313,Lahlou,Samir,samir.lahlou457@yahoo.fr,1932-01-02,1,NADOR,0661186964,2020-08-20,referral
C00314,Senhaji,Fatima,fatima.senhaji842@hotmail.com,1949-01-01,Femme,errachidia,0652991650,2022-11-18,organic
C00315,Tazi,Adil,adil.tazi547@gmail.com,1931-01-02,1,safi,0637592422,Jan 06 2023,direct
C00316,Chaoui,Rim,omar.chaoui104@outlook.com,2002-01-02,0,EL JADIDA,0684904794,24/05/2020,social_media
C00317,Moussaoui,Houda,invalide_sans_arobase,1996-01-02,f,nador,0688598977,03/04/2020,organic
C00318,Senhaji,Yasmine,yasmine.senhaji109@hotmail.com,2000-01-02,female,OUJDA,0698680762,04/03/2020,referral
C00319,Moussaoui,Youssef,youssef.moussaoui816@outlook.com,1973-01-01,Homme,kénitra,0628974879,2020-09-09,referral
C00320,Tazi,Meryem,meryem.tazi970@gmail.com,1967-01-02,female,errachidia,0631602928,2021-01-11,influencer
C00321,Drissi,Leila,leila.drissi186@outlook.com,1941-01-01,F,Casa,0619041276,2021-05-28,direct
C00322,Lahlou,Sanaa,sanaa.lahlou132@yahoo.fr,1987-01-02,female,MEKNES,0692724080,2023-09-12,referral
C00323,Ziani,Tariq,tariq.ziani374@hotmail.com,1971-01-02,1,Beni Mellal,0696011893,2022-06-12,email
C00324,Karimi,Samir,samir.karimi899@menara.ma,1972-01-02,male,CASA,0696644469,2023-05-27,email
C00325,Tazi,Ayoub,ayoub.tazi202@hotmail.com,2002-01-02,m,nador,0688100019,31/03/2023,referral
C00326,Benali,Ayoub,ayoub.benali565@hotmail.com,1951-01-02,1,oujda,0689134873,Feb 10 2024,social_media
C00327,Senhaji,Meryem,meryem.senhaji93menara.ma,1933-01-01,F,RABAT,0631370471,01/01/2021,referral
C00328,Rachidi,Nabil,nabil.rachidi962@hotmail.com,1982-01-02,m,agadir,0615745651,2023-10-01,influencer
C00329,Rachidi,Houda,houda.rachidi940@menara.ma,1928-01-02,f,Beni Mellal,0695035920,Jul 14 2021,email
C00330,Chraibi,Amine,amine.chraibi388@hotmail.com,2002-01-02,h,oujda,0679306247,2022-04-11,influencer
C00331,Rachidi,Zineb,meryem.tazi387@menara.ma,1982-01-02,F,NADOR,0638389345,2020-11-03,email
C00332,Hajji,Samir,samir.hajji425@hotmail.com,1950-01-02,male,tetouan,0696873663,2022-04-21,organic
C00333,Ziani,Tariq,tariq.ziani165@yahoo.fr,1938-01-02,1,RABAT,0634164229,Nov 24 2022,referral
C00334,Filali,Ayoub,ayoub.filali842@hotmail.com,1934-01-02,male,rabat,0665132193,2023-05-15,referral
C00335,Filali,Tariq,tariq.filali524@hotmail.com,1953-01-01,h,CASA,0660762668,2022-02-28,organic
C00336,Senhaji,Mehdi,mehdi.senhaji701@menara.ma,1989-01-01,male,tetouan,0681327320,27/10/2022,organic
C00337,El Mansouri,Rim,invalide_sans_arobase,1928-01-02,F,OUJDA,0615830187,29/11/2023,social_media
C00338,Moussaoui,Soukaina,soukaina.moussaoui359@outlook.com,1922-01-02,f,oujda,0644160831,04/09/2022,influencer
C00339,Bensaid,Hassan,hassan.bensaid898@outlook.com,1921-01-01,m,kenitra,0679761254,2020-01-15,social_media
C00340,Lahlou,Houda,houda.lahlou110@yahoo.fr,1978-01-02,female,TETOUAN,0692125234,Jul 18 2021,paid_search
C00341,Tazi,Amine,amine.tazi803@outlook.com,1940-01-02,male,Mrakech,0663436070,2024-02-15,influencer
C00342,Hajji,Nabil,nabil.hajji458@yahoo.fr,1968-01-02,h,Beni Mellal,0616986408,2020-11-25,direct
C00343,Chaoui,Adil,adil.chaoui844@yahoo.fr,2000-01-02,m,Fès,0620742751,2023-06-01,paid_search
C00344,Chraibi,Khadija,khadija.chraibi534@hotmail.com,1989-01-01,female,TNG,0698165507,2022-11-27,organic
C00345,Fassi,Tariq,tariq.fassi691@gmail.com,1991-01-02,m,EL JADIDA,0657395992,2023-10-03,referral
C00346,Alami,Mehdi,mehdi.alami755@gmail.com,1940-01-02,h,AGADIR,0640372869,May 26 2023,paid_search
C00347,Alami,Khadija,khadija.alami268@yahoo.fr,2002-01-02,Femme,agadir,0678892172,Jun 11 2021,influencer
C00348,Ouali,Hajar,hajar.ouali990@menara.ma,1968-01-02,female,errachidia,0674688940,2020-08-26,paid_search
C00349,Hajji,Samir,samir.hajji820@hotmail.com,1943-01-02,m,Fès,0622483514,28/03/2022,influencer
C00350,Tazi,Aisha,aisha.tazi954@yahoo.fr,1938-01-02,0,Beni Mellal,0635523849,18/10/2022,social_media
C00351,Idrissi,Hicham,hicham.idrissi212@yahoo.fr,1932-01-02,Homme,el jadida,0626089818,09/06/2020,direct
C00352,Alami,Khadija,khadija.alami783@outlook.com,1964-01-02,Femme,Meknès,0646874043,2022-10-02,influencer
C00353,Hajji,Houda,houda.hajji769@outlook.com,1957-01-01,F,tanger ,0656612335,Mar 17 2022,influencer
C00354,Drissi,Rachid,rachid.drissi716@outlook.com,2010-01-02,1,tetouan,0653679307,10/01/2022,email
C00355,Idrissi,Mehdi,mehdi.idrissi243@hotmail.com,1965-01-01,1,oujda,0666249702,06/12/2023,email
C00356,Ouali,Nadia,nadia.ouali185@outlook.com,1982-01-02,Femme,el jadida,0684536479,Jun 04 2022,social_media
C00357,El Mansouri,Adil,adil.el mansouri485@gmail.com,1931-01-02,h,BENI MELLAL,0675313057,2021-09-06,influencer
C00358,Drissi,Amine,amine.drissi708@yahoo.fr,1951-01-02,m,BENI MELLAL,0644865621,2022-01-09,referral
C00359,Alami,Sanaa,sanaa.alami422@gmail.com,1934-01-02,F,Tétouan,0697124881,2023-01-07,influencer
C00360,Karimi,Sanaa,sanaa.karimi690@outlook.com,2001-01-01,F,Marrakesh,0694786974,Oct 23 2020,direct
C00361,Chraibi,Houda,houda.chraibi628@outlook.com,2001-01-01,Femme,Fès,0652530677,2023-08-30,email
C00362,Ouali,Nadia,nadia.ouali800@hotmail.com,1954-01-02,0,rabat,0626782572,2024-01-30,email
C00363,Fassi,Omar,omar.fassi407@gmail.com,1951-01-02,h,Tnja,0680327779,Apr 15 2024,organic
C00364,El Mansouri,Khadija,khadija.el mansouri87@menara.ma,1975-01-02,0,Rbat,0632898616,2020-02-28,email
C00365,Rachidi,Imane,imane.rachidi479@outlook.com,1994-01-02,0,Tétouan,0671276220,16/07/2023,referral
C00366,Chraibi,Meryem,meryem.chraibi655@outlook.com,1942-01-02,f,MEKNES,0659094606,2022-04-24,email
C00367,Senhaji,Mohammed,mohammed.senhaji835@yahoo.fr,2010-01-02,male,marrakech,0667772049,22/08/2021,influencer
C00368,Lahlou,Mehdi,mehdi.lahlou194@menara.ma,1980-01-02,1,SAFI,0639607414,2021-06-22,direct
C00369,Bensaid,Mehdi,mehdi.bensaid827@hotmail.com,1977-01-01,male,safi,0634482277,2020-10-06,direct
C00370,Ouali,Khadija,khadija.ouali279@outlook.com,1992-01-02,F,TNG,0623726915,2021-07-31,direct
C00371,Alami,Hajar,hajar.alami239@gmail.com,1968-01-02,Femme,EL JADIDA,0659848072,07/08/2022,organic
C00372,El Mansouri,Aisha,aisha.el mansouri58@hotmail.com,1951-01-02,0,ERRACHIDIA,0661214452,2020-01-26,influencer
C00373,Ouali,Amine,amine.ouali254@gmail.com,1999-01-02,h,MEKNES,0651890609,2021-10-23,direct
C00374,Tazi,Nabil,nabil.tazi534@gmail.com,1986-01-02,Homme,safi,0625157001,28/04/2021,email
C00375,Idrissi,Youssef,youssef.idrissi599@gmail.com,2006-01-02,h,Beni Mellal,0630802666,30/01/2022,social_media
C00376,Chaoui,Rachid,rachid.chaoui703@outlook.com,1931-01-02,m,Agdir,0630658582,07/12/2023,organic
C00377,Hajji,Rachid,rachid.hajji325@outlook.com,1955-01-02,1,BENI MELLAL,0658072427,2024-01-23,organic
C00378,Ouali,Hajar,hajar.ouali573@hotmail.com,1939-01-02,F,AGADIR,0672866875,Jul 17 2021,referral
C00379,Senhaji,Ahmed,ahmed.senhaji159@menara.ma,1965-01-01,male,Eljadida,0677908497,15/02/2022,organic
C00380,Bensaid,Soukaina,soukaina.bensaid245@hotmail.com,1943-01-02,0,kénitra,0676779917,17/04/2024,referral
C00381,Naciri,Sanaa,sanaa.naciri657@hotmail.com,2003-01-02,0,rabat,0637122588,07/08/2020,organic
C00382,Chraibi,Tariq,tariq.chraibi857@menara.ma,1922-01-02,h,TANGER,0639624910,25/05/2023,organic
C00383,Rachidi,Samir,samir.rachidi951@gmail.com,1965-01-01,h,SAFI,0617824896,2023-06-17,organic
C00384,Jamai,Hicham,hicham.jamai80@yahoo.fr,1982-01-02,h,FES,0680624297,2023-09-07,direct
C00385,Tazi,Mehdi,mehdi.tazi426@gmail.com,1925-01-01,male,errachidia,0632388767,04/01/2021,referral
C00386,Fassi,Rim,rim.fassi547@outlook.com,1971-01-02,Femme,SAFI,0665343779,14/04/2024,influencer
C00387,Hajji,Khadija,khadija.hajji577@outlook.com,1979-01-02,female,MEKNES,0610026256,2024-01-27,email
C00388,El Mansouri,Mehdi,rim.filali402@yahoo.fr,1971-01-02,m,errachidia,0622655004,18/03/2020,social_media
C00389,Lahlou,Hassan,hassan.lahlou911@outlook.com,1973-01-01,m,Oujda ,0639183937,2024-02-12,email
C00390,Rachidi,Sara,sara.rachidi846@outlook.com,1929-01-01,f,Beni Mellal,0661210252,09/06/2020,influencer
C00391,Naciri,Sanaa,sanaa.naciri427@gmail.com,1928-01-02,f,NADOR,0617264930,16/09/2021,email
C00392,Senhaji,Karim,karim.senhaji715@yahoo.fr,1961-01-01,male,Tétouan,0622090729,30/03/2021,influencer
C00393,El Mansouri,Sara,sara.el mansouri345@gmail.com,1941-01-01,Femme,casablanca ,0677353558,08/06/2022,social_media
C00394,Tazi,Rachid,rachid.tazi203@menara.ma,1940-01-02,h,FES,0619615892,29/06/2021,email
C00395,Filali,Ahmed,ahmed.filali424@menara.ma,1967-01-02,h,EL JADIDA,0632717056,17/12/2021,influencer
C00396,El Mansouri,Khadija,khadija.el mansouri452@gmail.com,1924-01-02,0,Eljadida,0621517819,18/08/2020,social_media
C00397,Jamai,Hicham,hicham.jamai15@hotmail.com,1954-01-02,male,agadir,0682209870,2021-03-09,referral
C00398,Rachidi,Meryem,meryem.rachidi638@yahoo.fr,1963-01-02,F,TANGER,0632859916,2020-05-03,influencer
C00399,Ouali,Fatima,fatima.ouali671@gmail.com,1927-01-02,f,TANGER,0697162488,2022-03-02,paid_search
C00400,Karimi,Ayoub,ayoub.karimi497@outlook.com,1947-01-02,male,errachidia,0615335477,May 21 2021,email
C00401,Moussaoui,Zineb,hicham.idrissi212@yahoo.fr,1931-01-02,0,KENITRA,0618322800,2023-07-05,paid_search
C00402,Idrissi,Mehdi,mehdi.idrissi231@yahoo.fr,1994-01-02,m,kénitra,0692201431,05/07/2023,paid_search
C00403,El Mansouri,Tariq,tariq.el mansouri437@hotmail.com,1942-01-02,1,nador,0687984620,13/01/2023,social_media
C00404,Senhaji,Hassan,hassan.senhaji932@yahoo.fr,1993-01-01,h,agadir,0684804948,Dec 27 2022,organic
C00405,El Mansouri,Karim,karim.el mansouri745@gmail.com,1959-01-02,male,Meknès,0695476210,2024-02-21,influencer
C00406,El Mansouri,Ahmed,ahmed.el mansouri190@gmail.com,1977-01-01,h,tetouan,0690042177,2021-04-20,organic
C00407,Rachidi,Aisha,aisha.rachidi138@outlook.com,1928-01-02,0,SAFI,0675960711,2022-08-28,social_media
C00408,Naciri,Mohammed,mohammed.naciri783@gmail.com,1983-01-02,1,CASA,0668959861,17/06/2023,email
C00409,Hajji,Yasmine,yasmine.hajji438@menara.ma,1963-01-02,female,Tétouan,0686763742,01/05/2023,direct
C00410,Drissi,Mehdi,mehdi.drissi463@menara.ma,1980-01-02,h,Oujda ,0615268263,2023-02-16,influencer
C00411,Jamai,Omar,omar.jamai451@menara.ma,1975-01-02,male,OUJDA,0692293489,21/04/2020,social_media
C00412,Chraibi,Imane,imane.chraibi463@gmail.com,1937-01-01,0,OUJDA,0653414191,2022-07-12,paid_search
C00413,Ouali,Ayoub,ayoub.ouali93@hotmail.com,1920-01-02,1,casablanca,0670317234,2023-07-22,referral
C00414,Senhaji,Hajar,hajar.senhaji627@yahoo.fr,1990-01-02,F,safi,0631759927,2020-10-23,direct
C00415,Jamai,Amine,amine.jamai317@menara.ma,1995-01-02,1,TETOUAN,0611638498,28/07/2022,paid_search
C00416,Rachidi,Tariq,tariq.rachidi244@yahoo.fr,1959-01-02,male,Tétouan,0610882216,May 16 2021,email
C00417,Fassi,Mohammed,mohammed.fassi152@gmail.com,2007-01-02,h,Mrakech,0621771255,2020-04-10,social_media
C00418,Jamai,Samir,samir.jamai626@outlook.com,1953-01-01,h,errachidia,0622499198,2024-04-22,email
C00419,Chaoui,Imane,imane.chaoui777@menara.ma,1951-01-02,f,BENI MELLAL,0654185620,15/12/2022,social_media
C00420,Benali,Tariq,tariq.benali112@outlook.com,2000-01-02,male,ERRACHIDIA,0667318164,May 31 2023,email
C00421,El Mansouri,Yasmine,yasmine.el mansouri630@outlook.com,1948-01-02,0,errachidia,0648988647,2021-01-31,organic
C00422,Drissi,Rim,rim.drissi756@yahoo.fr,1959-01-02,Femme,Agdir,0695564277,2021-03-10,social_media
C00423,Chaoui,Nadia,nadia.chaoui316@hotmail.com,2011-01-02,Femme,AGADIR,0686359356,Jun 15 2023,influencer
C00424,Karimi,Omar,omar.karimi854@hotmail.com,1951-01-02,m,meknes,0694181424,Aug 01 2022,referral
C00425,Naciri,Zineb,zineb.naciri951@gmail.com,1925-01-01,F,kenitra,0637952515,28/03/2023,influencer
C00426,El Mansouri,Aisha,aisha.el mansouri288@gmail.com,1943-01-02,F,TETOUAN,0635149571,2023-05-03,influencer
C00427,Karimi,Hajar,hajar.karimi727@gmail.com,1981-01-01,female,SAFI,0639009803,2022-12-11,organic
C00428,Benali,Soukaina,soukaina.benali797@yahoo.fr,2008-01-02,F,rabat,0655649583,17/09/2022,referral
C00429,Karimi,Soukaina,soukaina.karimi147@gmail.com,1925-01-01,0,beni mellal,0671655384,04/03/2022,referral
C00430,Jamai,Mohammed,mohammed.jamai955@gmail.com,2000-01-02,Homme,errachidia,0623838227,02/12/2022,direct
C00431,Ziani,Fatima,fatima.ziani777@hotmail.com,1986-01-02,Femme,Mrakech,0669205536,2023-10-06,social_media
C00432,Drissi,Hassan,hassan.drissi16@outlook.com,1942-01-02,Homme,AGADIR,0628999435,Dec 13 2023,referral
C00433,Chaoui,Youssef,youssef.chaoui319@outlook.com,2005-01-01,1,Meknès,0616772091,2020-08-04,organic
C00434,Fassi,Houda,houda.fassi722@outlook.com,1923-01-02,F,AGADIR,0654604858,09/02/2021,direct
C00435,Ouali,Ayoub,ayoub.ouali582@yahoo.fr,1922-01-02,male,MEKNES,0696492401,25/12/2023,paid_search
C00436,El Mansouri,Omar,omar.el mansouri882@outlook.com,1988-01-02,Homme,MEKNES,0614061983,13/05/2020,email
C00437,Fassi,Zineb,zineb.fassi290@hotmail.com,1998-01-02,f,Agdir,0697167893,25/05/2020,referral
C00438,Ziani,Houda,houda.ziani424@yahoo.fr,1950-01-02,f,agadir,0689318677,01/06/2022,paid_search
C00439,Hajji,Meryem,meryem.hajji178@gmail.com,1949-01-01,F,TETOUAN,0653671508,2023-02-10,paid_search
C00440,Moussaoui,Hassan,hassan.moussaoui72@outlook.com,1963-01-02,Homme,nador,0622151134,Mar 21 2021,referral
C00441,El Mansouri,Adil,adil.el mansouri677@yahoo.fr,1933-01-01,h,FES,0652493026,05/09/2021,direct
C00442,Naciri,Yasmine,yasmine.naciri736@hotmail.com,1933-01-01,female,safi,0649484797,2020-05-07,referral
C00443,Tazi,Mohammed,mohammed.tazi841@hotmail.com,2008-01-02,1,Beni Mellal,0662917798,2023-07-04,paid_search
C00444,Naciri,Houda,houda.naciri559@yahoo.fr,1987-01-02,female,SAFI,0666000400,2020-11-11,influencer
C00445,Alami,Youssef,youssef.alami74@gmail.com,1927-01-02,male,CASA,0696200382,May 01 2022,influencer
C00446,Fassi,Khadija,khadija.fassi466@outlook.com,1962-01-02,0,RABAT,0691144449,16/01/2020,influencer
C00447,Senhaji,Nabil,nabil.senhaji276@menara.ma,2007-01-02,m,Meknès,0659469782,19/08/2020,direct
C00448,Senhaji,Youssef,youssef.senhaji880@hotmail.com,1933-01-01,m,Meknès,0699085263,2023-10-01,direct
C00449,Benali,Khadija,khadija.benali926@hotmail,1946-01-02,F,BENI MELLAL,0666507825,Dec 23 2021,influencer
C00450,Fassi,Nadia,nadia.fassi37@outlook.com,1939-01-02,f,NADOR,0687596783,12/12/2020,direct
C00451,Bensaid,Soukaina,soukaina.bensaid28@hotmail.com,2002-01-02,Femme,Rbat,0647711414,Jul 17 2021,organic
C00452,Fassi,Tariq,tariq.fassi932@outlook.com,1964-01-02,1,Eljadida,0641701674,2022-09-20,referral
C00453,Chaoui,Karim,karim.chaoui991@yahoo.fr,1948-01-02,male,Fez,0695573823,2020-12-08,direct
C00454,Chraibi,Fatima,fatima.chraibi271@gmail.com,1951-01-02,female,Beni Mellal,0641361490,16/02/2022,paid_search
C00455,El Mansouri,Nadia,yasmine.hajji438@menara.ma,1925-01-01,F,nador,0623068017,24/12/2022,influencer
C00456,Chraibi,Khadija,khadija.chraibi879@hotmail.com,1999-01-02,F,OUJDA,0642453439,12/02/2024,influencer
C00457,Karimi,Mehdi,mehdi.karimi694yahoo.fr,2003-01-02,m,casablanca,0669853349,2021-12-20,email
C00458,Benali,Leila,leila.benali25@outlook.com,1927-01-02,F,nador,0626103055,Jun 25 2020,social_media
C00459,Chraibi,Rim,rim.chraibi580@yahoo.fr,1979-01-02,female,nador,0695735668,Jul 17 2022,email
C00460,Filali,Hajar,hajar.filali789@hotmail.com,1976-01-02,female,OUJDA,0618060935,Jun 12 2021,email
C00461,Chaoui,Rachid,rachid.chaoui504@yahoo.fr,1949-01-01,m,KENITRA,0639311339,11/06/2023,paid_search
C00462,Benali,Aisha,aisha.benali75@gmail.com,1954-01-02,female,Rbat,0695944345,Jan 02 2020,direct
C00463,El Mansouri,Nadia,nadia.el mansouri717@hotmail.com,1946-01-02,female,OUJDA,0619408620,2023-01-11,paid_search
C00464,Ziani,Aisha,aisha.ziani549@hotmail.com,2004-01-02,Femme,KENITRA,0620798726,30/07/2022,email
C00465,Tazi,Youssef,youssef.tazi41@menara.ma,1962-01-02,m,meknes,0694931806,15/06/2022,social_media
C00466,Alami,Omar,omar.alami738@outlook.com,1942-01-02,Homme,KENITRA,0612203625,2020-03-16,email
C00467,Drissi,Amine,amine.drissi217@outlook.com,1943-01-02,1,fes,0614949636,2024-02-15,direct
C00468,Bensaid,Rachid,rachid.bensaid47@yahoo.fr,1989-01-01,m,safi,0671228059,2023-06-05,referral
C00469,Drissi,Hicham,hicham.drissi117@menara.ma,2003-01-02,1,Agdir,0663956682,2021-10-26,direct
C00470,Gharbi,Karim,karim.gharbi783@gmail.com,1996-01-02,Homme,EL JADIDA,0632555403,2023-11-27,social_media
C00471,Ziani,Leila,leila.ziani42@yahoo.fr,1933-01-01,0,Tnja,0620834405,2020-01-14,organic
C00472,Rachidi,Houda,houda.rachidi709@yahoo.fr,1945-01-01,female,FES,0691945021,2023-11-17,social_media
C00473,Chaoui,Khadija,khadija.chaoui643hotmail.com,1987-01-02,F,Casa,0682440371,2022-11-05,influencer
C00474,Benali,Hassan,hassan.benali199@gmail.com,1951-01-02,male,Rbat,0615786878,20/04/2020,email
C00475,Idrissi,Amine,amine.idrissi343@outlook.com,2006-01-02,m,errachidia,0631212522,2024-05-27,referral
C00476,Hajji,Ahmed,ahmed.hajji739@menara.ma,1986-01-02,Homme,el jadida,0653772726,2021-04-11,direct
C00477,Gharbi,Imane,imane.gharbi385@yahoo.fr,2005-01-01,0,Fez,0633898911,2022-03-04,paid_search
C00478,Lahlou,Samir,samir.lahlou999@hotmail.com,1923-01-02,h,MARRAKECH,0624912833,11/08/2022,social_media
C00479,Jamai,Leila,leila.jamai619@yahoo.fr,1933-01-01,F,kenitra,0621606388,Apr 23 2022,paid_search
C00480,Rachidi,Tariq,tariq.rachidi858@menara.ma,1980-01-02,1,Oujda ,0639850909,Apr 26 2023,referral
C00481,Benali,Amine,amine.benali42@menara.ma,1957-01-01,h,Meknès,0623153230,15/07/2022,organic
C00482,Naciri,Nabil,nabil.naciri973@yahoo.fr,1929-01-01,m,Meknès,0650914476,27/11/2020,influencer
C00483,Ouali,Rachid,rachid.ouali791@yahoo.fr,1964-01-02,male,safi,0661657620,2023-11-15,organic
C00484,Idrissi,Houda,houda.idrissi715@outlook.com,1924-01-02,F,ERRACHIDIA,0617356698,Nov 20 2022,direct
C00485,Benali,Yasmine,yasmine.benali114@menara.ma,1965-01-01,0,nador,0685263692,23/12/2023,social_media
C00486,Tazi,Leila,leila.tazi117@menara.ma,1922-01-02,0,AGADIR,0645884163,28/10/2022,email
C00487,Lahlou,Ahmed,ahmed.lahlou354@menara.ma,1996-01-02,male,NADOR,0670663511,2023-06-25,direct
C00488,Ouali,Omar,omar.ouali90@gmail.com,2002-01-02,m,marrakech,0629858055,2022-10-13,social_media
C00489,Naciri,Hassan,hassan.naciri993@outlook.com,1958-01-02,male,MARRAKECH,0618448940,Feb 15 2020,social_media
C00490,Ziani,Houda,houda.ziani352@hotmail.com,1944-01-02,female,MEKNES,0686135229,Sep 27 2020,email
C00491,Idrissi,Adil,adil.idrissi233@menara.ma,2005-01-01,1,Marrakesh,0632328873,Jun 20 2023,direct
C00492,Fassi,Sara,sara.fassi860@yahoo.fr,1971-01-02,0,MEKNES,0659616555,2021-01-12,direct
C00493,Karimi,Samir,samir.karimi353@yahoo.fr,1991-01-02,h,casablanca,0664299436,19/10/2022,paid_search
C00494,Alami,Sara,sara.alami994@outlook.com,1921-01-01,female,ERRACHIDIA,0687004412,2023-09-27,referral
C00495,Drissi,Sanaa,sanaa.drissi750@menara.ma,1941-01-01,Femme,Tnja,0692882398,27/03/2021,organic
C00496,Bensaid,Fatima,fatima.bensaid657@yahoo.fr,1976-01-02,f,casablanca ,0621727533,2022-11-14,paid_search
C00497,Bensaid,Khadija,khadija.bensaid524@gmail.com,1993-01-01,Femme,OUJDA,0611636220,2021-08-05,email
C00498,Tazi,Imane,imane.tazi90@yahoo.fr,1958-01-02,Femme,Rbat,0666885794,Feb 01 2024,social_media
C00499,Gharbi,Youssef,youssef.gharbi311@menara.ma,1969-01-01,m,EL JADIDA,0621871327,14/01/2020,email
C00500,Tazi,Sara,sara.tazi474@outlook.com,1988-01-02,Femme,KENITRA,0615668405,Sep 10 2021,email
C00501,Ouali,Meryem,meryem.ouali230@gmail.com,1973-01-01,f,NADOR,0665989834,02/01/2021,direct
C00502,Drissi,Mohammed,mohammed.drissi784@hotmail.com,1935-01-02,Homme,Meknès,0668528124,12/06/2021,paid_search
C00503,Senhaji,Karim,mohammed.fassi512@outlook.com,2004-01-02,1,Meknès,0628186152,2022-01-01,email
C00504,Chraibi,Houda,houda.chraibi934@hotmail.com,1930-01-02,F,FES,0622684736,11/05/2023,referral
C00505,Karimi,Imane,imane.karimi847@hotmail.com,1965-01-01,F,TETOUAN,0629289438,2020-01-27,email
C00506,Rachidi,Soukaina,soukaina.rachidi422@hotmail.com,1984-01-02,F,FES,0684981433,10/06/2023,referral
C00507,Ouali,Amine,amine.ouali939@gmail.com,2009-01-01,male,Mrakech,0628658140,Jun 24 2022,referral
C00508,Jamai,Sara,sara.jamai30@gmail.com,1993-01-01,Femme,rabat,0627477597,09/06/2020,influencer
C00509,Alami,Ahmed,ahmed.alami794@menara.ma,1998-01-02,m,tetouan,0672959166,Aug 31 2020,organic
C00510,Filali,Hassan,hassan.filali11@gmail.com,1985-01-01,h,Rbat,0657182050,2020-02-29,influencer
C00511,Lahlou,Khadija,khadija.lahlou361@yahoo.fr,1933-01-01,F,tetouan,0623301739,30/03/2023,referral
C00512,Gharbi,Nabil,nabil.gharbi988@hotmail.com,2011-01-02,m,ERRACHIDIA,0659185834,30/11/2023,paid_search
C00513,Lahlou,Youssef,youssef.lahlou389@menara.ma,1997-01-01,Homme,meknes,0679756655,05/10/2020,email
C00514,Benali,Meryem,meryem.benali85@hotmail.com,1953-01-01,Femme,NADOR,0640316218,08/02/2023,influencer
C00515,Chaoui,Leila,leila.chaoui917@menara.ma,2010-01-02,f,OUJDA,0680150556,10/09/2023,organic
C00516,Moussaoui,Amine,amine.moussaoui712@outlook.com,1990-01-02,m,Fès,0636878911,May 03 2023,paid_search
C00517,Naciri,Omar,omar.naciri743@menara.ma,1937-01-01,h,Eljadida,0663718703,30/12/2021,referral
C00518,Senhaji,Zineb,zineb.senhaji286@yahoo.fr,1979-01-02,female,FES,0613989423,22/07/2020,influencer
C00519,Filali,Rachid,rachid.filali28@yahoo.fr,1992-01-02,Homme,tetouan,0620269972,15/09/2023,influencer
C00520,Ouali,Soukaina,soukaina.ouali207@hotmail.com,1978-01-02,Femme,Eljadida,0683366099,Feb 06 2020,organic
C00521,Drissi,Yasmine,yasmine.drissi393@menara.ma,1953-01-01,f,Rbat,0698504649,2024-05-15,direct
C00522,Naciri,Rachid,rachid.naciri138@hotmail.com,1997-01-01,h,NADOR,0673875700,Feb 25 2023,referral
C00523,Idrissi,Amine,amine.idrissi507@outlook.com,1966-01-02,Homme,tanger,0689250658,2020-04-02,email
C00524,Ziani,Soukaina,soukaina.ziani28@hotmail.com,1966-01-02,Femme,TNG,0643234179,25/04/2021,referral
C00525,Chaoui,Ayoub,ayoub.chaoui890@hotmail.com,1943-01-02,Homme,Meknès,0666703371,09/03/2023,paid_search
C00526,Rachidi,Fatima,fatima.rachidi603@gmail.com,1962-01-02,F,casablanca ,0623429380,15/11/2023,email
C00527,Filali,Meryem,meryem.filali348@yahoo.fr,1956-01-02,female,nador,0681918425,2021-03-14,organic
C00528,Moussaoui,Khadija,khadija.moussaoui824@yahoo.fr,1920-01-02,f,TETOUAN,0646690420,17/05/2020,referral
C00529,Gharbi,Houda,houda.gharbi356@gmail.com,1973-01-01,F,agadir,0665608317,2022-04-03,referral
C00530,Tazi,Rim,rim.tazi185@gmail.com,1988-01-02,female,Fez,0645961754,30/07/2023,referral
C00531,Ziani,Yasmine,yasmine.ziani745@gmail.com,1993-01-01,0,Beni Mellal,0650302318,10/06/2022,influencer
C00532,Gharbi,Samir,samir.gharbi867@menara.ma,1991-01-02,Homme,Fez,0642008703,2020-08-20,organic
C00533,Jamai,Adil,adil.jamai476@menara.ma,1929-01-01,m,RABAT,0628311409,2020-02-29,influencer
C00534,Tazi,Rim,rim.tazi181@gmail.com,2009-01-01,f,Agdir,0649994087,May 10 2020,paid_search
C00535,Filali,Rim,rim.filali907@gmail.com,1994-01-02,f,Tétouan,0677142220,04/09/2020,influencer
C00536,Chaoui,Zineb,zineb.chaoui244@outlook.com,1969-01-01,female,Eljadida,0641667072,2022-05-16,organic
C00537,Idrissi,Omar,omar.idrissi451@menara.ma,1949-01-01,h,beni mellal,0652478561,22/01/2023,direct
C00538,El Mansouri,Hassan,hassan.el mansouri372@menara.ma,2009-01-01,h,safi,0642168745,02/06/2021,email
C00539,Filali,Yasmine,yasmine.filali125@outlook.com,1962-01-02,female,ERRACHIDIA,0650384524,Jul 03 2020,influencer
C00540,Gharbi,Hassan,hassan.gharbi881@yahoo.fr,1929-01-01,male,marrakech,0675993764,22/08/2022,influencer
C00541,Naciri,Hajar,hajar.naciri898@gmail.com,1947-01-02,Femme,Oujda ,0683514771,2024-02-19,direct
C00542,Benali,Adil,adil.benali657@yahoo.fr,1994-01-02,m,Fès,0652107027,2023-03-25,social_media
C00543,Chraibi,Mehdi,mehdi.chraibi782@yahoo.fr,1971-01-02,male,safi,0644987861,21/12/2020,influencer
C00544,Jamai,Soukaina,soukaina.jamai204@gmail.com,1963-01-02,0,tanger,0684964625,18/08/2023,social_media
C00545,Gharbi,Rachid,rachid.gharbi269@yahoo.fr,1935-01-02,Homme,Casa,0632833506,2023-03-07,direct
C00546,Ouali,Soukaina,soukaina.ouali848@menara.ma,1987-01-02,Femme,BENI MELLAL,0661281039,23/09/2020,social_media
C00547,Jamai,Hicham,hicham.jamai745@yahoo.fr,1993-01-01,m,MARRAKECH,0692903638,Jul 12 2022,email
C00548,Alami,Aisha,aisha.alami481@yahoo.fr,1961-01-01,female,BENI MELLAL,0690154282,2021-06-08,referral
C00549,Karimi,Mohammed,mohammed.karimi954@yahoo.fr,1934-01-02,h,TANGER,0677718480,2023-06-23,paid_search
C00550,Tazi,Sara,sara.tazi43@outlook.com,1948-01-02,female,rabat,0652589618,25/12/2023,social_media
C00551,Karimi,Aisha,aisha.karimi46@yahoo.fr,1976-01-02,female,Mrakech,0692266282,Apr 08 2024,referral
C00552,Fassi,Houda,houda.fassi324@menara.ma,1927-01-02,f,FES,0617323881,2021-04-15,paid_search
C00553,Ouali,Sara,sara.ouali447@gmail.com,2006-01-02,Femme,Beni Mellal,0675122376,26/07/2022,influencer
C00554,Lahlou,Ahmed,ahmed.lahlou96@yahoo.fr,1990-01-02,h,Tétouan,0688608290,10/03/2021,organic
C00555,Chaoui,Amine,amine.chaoui253@menara.ma,2008-01-02,Homme,OUJDA,0689233891,Aug 05 2020,social_media
C00556,Ouali,Ahmed,ahmed.ouali851@menara.ma,1935-01-02,m,tanger ,0670814320,Oct 27 2021,direct
C00557,Benali,Omar,omar.benali821@hotmail.com,2002-01-02,h,oujda,0663533881,2021-06-06,influencer
C00558,Alami,Aisha,aisha.alami873@yahoo.fr,1975-01-02,f,Marrakesh,0668030164,Feb 16 2024,email
C00559,Filali,Karim,karim.filali99@hotmail.com,1962-01-02,male,Tétouan,0666783572,03/07/2020,influencer
C00560,Fassi,Khadija,khadija.fassi445@menara.ma,1952-01-02,0,ERRACHIDIA,0680770150,13/07/2023,organic
C00561,Naciri,Zineb,zineb.naciri82@menara.ma,1924-01-02,0,KENITRA,0649658873,2023-03-10,organic
C00562,Drissi,Mehdi,mehdi.drissi523@menara.ma,1939-01-02,Homme,marrakech,0677571186,2020-02-03,direct
C00563,Fassi,Sara,sara.fassi864@menara.ma,1921-01-01,Femme,Tétouan,0671068817,31/03/2024,referral
C00564,Fassi,Sanaa,sanaa.fassi217@yahoo.fr,1978-01-02,female,kenitra,0610784780,2022-03-19,social_media
C00565,Moussaoui,Zineb,zineb.moussaoui890@outlook.com,1933-01-01,female,EL JADIDA,0621762188,2020-09-13,social_media
C00566,Alami,Hicham,hicham.alami713@yahoo.fr,1928-01-02,1,Oujda ,0682287324,2021-01-25,influencer
C00567,Rachidi,Sara,sara.rachidi433@gmail.com,1922-01-02,female,meknes,0670333053,2023-04-13,email
C00568,Karimi,Fatima,fatima.karimi9@gmail.com,1958-01-02,F,Tétouan,0684397493,2021-08-18,paid_search
C00569,Ziani,Meryem,meryem.ziani743@outlook.com,1949-01-01,f,kenitra,0666640491,2023-03-26,organic
C00570,Chraibi,Yasmine,yasmine.chraibi428@menara.ma,1929-01-01,female,BENI MELLAL,0612792658,2020-11-26,social_media
C00571,Ouali,Sanaa,sanaa.ouali238@outlook.com,1968-01-02,female,RABAT,0662394739,May 03 2022,direct
C00572,Rachidi,Soukaina,soukaina.rachidi819@yahoo.fr,2000-01-02,0,rabat,0630980122,25/05/2023,influencer
C00573,Jamai,Zineb,zineb.jamai241@yahoo.fr,1966-01-02,Femme,nador,0633449822,2022-10-28,organic
C00574,Drissi,Houda,houda.drissi633@yahoo.fr,1978-01-02,Femme,el jadida,0684762274,Jul 01 2021,influencer
C00575,Benali,Nabil,nabil.benali949@menara.ma,1997-01-01,m,tetouan,0685493830,26/03/2020,social_media
C00576,Gharbi,Hicham,hicham.gharbi933@hotmail.com,1955-01-02,h,beni mellal,0630709222,2023-08-18,influencer
C00577,Gharbi,Ahmed,ahmed.gharbi450@menara.ma,1968-01-02,Homme,rabat,0645704013,01/02/2022,paid_search
C00578,Filali,Rim,rim.filali252@yahoo.fr,1982-01-02,female,OUJDA,0671572793,23/11/2022,email
C00579,El Mansouri,Rachid,rachid.el mansouri789@gmail.com,2003-01-02,m,AGADIR,0632055285,2022-06-07,influencer
C00580,Chraibi,Samir,samir.chraibi155@outlook.com,1920-01-02,h,OUJDA,0684304333,15/09/2021,email
C00581,Idrissi,Fatima,fatima.idrissi922@outlook.com,1960-01-02,0,ERRACHIDIA,0656338752,19/05/2024,influencer
C00582,Jamai,Ayoub,ayoub.jamai87@gmail.com,1995-01-02,h,MARRAKECH,0622458031,13/11/2022,referral
C00583,Chraibi,Soukaina,sara.ouali447@gmail.com,1981-01-01,female,kenitra,0618045780,2022-02-02,referral
C00584,Benali,Aisha,aisha.benali775@gmail.com,2011-01-02,Femme,FES,0657021454,2021-09-04,influencer
C00585,Moussaoui,Nabil,nabil.moussaoui533@yahoo.fr,1987-01-02,Homme,CASA,0667135430,2022-04-23,organic
C00586,El Mansouri,Yasmine,yasmine.el mansouri488@yahoo.fr,1944-01-02,F,kénitra,0662986806,24/06/2021,direct
C00587,Rachidi,Zineb,zineb.rachidi750@menara.ma,1995-01-02,female,Rbat,0678878589,2022-12-19,social_media
C00588,Benali,Zineb,zineb.benali765@yahoo.fr,1996-01-02,female,casablanca,0659604988,2023-03-16,referral
C00589,Lahlou,Ahmed,ahmed.lahlou313@hotmail.com,1993-01-01,1,oujda,0650958413,2021-08-03,influencer
C00590,Drissi,Fatima,fatima.drissi561@hotmail.com,1950-01-02,Femme,TETOUAN,0655341868,2024-05-19,influencer
C00591,El Mansouri,Adil,adil.el mansouri517@menara.ma,1992-01-02,Homme,Eljadida,0699187990,01/07/2023,social_media
C00592,Tazi,Sanaa,sanaa.tazi47@menara.ma,1990-01-02,F,NADOR,0685302098,2023-08-14,referral
C00593,Bensaid,Omar,omar.bensaid555@outlook.com,1945-01-01,1,kenitra,0626144134,Sep 10 2023,social_media
C00594,Gharbi,Hassan,hassan.gharbi252@outlook.com,1934-01-02,Homme,tetouan,0675964394,2020-02-17,social_media
C00595,Senhaji,Fatima,fatima.senhaji325@menara.ma,1999-01-02,0,MARRAKECH,0634517408,07/06/2021,social_media
C00596,Filali,Houda,houda.filali174@gmail.com,2008-01-02,Femme,oujda,0652955238,18/10/2020,email
C00597,Drissi,Houda,houda.drissi54@yahoo.fr,1981-01-01,F,Eljadida,0661680358,2020-08-23,email
C00598,Naciri,Meryem,nadia.fassi32@menara.ma,2009-01-01,F,Tétouan,0623624363,19/05/2021,direct
C00599,Ziani,Hassan,hassan.ziani417@menara.ma,1985-01-01,1,kenitra,0642905017,Jan 05 2023,referral
C00600,Alami,Fatima,fatima.alami833@menara.ma,1928-01-02,f,Tnja,0646682099,2023-05-09,direct
C00601,Chraibi,Sanaa,sanaa.chraibi218@outlook.com,1991-01-02,F,Casa,0622041357,20/03/2022,influencer
C00602,Tazi,Nabil,nabil.tazi287@menara.ma,1971-01-02,Homme,Eljadida,0670762792,2021-07-13,email
C00603,Ouali,Leila,leila.ouali983@outlook.com,1994-01-02,F,meknes,0611285619,2023-10-09,referral
C00604,Moussaoui,Soukaina,soukaina.moussaoui552@gmail.com,2002-01-02,f,ERRACHIDIA,0626564560,Dec 23 2021,paid_search
C00605,Fassi,Houda,houda.fassi860@gmail.com,1987-01-02,f,fes,0647733231,Oct 25 2023,email
C00606,Bensaid,Ahmed,ahmed.bensaid641@hotmail.com,1948-01-02,Homme,Marrakesh,0691339562,2021-03-04,influencer
C00607,Idrissi,Aisha,aisha.idrissi583@outlook.com,1927-01-02,F,tetouan,0618772554,2023-04-19,organic
C00608,Ziani,Hassan,hassan.ziani877@yahoo.fr,1976-01-02,1,Beni Mellal,0681530199,2023-06-12,referral
C00609,Naciri,Fatima,fatima.naciri657@gmail.com,1959-01-02,f,NADOR,0676514912,10/01/2022,organic
C00610,Idrissi,Mohammed,mohammed.idrissi941@menara.ma,1961-01-01,1,casablanca,0640283277,13/11/2023,organic
C00611,Fassi,Omar,omar.fassi338@hotmail.com,2008-01-02,male,el jadida,0689528133,Jul 06 2023,influencer
C00612,Drissi,Leila,leila.drissi485@yahoo.fr,1969-01-01,0,casablanca ,0622840710,04/07/2023,organic
C00613,Benali,Mohammed,mohammed.benali387@hotmail.com,1995-01-02,m,TANGER,0691971952,06/07/2023,organic
C00614,Benali,Mehdi,mehdi.benali302@menara.ma,1959-01-02,1,Eljadida,0693752957,22/01/2020,paid_search
C00615,Bensaid,Yasmine,yasmine.bensaid635@gmail.com,2008-01-02,F,Agdir,0635834405,2020-08-09,referral
C00616,Gharbi,Tariq,tariq.gharbi927@outlook.com,1966-01-02,male,Beni Mellal,0669676465,2021-01-15,influencer
C00617,El Mansouri,Mohammed,mohammed.el mansouri320@outlook.com,1966-01-02,Homme,errachidia,0629784909,2022-08-19,email
C00618,Alami,Sanaa,sanaa.alami531@outlook.com,1981-01-01,F,safi,0666648087,2021-12-05,social_media
C00619,Chaoui,Adil,adil.chaoui350@yahoo.fr,1952-01-02,h,SAFI,0692691963,05/09/2021,social_media
C00620,Benali,Rachid,rachid.benali508@yahoo.fr,1923-01-02,1,tetouan,0642080592,11/09/2022,influencer
C00621,Moussaoui,Soukaina,soukaina.moussaoui211@menara.ma,1965-01-01,f,agadir,0684449447,2020-08-23,paid_search
C00622,Ziani,Samir,samir.ziani935@hotmail.com,1986-01-02,Homme,Fès,0633392072,Nov 26 2021,social_media
C00623,Alami,Omar,omar.alami181@hotmail.com,1925-01-01,1,nador,0655417034,2021-03-06,social_media
C00624,Lahlou,Soukaina,soukaina.lahlou677@yahoo.fr,1932-01-02,f,CASA,0627554964,2021-01-23,paid_search
C00625,Bensaid,Sanaa,sanaa.bensaid440@yahoo.fr,1936-01-02,F,MARRAKECH,0653980546,2021-05-21,influencer
C00626,El Mansouri,Imane,imane.el mansouri872@outlook.com,1985-01-01,female,Eljadida,0692528662,2020-05-12,paid_search
C00627,Senhaji,Zineb,zineb.senhaji476@yahoo.fr,1923-01-02,female,MEKNES,0688005556,01/04/2022,influencer
C00628,Hajji,Omar,omar.hajji917@yahoo.fr,1984-01-02,Homme,ERRACHIDIA,0686688035,Nov 17 2020,email
C00629,Chaoui,Meryem,meryem.chaoui138@gmail.com,1982-01-02,f,Meknès,0693366096,19/11/2021,paid_search
C00630,Lahlou,Houda,houda.lahlou824@menara.ma,1989-01-01,0,marrakech,0658196637,2020-06-17,referral
C00631,Idrissi,Adil,adil.idrissi949@yahoo.fr,2007-01-02,h,agadir,0654190018,2021-05-27,influencer
C00632,Bensaid,Leila,leila.bensaid142@outlook,1975-01-02,female,Oujda ,0697954019,25/01/2020,referral
C00633,Moussaoui,Hicham,hicham.moussaoui234@yahoo.fr,1982-01-02,h,Eljadida,0672912993,Jan 19 2024,email
C00634,Gharbi,Karim,karim.gharbi440@menara.ma,1940-01-02,m,Rbat,0627226260,Sep 17 2021,organic
C00635,Filali,Soukaina,soukaina.filali855@hotmail.com,1924-01-02,F,Mrakech,0688779778,17/02/2020,organic
C00636,Karimi,Youssef,youssef.karimi582@outlook.com,1961-01-01,male,oujda,0681738111,2022-03-02,organic
C00637,Ouali,Khadija,khadija.ouali655@hotmail.com,1941-01-01,f,SAFI,0613602203,2021-01-17,paid_search
C00638,Hajji,Leila,leila.hajji299@outlook.com,1945-01-01,0,AGADIR,0662493261,Nov 17 2020,social_media
C00639,Chaoui,Zineb,zineb.chaoui399@yahoo.fr,1956-01-02,0,Tétouan,0651649604,2023-04-18,direct
C00640,Gharbi,Nadia,nadia.gharbi8@yahoo.fr,1934-01-02,F,Agdir,0675895351,31/07/2022,organic
C00641,Chraibi,Hassan,hassan.chraibi903@menara.ma,1973-01-01,male,safi,0665707438,2021-05-25,referral
C00642,Moussaoui,Zineb,zineb.moussaoui933@yahoo.fr,1922-01-02,0,errachidia,0646745629,10/07/2023,direct
C00643,Gharbi,Nabil,nabil.gharbi931@menara.ma,1996-01-02,Homme,el jadida,0677698729,18/04/2024,paid_search
C00644,Idrissi,Sara,sara.idrissi213@outlook.com,1930-01-02,female,Agdir,0663598753,2021-02-02,organic
C00645,El Mansouri,Aisha,aisha.el mansouri335@menara.ma,1941-01-01,female,RABAT,0647465789,2020-11-26,organic
C00646,Jamai,Youssef,youssef.jamai128@outlook.com,1926-01-02,m,RABAT,0658061622,2020-12-30,organic
C00647,Benali,Rachid,rachid.benali857@outlook.com,1998-01-02,male,meknes,0690289763,2020-01-10,paid_search
C00648,Hajji,Ayoub,ayoub.hajji384yahoo.fr,2010-01-02,Homme,nador,0639604115,16/07/2020,influencer
C00649,Fassi,Nabil,nabil.fassi46@menara.ma,1970-01-02,h,tetouan,0682706099,Mar 20 2022,organic
C00650,Drissi,Omar,omar.drissi366@hotmail.com,1971-01-02,m,Fez,0639540811,15/05/2020,email
C00651,Chaoui,Fatima,fatima.chaoui907@yahoo.fr,1948-01-02,F,Eljadida,0633012852,May 30 2021,referral
C00652,Moussaoui,Rim,rim.moussaoui695@yahoo.fr,1923-01-02,female,Casa,0612368781,May 31 2023,paid_search
C00653,Chraibi,Meryem,meryem.chraibi760@yahoo.fr,2010-01-02,f,tetouan,0651452961,29/04/2021,influencer
C00654,Chaoui,Tariq,tariq.chaoui62@yahoo.fr,1992-01-02,male,nador,0641952404,25/01/2024,paid_search
C00655,Idrissi,Sara,sara.idrissi326@gmail.com,1929-01-01,f,Fès,0656000229,2021-05-11,organic
C00656,Filali,Adil,adil.filali713@yahoo.fr,1970-01-02,1,nador,0618672730,2022-10-03,social_media
C00657,El Mansouri,Samir,samir.el mansouri961@yahoo.fr,1941-01-01,1,kenitra,0667208939,24/01/2024,social_media
C00658,Naciri,Omar,omar.naciri181@outlook.com,1954-01-02,1,SAFI,0620739561,2022-01-06,social_media
C00659,Naciri,Zineb,zineb.naciri518@outlook.com,1950-01-02,female,oujda,0650296396,03/05/2023,referral
C00660,Moussaoui,Hassan,hassan.moussaoui475@hotmail.com,1934-01-02,male,agadir,0672982807,2021-02-04,social_media
C00661,Senhaji,Mohammed,mohammed.senhaji748@hotmail.com,1961-01-01,Homme,MEKNES,0696040102,2023-04-19,organic
C00662,Ziani,Amine,amine.ziani167@yahoo.fr,1967-01-02,h,NADOR,0617744982,2023-08-26,paid_search
C00663,Rachidi,Omar,omar.rachidi36@hotmail.com,1922-01-02,1,TETOUAN,0629779316,2021-06-04,referral
C00664,Drissi,Mohammed,mohammed.drissi790@gmail.com,1961-01-01,h,kenitra,0666766698,Dec 05 2020,email
C00665,Tazi,Meryem,meryem.tazi675@menara.ma,2000-01-02,F,EL JADIDA,0629154679,04/07/2021,direct
C00666,Jamai,Hajar,hajar.jamai7yahoo.fr,1922-01-02,F,Oujda ,0648700374,10/02/2024,social_media
C00667,El Mansouri,Sara,sara.el mansouri203@menara.ma,1954-01-02,0,rabat,0617916438,2024-03-15,influencer
C00668,Naciri,Hassan,hassan.naciri452@outlook.com,2001-01-01,Homme,oujda,0647146394,2020-05-11,referral
C00669,Rachidi,Rachid,khadija.drissi8@outlook.com,2011-01-02,h,CASA,0680106555,2020-01-15,referral
C00670,Rachidi,Yasmine,yasmine.rachidi485@hotmail.com,1924-01-02,Femme,safi,0658480869,2023-09-24,referral
C00671,Karimi,Karim,imane.chraibi463@gmail.com,1994-01-02,m,Casa,0643358157,24/01/2022,direct
C00672,Naciri,Meryem,tariq.chaoui62@yahoo.fr,1970-01-02,Femme,safi,0653691252,20/10/2023,referral
C00673,Bensaid,Houda,houda.bensaid814@gmail.com,1951-01-02,female,MARRAKECH,0629214803,Dec 01 2022,influencer
C00674,Rachidi,Youssef,youssef.rachidi816@gmail.com,1941-01-01,male,ERRACHIDIA,0625526124,14/09/2022,social_media
C00675,Fassi,Omar,omar.fassi772@gmail.com,2008-01-02,1,ERRACHIDIA,0647628993,27/03/2021,direct
C00676,Filali,Yasmine,yasmine.filali127@yahoo.fr,1949-01-01,Femme,safi,0687305664,Apr 18 2024,organic
C00677,Moussaoui,Houda,houda.moussaoui670@outlook.com,1982-01-02,Femme,Casa,0621768256,2020-08-16,direct
C00678,Drissi,Nabil,nabil.drissi587@hotmail.com,1963-01-02,h,marrakech,0689196483,2023-01-01,paid_search
C00679,Lahlou,Sanaa,sanaa.lahlou817@yahoo.fr,1983-01-02,female,tanger ,0671821057,2021-10-09,email
C00680,Filali,Rachid,rachid.filali467@yahoo.fr,1926-01-02,m,AGADIR,0677428032,2023-11-11,influencer
C00681,Gharbi,Rim,rim.gharbi507@hotmail.com,1969-01-01,0,safi,0617055329,2024-05-08,paid_search
C00682,Filali,Nadia,nadia.filali935@yahoo.fr,1968-01-02,female,AGADIR,0662487600,27/05/2020,email
C00683,Gharbi,Hajar,hajar.gharbi718@outlook.com,1937-01-01,Femme,Meknès,0631970699,2023-03-28,direct
C00684,El Mansouri,Nadia,nadia.el mansouri215@yahoo.fr,1928-01-02,Femme,Beni Mellal,0623683207,21/10/2023,influencer
C00685,Naciri,Amine,amine.naciri696@yahoo.fr,1951-01-02,1,Casa,0689643778,Jun 07 2022,direct
C00686,Benali,Leila,leila.benali122@yahoo.fr,1935-01-02,female,Eljadida,0698384904,02/07/2020,influencer
C00687,Chraibi,Nadia,nadia.chraibi669@menara.ma,2001-01-01,female,nador,0613090599,16/04/2023,referral
C00688,Drissi,Nadia,nadia.drissi814@outlook.com,1929-01-01,Femme,tetouan,0623346779,2021-10-28,influencer
C00689,Alami,Amine,amine.alami404@outlook.com,1944-01-02,male,kénitra,0682340910,Jan 01 2024,direct
C00690,Gharbi,Adil,adil.gharbi989@gmail.com,1988-01-02,m,MEKNES,0626514861,2020-03-21,social_media
C00691,Tazi,Ahmed,ahmed.tazi263@gmail.com,1973-01-01,Homme,RABAT,0698336655,2020-01-01,organic
C00692,Tazi,Rim,rim.tazi456@yahoo.fr,1945-01-01,F,kénitra,0638164181,2023-11-09,influencer
C00693,Benali,Omar,omar.benali193@yahoo.fr,1994-01-02,h,Fès,0647231423,20/09/2020,paid_search
C00694,Idrissi,Mehdi,mehdi.idrissi267@menara.ma,1953-01-01,m,NADOR,0629225877,2023-01-02,direct
C00695,Chraibi,Rim,rim.chraibi198@hotmail.com,1946-01-02,0,oujda,0652461165,01/06/2024,organic
C00696,Idrissi,Ahmed,ahmed.idrissi128@outlook.com,2003-01-02,Homme,AGADIR,0646675397,Oct 26 2020,social_media
C00697,Drissi,Fatima,fatima.drissi387@yahoo.fr,1996-01-02,F,BENI MELLAL,0689031028,2022-09-29,email
C00698,Idrissi,Meryem,meryem.idrissi623@gmail.com,1962-01-02,Femme,Eljadida,0681361168,03/02/2023,influencer
C00699,Ziani,Zineb,fatima.rachidi603@gmail.com,1927-01-02,0,Oujda ,0645885781,Apr 18 2020,direct
C00700,Hajji,Hajar,hajar.hajji695@outlook.com,1955-01-02,female,KENITRA,0647020332,26/05/2022,direct
C00701,Chraibi,Hassan,hassan.chraibi879@gmail.com,1971-01-02,m,CASA,0622567290,04/12/2020,organic
C00702,Rachidi,Meryem,meryem.rachidi828@gmail.com,1946-01-02,female,Meknès,0681458772,2023-11-30,organic
C00703,Alami,Ayoub,ayoub.alami732@menara.ma,1980-01-02,h,tanger ,0670217057,11/12/2020,influencer
C00704,Chaoui,Youssef,youssef.chaoui376@yahoo.fr,1957-01-01,male,RABAT,0625197944,Nov 23 2021,social_media
C00705,Jamai,Hassan,invalide_sans_arobase,1939-01-02,male,ERRACHIDIA,0696298460,Nov 21 2022,organic
C00706,Bensaid,Yasmine,yasmine.bensaid869@menara.ma,1969-01-01,Femme,casablanca,0656938851,2024-01-19,email
C00707,Naciri,Ahmed,ahmed.naciri504@yahoo.fr,1992-01-02,male,ERRACHIDIA,0610927505,14/11/2020,email
C00708,Moussaoui,Rachid,rachid.moussaoui384@hotmail.com,1943-01-02,Homme,Meknès,0668969458,2020-11-27,direct
C00709,Lahlou,Fatima,fatima.lahlou905@yahoo.fr,1994-01-02,female,BENI MELLAL,0614242158,24/11/2020,paid_search
C00710,Naciri,Aisha,aisha.naciri501@outlook.com,1995-01-02,female,kénitra,0662190363,2020-09-26,organic
C00711,El Mansouri,Youssef,hassan.chraibi879@gmail.com,1925-01-01,Homme,Tétouan,0611077619,08/06/2022,email
C00712,Naciri,Aisha,aisha.naciri254@outlook.com,1980-01-02,f,SAFI,0643199341,Sep 26 2023,social_media
C00713,Drissi,Hajar,hajar.drissi718@outlook.com,1936-01-02,0,CASA,0663859314,2020-03-19,social_media
C00714,Alami,Amine,amine.alami632@yahoo.fr,1959-01-02,h,Beni Mellal,0641061693,2021-03-30,paid_search
C00715,Naciri,Mehdi,mehdi.naciri660@gmail.com,1976-01-02,Homme,Fès,0616382911,2021-01-07,organic
C00716,Jamai,Leila,leila.jamai484@hotmail.com,1988-01-02,female,AGADIR,0650850064,2020-08-16,organic
C00717,Lahlou,Karim,karim.lahlou760@hotmail.com,1934-01-02,Homme,NADOR,0638190192,2023-04-11,organic
C00718,Bensaid,Samir,samir.bensaid124@gmail.com,1928-01-02,1,BENI MELLAL,0623238889,Jun 02 2020,referral
C00719,Rachidi,Nadia,nadia.rachidi780@yahoo.fr,1995-01-02,female,kénitra,0643893399,Apr 04 2024,referral
C00720,Lahlou,Yasmine,yasmine.lahlou460@gmail.com,1958-01-02,F,el jadida,0632405653,2023-05-12,social_media
C00721,Ziani,Fatima,fatima.ziani63@yahoo.fr,1924-01-02,F,CASA,0668753131,17/03/2024,referral
C00722,Bensaid,Houda,houda.bensaid279@yahoo.fr,1984-01-02,f,ERRACHIDIA,0677621275,20/12/2023,email
C00723,Hajji,Imane,imane.hajji304@hotmail.com,2006-01-02,0,marrakech,0695847718,Oct 30 2020,email
C00724,Benali,Hassan,hassan.benali658@yahoo.fr,1997-01-01,m,NADOR,0653561957,Jun 19 2020,referral
C00725,El Mansouri,Hajar,hajar.el mansouri419@outlook.com,1931-01-02,Femme,Fès,0633721002,Jun 08 2021,referral
C00726,Moussaoui,Nabil,nabil.moussaoui969@hotmail.com,1941-01-01,1,Fès,0646076853,21/02/2021,influencer
C00727,Ouali,Sara,sara.ouali238@menara.ma,2000-01-02,0,meknes,0633637158,21/01/2021,direct
C00728,Jamai,Samir,samir.jamai22@hotmail.com,1961-01-01,h,CASA,0619670211,2022-05-23,direct
C00729,Senhaji,Aisha,aisha.senhaji141@gmail.com,2009-01-01,f,Eljadida,0615870689,2020-09-27,organic
C00730,Chraibi,Sara,sara.chraibi615gmail.com,1942-01-02,f,FES,0674481609,04/04/2024,paid_search
C00731,Karimi,Hassan,hassan.karimi491@yahoo.fr,1977-01-01,h,tanger,0623799637,2023-01-20,referral
C00732,Alami,Sara,houda.ziani424@yahoo.fr,1966-01-02,0,ERRACHIDIA,0625087236,2022-10-04,organic
C00733,Jamai,Ahmed,ahmed.jamai366@gmail.com,2001-01-01,m,rabat,0667529530,2022-12-22,social_media
C00734,Filali,Sara,sara.filali704@hotmail.com,1998-01-02,female,NADOR,0645621515,27/12/2023,influencer
C00735,El Mansouri,Hicham,hicham.el mansouri797@yahoo.fr,1950-01-02,m,TETOUAN,0647376435,2020-10-23,social_media
C00736,Moussaoui,Adil,adil.moussaoui362@hotmail.com,1959-01-02,h,Rbat,0643005229,23/02/2022,paid_search
C00737,Tazi,Meryem,meryem.tazi842@yahoo.fr,1958-01-02,F,Eljadida,0639438509,2023-12-10,email
C00738,Alami,Omar,omar.alami372@outlook.com,1997-01-01,m,agadir,0649553600,2022-07-31,influencer
C00739,Gharbi,Leila,leila.gharbi848@yahoo.fr,1922-01-02,female,beni mellal,0667003442,2022-01-31,organic
C00740,Bensaid,Rachid,rachid.bensaid892@yahoo.fr,2001-01-01,1,tanger ,0665900995,02/11/2020,paid_search
C00741,Senhaji,Nabil,nabil.senhaji716@hotmail.com,1955-01-02,m,CASA,0618053170,2023-08-08,influencer
C00742,Fassi,Mehdi,mehdi.fassi12@menara.ma,1953-01-01,h,ERRACHIDIA,0640509683,May 17 2022,email
C00743,Moussaoui,Mehdi,mehdi.moussaoui974@yahoo.fr,2004-01-02,1,Rbat,0685067208,May 24 2023,influencer
C00744,Karimi,Zineb,zineb.karimi669@menara.ma,1964-01-02,0,marrakech,0624012339,2020-06-08,influencer
C00745,Hajji,Fatima,fatima.hajji289@yahoo.fr,1935-01-02,Femme,FES,0695683115,2020-03-07,organic
C00746,Rachidi,Tariq,tariq.rachidi47@gmail.com,2010-01-02,Homme,Oujda ,0636156848,06/10/2021,direct
C00747,Filali,Sara,sara.filali100@hotmail.com,1999-01-02,0,tanger ,0661286168,03/09/2022,influencer
C00748,Fassi,Hassan,hassan.fassi156@menara.ma,1920-01-02,1,Eljadida,0697807942,15/10/2020,social_media
C00749,El Mansouri,Zineb,zineb.el mansouri348@hotmail.com,1956-01-02,female,FES,0691924787,2023-05-27,social_media
C00750,Alami,Aisha,aisha.alami147@hotmail.com,2000-01-02,f,MEKNES,0632779115,2021-08-28,email
C00751,Chaoui,Sanaa,sanaa.chaoui73@yahoo.fr,1951-01-02,female,nador,0626638464,10/03/2023,email
C00752,Naciri,Houda,houda.naciri878@outlook.com,1965-01-01,F,AGADIR,0621205911,29/10/2023,paid_search
C00753,Filali,Yasmine,yasmine.filali44@outlook.com,1980-01-02,f,rabat,0649011805,2022-02-08,paid_search
C00754,Moussaoui,Omar,omar.moussaoui896@menara.ma,1952-01-02,h,casablanca,0634195880,2024-02-07,paid_search
C00755,Moussaoui,Leila,leila.moussaoui337@gmail.com,1949-01-01,female,Casa,0671012513,19/03/2020,paid_search
C00756,Gharbi,Samir,samir.gharbi328@outlook.com,1963-01-02,m,EL JADIDA,0673539966,2021-03-13,influencer
C00757,Filali,Adil,adil.filali434@hotmail.com,1993-01-01,m,oujda,0650042087,29/12/2023,paid_search
C00758,Idrissi,Samir,samir.idrissi189@gmail.com,1968-01-02,Homme,Fès,0666250794,13/09/2022,direct
C00759,Naciri,Nabil,invalide_sans_arobase,1986-01-02,m,tetouan,0653450650,Sep 22 2023,direct
C00760,El Mansouri,Fatima,fatima.el mansouri919@menara.ma,1971-01-02,female,marrakech,0670473000,14/09/2020,direct
C00761,Gharbi,Mohammed,mohammed.gharbi764@yahoo.fr,1990-01-02,h,Fès,0638153923,Jan 26 2021,referral
C00762,Lahlou,Karim,karim.lahlou17@hotmail.com,1996-01-02,male,OUJDA,0657208264,Dec 22 2021,paid_search
C00763,Fassi,Aisha,aisha.fassi470@menara.ma,1991-01-02,female,OUJDA,0698530765,11/11/2023,direct
C00764,Bensaid,Hajar,hajar.bensaid961@gmail.com,1998-01-02,f,TETOUAN,0623915063,13/10/2022,referral
C00765,Ouali,Samir,samir.ouali516@outlook.com,1958-01-02,1,EL JADIDA,0684032876,2022-02-19,influencer
C00766,Lahlou,Aisha,aisha.lahlou991@menara.ma,1921-01-01,f,agadir,0678123659,2021-08-03,direct
C00767,Naciri,Nadia,zineb.naciri951@gmail.com,2008-01-02,Femme,SAFI,0654975010,Dec 15 2020,paid_search
C00768,Moussaoui,Mehdi,mehdi.moussaoui198@outlook.com,1938-01-02,male,NADOR,0633315937,Apr 05 2022,referral
C00769,Hajji,Amine,amine.hajji102@yahoo.fr,1961-01-01,Homme,RABAT,0637348550,2020-07-09,paid_search
C00770,Ziani,Samir,samir.ziani157@gmail.com,2001-01-01,h,TNG,0670895423,23/07/2023,email
C00771,Chraibi,Omar,omar.chraibi920@yahoo.fr,1980-01-02,male,nador,0646905154,Jun 18 2020,direct
C00772,Ziani,Samir,samir.ziani888@gmail.com,1996-01-02,m,Mrakech,0634243439,2020-07-09,influencer
C00773,Gharbi,Yasmine,yasmine.gharbi401@gmail.com,2002-01-02,f,Fez,0660365788,04/10/2021,paid_search
C00774,Jamai,Youssef,youssef.jamai11@yahoo.fr,2007-01-02,m,AGADIR,0692410355,13/05/2023,social_media
C00775,Drissi,Yasmine,ayoub.hajji379@hotmail.com,1992-01-02,Femme,CASA,0613959103,2021-11-01,organic
C00776,Idrissi,Hassan,hassan.idrissi494@yahoo.fr,1941-01-01,Homme,BENI MELLAL,0668527249,Nov 15 2022,social_media
C00777,Gharbi,Sara,sara.gharbi704@hotmail.com,1936-01-02,0,el jadida,0675475674,Jun 06 2022,paid_search
C00778,Karimi,Imane,imane.karimi638@gmail.com,1939-01-02,Femme,errachidia,0670317901,Dec 08 2020,referral
C00779,Naciri,Khadija,khadija.naciri301@outlook.com,1944-01-02,female,tanger,0634146337,22/10/2021,social_media
C00780,Chaoui,Leila,leila.chaoui221@hotmail.com,1996-01-02,Femme,beni mellal,0654140102,13/03/2021,influencer
C00781,Hajji,Yasmine,yasmine.hajji576@gmail.com,1944-01-02,f,KENITRA,0691591543,2023-10-06,direct
C00782,Naciri,Rim,rim.naciri326@hotmail.com,1948-01-02,f,Marrakesh,0626006675,11/09/2020,referral
C00783,Moussaoui,Khadija,zineb.rachidi219@menara.ma,1938-01-02,female,MARRAKECH,0664064349,Mar 16 2020,referral
C00784,Chraibi,Karim,karim.chraibi17@gmail.com,1958-01-02,Homme,AGADIR,0663733308,12/06/2020,email
C00785,Benali,Khadija,khadija.benali403@hotmail.com,1929-01-01,Femme,tetouan,0613930993,2021-04-03,organic
C00786,Karimi,Ahmed,ahmed.karimi883@menara.ma,1964-01-02,h,errachidia,0644854691,2024-05-26,organic
C00787,Idrissi,Aisha,aisha.idrissi338@outlook.com,1922-01-02,0,TETOUAN,0626092896,2020-09-15,social_media
C00788,Ouali,Rim,rim.ouali685@gmail.com,1950-01-02,Femme,Agdir,0674787744,2021-04-07,influencer
C00789,Chaoui,Hajar,hajar.chaoui362@outlook.com,1929-01-01,f,casablanca ,0618088890,2021-03-11,social_media
C00790,Moussaoui,Imane,imane.moussaoui193@menara.ma,1936-01-02,F,SAFI,0651852500,22/12/2023,social_media
C00791,El Mansouri,Ayoub,ayoub.el mansouri225@hotmail.com,1932-01-02,h,EL JADIDA,0635226688,2020-05-20,social_media
C00792,Ziani,Imane,imane.ziani664@gmail.com,1997-01-01,f,ERRACHIDIA,0635102710,2021-06-30,direct
C00793,Idrissi,Sanaa,sanaa.idrissi122@outlook.com,1992-01-02,F,Oujda ,0654793758,18/04/2020,email
C00794,Chraibi,Mohammed,mohammed.chraibi392@menara.ma,1989-01-01,h,kénitra,0676252048,28/11/2022,direct
C00795,Hajji,Samir,samir.hajji982@gmail.com,2007-01-02,h,fes,0681421511,2020-07-25,referral
C00796,Moussaoui,Houda,houda.moussaoui104@yahoo.fr,1977-01-01,0,rabat,0656658526,2023-07-28,referral
C00797,Alami,Hajar,hajar.alami97@yahoo.fr,1950-01-02,0,RABAT,0619322043,2020-12-07,paid_search
C00798,Filali,Mohammed,mohammed.filali486@menara.ma,1978-01-02,m,nador,0689726022,Dec 22 2021,referral
C00799,Hajji,Rachid,invalide_sans_arobase,1974-01-02,1,kenitra,0629674031,2024-05-06,email
C00800,Rachidi,Zineb,zineb.rachidi753@hotmail.com,1949-01-01,Femme,meknes,0657328711,08/09/2021,referral
C00801,Idrissi,Aisha,aisha.idrissi703@outlook.com,1959-01-02,0,AGADIR,0614147955,15/05/2021,direct
C00802,Gharbi,Sanaa,sanaa.gharbi763@gmail.com,1930-01-02,Femme,ERRACHIDIA,0680720244,2020-12-24,direct
C00803,Karimi,Yasmine,yasmine.karimi401@outlook.com,1972-01-02,f,Tétouan,0656073515,2023-06-08,influencer
C00804,Lahlou,Khadija,khadija.lahlou296@gmail.com,1924-01-02,female,nador,0680220858,16/08/2021,direct
C00805,Rachidi,Hassan,hassan.rachidi296gmail.com,1984-01-02,Homme,casablanca,0675547434,2021-09-18,email
C00806,Idrissi,Mohammed,mohammed.idrissi142@hotmail.com,1947-01-02,h,Casa,0629145387,2024-02-10,referral
C00807,Hajji,Hassan,hassan.hajji33@menara.ma,1925-01-01,male,oujda,0645065845,10/09/2021,social_media
C00808,Karimi,Rim,rim.karimi824@outlook.com,1979-01-02,female,kenitra,0650407893,2021-09-16,referral
C00809,Fassi,Meryem,meryem.fassi385@menara.ma,1923-01-02,F,ERRACHIDIA,0672864748,26/12/2021,paid_search
C00810,Alami,Zineb,ahmed.karimi883@menara.ma,1994-01-02,Femme,el jadida,0687889556,2022-11-14,referral
C00811,Moussaoui,Fatima,fatima.moussaoui129@menara.ma,1945-01-01,f,casablanca,0646262253,2023-08-23,referral
C00812,Jamai,Hicham,hicham.jamai580@menara.ma,1996-01-02,h,Beni Mellal,0617116259,2023-12-07,social_media
C00813,Hajji,Sara,sara.hajji917@yahoo.fr,2011-01-02,F,beni mellal,0625395963,2020-05-17,referral
C00814,Drissi,Mehdi,mehdi.drissi254@yahoo.fr,1947-01-02,male,tanger,0650255085,08/04/2022,social_media
C00815,Tazi,Hicham,hicham.tazi267@outlook.com,1933-01-01,m,Rbat,0612906871,2021-01-13,direct
C00816,Senhaji,Youssef,youssef.senhaji760@outlook.com,1974-01-02,m,MEKNES,0699617131,2021-07-17,direct
C00817,Naciri,Rachid,rachid.naciri834@menara.ma,1996-01-02,h,tanger ,0650635970,10/03/2020,direct
C00818,Lahlou,Fatima,fatima.lahlou986@yahoo.fr,1976-01-02,0,Agdir,0677539115,2021-03-07,direct
C00819,Chaoui,Meryem,meryem.chaoui179@yahoo.fr,1968-01-02,0,Mrakech,0662872219,May 19 2020,direct
C00820,Rachidi,Houda,houda.rachidi621@yahoo.fr,1927-01-02,Femme,Rbat,0653496826,Apr 20 2023,email
C00821,Benali,Aisha,aisha.benali31@yahoo.fr,1948-01-02,Femme,el jadida,0641758221,Aug 03 2020,social_media
C00822,Naciri,Soukaina,soukaina.naciri945@gmail.com,2007-01-02,female,EL JADIDA,0691407521,Jul 16 2023,social_media
C00823,Ouali,Aisha,aisha.ouali387@yahoo.fr,1986-01-02,Femme,MEKNES,0648398260,2021-04-06,social_media
C00824,Senhaji,Imane,imane.senhaji829@yahoo.fr,1926-01-02,0,TNG,0610702802,06/01/2022,referral
C00825,Fassi,Karim,karim.fassi699@outlook.com,1938-01-02,male,AGADIR,0693010827,Feb 18 2023,influencer
C00826,Naciri,Rachid,rachid.naciri641@menara.ma,1995-01-02,h,casablanca,0676936024,2021-04-17,referral
C00827,Hajji,Fatima,fatima.hajji842@hotmail.com,1921-01-01,f,safi,0648663966,02/06/2020,social_media
C00828,Bensaid,Houda,houda.bensaid59@outlook.com,1951-01-02,f,TANGER,0666560115,2021-06-18,influencer
C00829,Gharbi,Youssef,youssef.gharbi561@hotmail.com,2004-01-02,1,casablanca,0656418606,May 24 2020,referral
C00830,Tazi,Ayoub,ayoub.tazi491@yahoo.fr,2007-01-02,male,Fès,0667917038,2022-09-05,influencer
C00831,Benali,Mohammed,mohammed.benali27@yahoo.fr,1924-01-02,m,meknes,0661959009,2024-04-17,social_media
C00832,Naciri,Hajar,hajar.naciri563@yahoo.fr,1933-01-01,Femme,Fès,0668589370,2020-04-28,organic
C00833,Naciri,Omar,omar.naciri766@outlook.com,2010-01-02,1,casablanca,0627007519,2022-06-17,organic
C00834,Bensaid,Sanaa,sanaa.bensaid671@yahoo.fr,1961-01-01,f,nador,0620251264,May 27 2021,social_media
C00835,Lahlou,Hajar,hajar.lahlou920@yahoo.fr,1965-01-01,Femme,safi,0680711829,2021-07-01,referral
C00836,Lahlou,Mohammed,mohammed.lahlou923@menara.ma,1976-01-02,m,errachidia,0679926758,2021-04-17,referral
C00837,Lahlou,Ahmed,ahmed.lahlou743@yahoo.fr,1955-01-02,male,Tnja,0614530678,2021-07-07,paid_search
C00838,Chaoui,Imane,imane.chaoui62@hotmail.com,2009-01-01,female,meknes,0640124961,2021-02-25,direct
C00839,Benali,Meryem,meryem.benali677@hotmail.com,2008-01-02,Femme,ERRACHIDIA,0689317124,19/03/2021,email
C00840,Naciri,Imane,imane.naciri802@gmail.com,1925-01-01,F,MEKNES,0686853413,12/01/2024,referral
C00841,Moussaoui,Sara,invalide_sans_arobase,1976-01-02,0,Eljadida,0649704948,22/11/2021,organic
C00842,Idrissi,Sanaa,sanaa.idrissi676@hotmail.com,1934-01-02,f,Mrakech,0645502943,01/01/2021,organic
C00843,Ouali,Fatima,fatima.ouali38@hotmail.com,1984-01-02,f,tetouan,0647103909,03/06/2023,organic
C00844,Idrissi,Sara,sara.idrissi785@hotmail.com,1982-01-02,0,safi,0641228768,22/08/2020,social_media
C00845,Karimi,Khadija,khadija.karimi43@outlook.com,1920-01-02,Femme,TANGER,0682536810,2024-01-11,social_media
C00846,Chaoui,Aisha,aisha.chaoui520@menara.ma,1985-01-01,F,Agdir,0665830504,26/05/2020,email
C00847,Karimi,Mohammed,mohammed.karimi622@hotmail.com,1928-01-02,Homme,marrakech,0631516822,2022-01-24,social_media
C00848,Bensaid,Ahmed,ahmed.bensaid217@hotmail.com,1946-01-02,h,Fez,0688206824,07/03/2020,social_media
C00849,Chraibi,Soukaina,soukaina.chraibi81@gmail.com,1939-01-02,F,NADOR,0682338977,2024-02-10,referral
C00850,Rachidi,Tariq,tariq.rachidi676@outlook.com,1987-01-02,h,errachidia,0654115287,12/05/2021,email
C00851,Karimi,Rachid,rachid.karimi767@gmail.com,1959-01-02,Homme,Agdir,0677866314,Jun 05 2020,direct
C00852,Hajji,Khadija,khadija.hajji460@menara.ma,1995-01-02,0,EL JADIDA,0688484532,2023-09-25,email
C00853,Karimi,Sanaa,sanaa.karimi121@gmail.com,1993-01-01,female,nador,0634147877,2022-07-18,organic
C00854,Tazi,Nadia,nadia.tazi729@menara.ma,2007-01-02,f,beni mellal,0619799868,28/09/2020,referral
C00855,Naciri,Yasmine,yasmine.naciri363@yahoo.fr,1920-01-02,f,AGADIR,0689386833,31/05/2023,direct
C00856,Lahlou,Ahmed,ahmed.lahlou973@menara.ma,1956-01-02,Homme,beni mellal,0634622346,22/01/2024,influencer
C00857,Alami,Youssef,youssef.alami608@outlook.com,1963-01-02,Homme,Rbat,0688930879,Jul 26 2021,organic
C00858,Rachidi,Hassan,hassan.rachidi350@gmail.com,1937-01-01,h,Mrakech,0661548700,14/10/2021,social_media
C00859,Gharbi,Hicham,hicham.gharbi441@outlook.com,1971-01-02,m,MARRAKECH,0625911656,2021-08-12,paid_search
C00860,Fassi,Ayoub,ayoub.fassi296@hotmail.com,1982-01-02,Homme,CASA,0684110122,07/11/2022,organic
C00861,Tazi,Ayoub,sanaa.karimi121@gmail.com,1964-01-02,1,TETOUAN,0669703357,2022-12-02,paid_search
C00862,Drissi,Yasmine,yasmine.drissi734@gmail.com,1978-01-02,0,marrakech,0657475650,10/06/2020,social_media
C00863,Fassi,Karim,karim.fassi520@hotmail.com,1946-01-02,m,errachidia,0668166960,Jul 24 2020,influencer
C00864,Tazi,Leila,leila.tazi677@gmail.com,1980-01-02,F,oujda,0636263497,27/06/2021,paid_search
C00865,Rachidi,Nabil,nabil.rachidi290@yahoo.fr,1945-01-01,1,oujda,0675859451,16/02/2023,direct
C00866,Naciri,Mohammed,mohammed.naciri705@hotmail.com,1981-01-01,Homme,kénitra,0634167825,Sep 06 2021,email
C00867,Chraibi,Zineb,zineb.chraibi402@outlook.com,1999-01-02,f,ERRACHIDIA,0666316956,2022-07-04,direct
C00868,Fassi,Aisha,aisha.fassi476@hotmail.com,1961-01-01,female,SAFI,0690672745,23/04/2022,organic
C00869,Senhaji,Nadia,nadia.senhaji221@menara.ma,1978-01-02,female,OUJDA,0667069281,2022-03-27,organic
C00870,Hajji,Zineb,zineb.hajji348@gmail.com,1938-01-02,F,fes,0692316265,2023-06-04,referral
C00871,Alami,Nabil,nabil.alami822@menara.ma,1966-01-02,h,nador,0679611890,2021-03-07,social_media
C00872,Tazi,Hicham,hicham.tazi406@yahoo.fr,1964-01-02,Homme,FES,0611830849,Mar 14 2020,influencer
C00873,Moussaoui,Mehdi,mehdi.moussaoui811@menara.ma,2008-01-02,1,TANGER,0626595059,2024-05-24,paid_search
C00874,Idrissi,Hicham,hicham.idrissi883@gmail.com,1921-01-01,male,tanger ,0691184526,2020-11-06,referral
C00875,Bensaid,Leila,leila.bensaid880@hotmail.com,2009-01-01,Femme,meknes,0623378718,Jun 25 2021,referral
C00876,Jamai,Houda,houda.jamai440@gmail.com,1976-01-02,Femme,errachidia,0661325978,Feb 05 2020,direct
C00877,Tazi,Sanaa,sanaa.tazi732@gmail.com,2008-01-02,0,MEKNES,0673995860,2023-02-27,email
C00878,Chraibi,Sara,sara.chraibi86@gmail.com,1949-01-01,0,CASA,0664115926,Jun 16 2023,referral
C00879,Rachidi,Mohammed,mohammed.rachidi259@menara.ma,1992-01-02,m,Beni Mellal,0690360192,Apr 12 2022,email
C00880,Tazi,Adil,adil.tazi814@menara.ma,1928-01-02,1,Meknès,0674826670,19/11/2022,direct
C00881,Drissi,Ayoub,ayoub.drissi436@gmail.com,1991-01-02,h,rabat,0668733846,2020-08-20,paid_search
C00882,Chraibi,Sara,sara.chraibi823@outlook.com,1941-01-01,female,TANGER,0625781760,Jun 10 2022,direct
C00883,Karimi,Meryem,meryem.karimi630@hotmail.com,1974-01-02,0,Eljadida,0659828775,29/11/2022,paid_search
C00884,Karimi,Leila,leila.karimi950@yahoo.fr,1951-01-02,Femme,oujda,0630179511,2022-08-21,organic
C00885,Gharbi,Hajar,hajar.gharbi205@gmail.com,2004-01-02,female,tetouan,0618961986,18/12/2021,social_media
C00886,Alami,Rim,rim.alami951@yahoo.fr,1957-01-01,Femme,Agdir,0664125762,05/06/2021,direct
C00887,Ziani,Ahmed,ahmed.ziani157@gmail.com,1978-01-02,h,Rbat,0688828361,13/08/2023,email
C00888,Bensaid,Soukaina,soukaina.bensaid685menara.ma,1984-01-02,F,rabat,0632121549,Aug 31 2022,email
C00889,Benali,Ayoub,ayoub.benali141@outlook.com,1951-01-02,Homme,kenitra,0642315990,2023-02-21,influencer
C00890,Rachidi,Hajar,hajar.rachidi364@hotmail.com,2001-01-01,0,Rbat,0647277197,2023-12-27,paid_search
C00891,Idrissi,Zineb,zineb.idrissi702@gmail.com,1967-01-02,f,SAFI,0672555645,27/04/2024,direct
C00892,Bensaid,Leila,leila.bensaid574@yahoo.fr,2010-01-02,female,Agdir,0636157506,12/01/2020,email
C00893,Lahlou,Ayoub,ayoub.lahlou938@hotmail,2007-01-02,Homme,oujda,0643962179,15/07/2021,referral
C00894,Rachidi,Hicham,hicham.rachidi623@menara.ma,1929-01-01,h,TANGER,0613870432,Jun 09 2023,social_media
C00895,El Mansouri,Hicham,hicham.el mansouri85@menara.ma,1955-01-02,m,Casa,0636062717,03/09/2023,organic
C00896,Filali,Imane,imane.filali869@hotmail.com,1936-01-02,F,Tnja,0665885406,29/09/2023,organic
C00897,Senhaji,Hicham,hicham.senhaji152@hotmail.com,1976-01-02,h,Beni Mellal,0664928808,20/12/2020,influencer
C00898,Idrissi,Hassan,hassan.idrissi575@hotmail.com,1922-01-02,m,ERRACHIDIA,0621832897,Aug 26 2020,social_media
C00899,Karimi,Youssef,youssef.karimi606@gmail.com,1984-01-02,Homme,CASA,0651309843,26/10/2023,influencer
C00900,El Mansouri,Nabil,nabil.el mansouri318@gmail.com,1976-01-02,1,AGADIR,0640327888,2021-01-20,social_media
C00901,Idrissi,Hassan,hassan.idrissi715@menara.ma,1937-01-01,Homme,Eljadida,0680201607,Jul 09 2022,direct
C00902,Ziani,Mohammed,mohammed.ziani395@yahoo.fr,1922-01-02,male,NADOR,0637843059,01/12/2021,referral
C00903,Senhaji,Aisha,aisha.senhaji792@yahoo.fr,2007-01-02,F,nador,0673781582,13/10/2020,email
C00904,Moussaoui,Khadija,khadija.moussaoui675@outlook.com,1998-01-02,f,RABAT,0673819982,2021-11-16,organic
C00905,Lahlou,Ayoub,ayoub.lahlou314@yahoo.fr,2009-01-01,male,Meknès,0687304740,23/11/2023,paid_search
C00906,Hajji,Imane,imane.hajji259@hotmail.com,1960-01-02,f,errachidia,0678043121,08/08/2020,influencer
C00907,Moussaoui,Khadija,khadija.moussaoui608@gmail.com,1973-01-01,F,FES,0627433651,2023-09-20,organic
C00908,El Mansouri,Hassan,hassan.el mansouri821@hotmail.com,2011-01-02,1,errachidia,0650437430,2021-09-21,social_media
C00909,Chaoui,Amine,amine.chaoui742@yahoo.fr,1964-01-02,m,RABAT,0623410159,22/08/2022,paid_search
C00910,Rachidi,Ayoub,ayoub.rachidi685@menara.ma,1999-01-02,male,agadir,0663671462,2024-05-02,email
C00911,Moussaoui,Khadija,khadija.moussaoui547@gmail.com,1936-01-02,0,errachidia,0641562316,2022-01-25,referral
C00912,Bensaid,Tariq,tariq.bensaid770@menara.ma,1994-01-02,male,TNG,0650525421,2022-06-10,paid_search
C00913,El Mansouri,Amine,amine.el mansouri292@hotmail.com,2007-01-02,Homme,rabat,0663447665,29/10/2023,organic
C00914,Chaoui,Soukaina,soukaina.chaoui355@gmail.com,2010-01-02,Femme,Rbat,0678044419,25/02/2022,organic
C00915,Filali,Rim,rim.filali412@menara.ma,1978-01-02,F,EL JADIDA,0677385565,02/02/2022,direct
C00916,Tazi,Imane,imane.tazi996@hotmail.com,1957-01-01,female,safi,0630184631,2020-01-15,direct
C00917,Senhaji,Leila,leila.senhaji833@outlook.com,2005-01-01,Femme,tanger,0675715873,2022-07-31,referral
C00918,Naciri,Nadia,nadia.naciri346@hotmail.com,1977-01-01,Femme,AGADIR,0612351359,2022-07-03,direct
C00919,Drissi,Tariq,tariq.drissi366@gmail.com,1989-01-01,m,CASA,0629413831,20/07/2023,email
C00920,Bensaid,Zineb,zineb.bensaid250@outlook.com,1970-01-02,f,Rbat,0695606010,2020-07-26,direct
C00921,Chraibi,Karim,karim.chraibi768@hotmail.com,1979-01-02,m,CASA,0686624246,Jun 18 2021,referral
C00922,Benali,Nabil,nabil.benali384@outlook.com,1956-01-02,Homme,marrakech,0691151067,Mar 27 2022,direct
C00923,Alami,Nadia,zineb.naciri951@gmail.com,1976-01-02,female,Tétouan,0652702631,2020-07-17,organic
C00924,Chaoui,Leila,leila.chaoui627@hotmail.com,1953-01-01,female,NADOR,0682673252,07/03/2022,referral
C00925,Karimi,Karim,karim.karimi328@hotmail.com,1948-01-02,1,beni mellal,0662353135,07/06/2021,direct
C00926,Rachidi,Samir,samir.rachidi575@hotmail.com,1944-01-02,Homme,Mrakech,0670599194,13/10/2023,social_media
C00927,Lahlou,Tariq,tariq.lahlou579@menara.ma,1975-01-02,h,Fez,0682154472,2020-09-26,influencer
C00928,Moussaoui,Ahmed,ahmed.moussaoui224@yahoo.fr,1989-01-01,1,KENITRA,0657247944,2024-03-18,referral
C00929,Lahlou,Sanaa,sanaa.lahlou646@gmail.com,1930-01-02,F,kénitra,0662636618,Apr 06 2021,paid_search
C00930,Ouali,Nadia,nadia.ouali161@yahoo.fr,1952-01-02,f,Oujda ,0697658167,May 06 2022,paid_search
C00931,Alami,Samir,samir.alami634@yahoo.fr,2001-01-01,h,BENI MELLAL,0613064676,27/10/2021,social_media
C00932,Chaoui,Rim,tariq.gharbi927@outlook.com,1928-01-02,F,kenitra,0631659959,2022-07-26,influencer
C00933,Rachidi,Youssef,youssef.rachidi960@yahoo.fr,2008-01-02,1,MEKNES,0642889647,01/11/2023,social_media
C00934,Senhaji,Rachid,rachid.senhaji657@gmail.com,1991-01-02,1,beni mellal,0610923862,2024-03-13,direct
C00935,Senhaji,Imane,imane.senhaji482@menara.ma,1978-01-02,f,Beni Mellal,0696850860,29/12/2022,paid_search
C00936,Benali,Imane,imane.benali300@menara.ma,2006-01-02,female,Beni Mellal,0694458947,23/08/2023,influencer
C00937,El Mansouri,Ahmed,ahmed.el mansouri868@hotmail.com,1997-01-01,1,Oujda ,0655611831,Oct 17 2020,influencer
C00938,Idrissi,Leila,leila.idrissi100@hotmail.com,1921-01-01,0,EL JADIDA,0655961908,27/08/2021,email
C00939,Idrissi,Hajar,hajar.idrissi582@hotmail.com,1993-01-01,Femme,TNG,0659774794,2023-02-28,email
C00940,Fassi,Hajar,hajar.fassi582@hotmail.com,1974-01-02,0,Rbat,0649236254,2022-02-25,social_media
C00941,Gharbi,Hicham,hicham.gharbi598@hotmail,1946-01-02,h,Meknès,0632872059,05/12/2021,referral
C00942,Lahlou,Meryem,meryem.lahlou388@menara.ma,1950-01-02,female,ERRACHIDIA,0611910266,Oct 01 2023,email
C00943,Gharbi,Hassan,hassan.gharbi230@yahoo.fr,1996-01-02,1,MEKNES,0686424646,Jul 31 2023,influencer
C00944,Gharbi,Nabil,nabil.gharbi373@gmail.com,1969-01-01,h,marrakech,0617512810,03/07/2022,social_media
C00945,Fassi,Hassan,hassan.fassi707@yahoo.fr,1989-01-01,m,Mrakech,0622262023,2024-03-01,influencer
C00946,El Mansouri,Ayoub,ayoub.el mansouri536@hotmail.com,1937-01-01,h,meknes,0682066013,2024-05-19,influencer
C00947,Rachidi,Omar,omar.rachidi120@menara.ma,1942-01-02,h,TETOUAN,0650260078,2023-03-11,paid_search
C00948,Ouali,Nabil,nabil.ouali797@yahoo.fr,1953-01-01,m,EL JADIDA,0690712387,08/07/2021,social_media
C00949,Rachidi,Meryem,meryem.rachidi527@hotmail.com,1943-01-02,Femme,Mrakech,0694009791,2022-06-20,influencer
C00950,Alami,Rachid,rachid.alami327@outlook.com,2003-01-02,male,casablanca ,0655960407,30/07/2023,influencer
C00951,Drissi,Omar,omar.drissi782@yahoo.fr,1971-01-02,h,Casa,0691809287,06/03/2021,social_media
C00952,Gharbi,Sara,sara.gharbi785@menara.ma,1933-01-01,Femme,KENITRA,0697710027,04/05/2023,influencer
C00953,Idrissi,Leila,leila.idrissi484@hotmail.com,1966-01-02,female,Marrakesh,0685603021,16/03/2022,organic
C00954,Naciri,Fatima,fatima.naciri363@yahoo.fr,2009-01-01,0,NADOR,0649566968,2022-02-03,paid_search
C00955,Tazi,Sanaa,sanaa.tazi574@yahoo.fr,1955-01-02,f,CASA,0631530932,28/10/2021,direct
C00956,Filali,Fatima,fatima.filali400@menara.ma,1936-01-02,f,casablanca,0695849506,2021-12-02,email
C00957,Jamai,Yasmine,yasmine.jamai114@menara.ma,1970-01-02,0,safi,0689162732,04/09/2021,referral
C00958,Hajji,Rachid,rachid.hajji336@outlook.com,1940-01-02,h,beni mellal,0628853237,30/04/2024,influencer
C00959,Lahlou,Imane,imane.lahlou927@menara.ma,1970-01-02,0,MEKNES,0654696127,11/02/2021,direct
C00960,Bensaid,Nadia,nadia.bensaid766@gmail.com,1957-01-01,female,el jadida,0680920296,May 03 2020,referral
C00961,Ziani,Fatima,fatima.ziani448@gmail.com,1970-01-02,female,Mrakech,0695144216,17/05/2020,referral
C00962,Drissi,Mehdi,mehdi.drissi545@yahoo.fr,2000-01-02,h,Tétouan,0635620480,2024-03-19,direct
C00963,Idrissi,Imane,imane.idrissi477@menara.ma,1992-01-02,f,Rbat,0687205227,26/11/2021,influencer
C00964,Alami,Yasmine,yasmine.alami412@outlook.com,1962-01-02,f,Fès,0667331055,2020-11-04,social_media
C00965,Ouali,Meryem,meryem.ouali670@yahoo.fr,1966-01-02,0,FES,0637668202,2021-09-23,organic
C00966,El Mansouri,Adil,adil.el mansouri554@hotmail.com,1971-01-02,1,Fès,0631916266,May 18 2022,social_media
C00967,Lahlou,Adil,adil.lahlou28@yahoo.fr,1996-01-02,male,Meknès,0637995717,2022-02-18,paid_search
C00968,Gharbi,Leila,leila.gharbi790@menara.ma,1989-01-01,F,Beni Mellal,0626334801,29/11/2020,organic
C00969,Bensaid,Hajar,hajar.bensaid367@hotmail.com,2000-01-02,Femme,MEKNES,0678281290,Aug 17 2020,organic
C00970,Naciri,Amine,amine.naciri410@gmail.com,2003-01-02,male,fes,0697299591,Aug 11 2023,paid_search
C00971,Chraibi,Hassan,hassan.chraibi919@hotmail.com,1989-01-01,h,Rbat,0630905527,14/10/2020,influencer
C00972,Bensaid,Mohammed,mohammed.bensaid822@yahoo.fr,1964-01-02,h,safi,0666269326,2020-12-19,referral
C00973,Filali,Nabil,nabil.filali186@hotmail.com,1991-01-02,m,Fès,0664177562,2023-07-04,influencer
C00974,Karimi,Khadija,khadija.karimi30@gmail.com,2007-01-02,female,tanger ,0660605018,10/04/2024,referral
C00975,Drissi,Youssef,youssef.drissi16@hotmail.com,2003-01-02,m,MEKNES,0682038305,2022-06-20,referral
C00976,Rachidi,Hassan,hassan.rachidi481@hotmail.com,1965-01-01,h,MEKNES,0686670472,2021-02-05,referral
C00977,El Mansouri,Adil,adil.el mansouri231@gmail.com,1975-01-02,h,FES,0643644452,13/01/2021,email
C00978,Ouali,Hajar,hajar.ouali685@outlook.com,1977-01-01,Femme,OUJDA,0698745007,24/10/2020,influencer
C00979,Moussaoui,Nabil,nabil.moussaoui648@gmail.com,2010-01-02,1,safi,0631727864,2022-03-23,referral
C00980,Lahlou,Zineb,zineb.lahlou193@outlook.com,1953-01-01,Femme,KENITRA,0625813415,2024-03-05,influencer
C00981,Fassi,Sanaa,sanaa.fassi262@hotmail.com,1941-01-01,f,NADOR,0679668788,2021-06-22,email
C00982,Alami,Rim,rim.alami988@outlook.com,1953-01-01,f,kénitra,0649689985,Sep 15 2020,email
C00983,Tazi,Houda,houda.tazi963@gmail.com,1988-01-02,F,FES,0639777154,2024-05-08,direct
C00984,Bensaid,Meryem,meryem.bensaid799@yahoo.fr,2005-01-01,Femme,kenitra,0681252175,2020-12-07,organic
C00985,Chraibi,Samir,samir.chraibi880@outlook.com,1920-01-02,1,TETOUAN,0637138304,2021-07-24,paid_search
C00986,Senhaji,Houda,houda.senhaji996@menara.ma,1994-01-02,f,Casa,0684592492,2023-09-30,direct
C00987,Naciri,Mohammed,mohammed.naciri144@yahoo.fr,1980-01-02,male,NADOR,0662479086,2023-04-26,influencer
C00988,Hajji,Aisha,aisha.hajji987@hotmail.com,1937-01-01,0,meknes,0646972997,2024-04-06,direct
C00989,Jamai,Mehdi,mehdi.jamai537@gmail.com,1982-01-02,male,safi,0682646617,01/03/2024,social_media
C00990,Karimi,Ayoub,ayoub.karimi897@hotmail.com,1979-01-02,m,Oujda ,0632609782,24/12/2023,influencer
C00991,Jamai,Soukaina,soukaina.jamai231@outlook.com,1934-01-02,Femme,Fez,0668046122,2022-05-13,organic
C00992,Idrissi,Imane,imane.idrissi927@hotmail.com,1926-01-02,Femme,casablanca,0623573570,Dec 31 2023,social_media
C00993,Ziani,Leila,leila.ziani445@hotmail.com,1921-01-01,F,Tétouan,0660442020,27/05/2023,direct
C00994,Bensaid,Fatima,fatima.bensaid111@outlook.com,1999-01-02,f,CASA,0658412445,03/04/2023,referral
C00995,Moussaoui,Imane,imane.moussaoui736@gmail.com,1953-01-01,F,Tnja,0694304617,04/03/2024,direct
C00996,Ziani,Omar,omar.ziani186@gmail.com,1974-01-02,male,BENI MELLAL,0644026103,Jan 04 2022,email
C00997,Idrissi,Leila,leila.idrissi457@gmail.com,1930-01-02,0,Fès,0663864375,2024-03-22,influencer
C00998,Rachidi,Hicham,hicham.rachidi878@gmail.com,1982-01-02,Homme,casablanca,0695825759,2022-04-11,paid_search
C00999,Moussaoui,Adil,adil.moussaoui208@hotmail.com,1968-01-02,male,el jadida,0632621484,2021-10-23,social_media
C01000,Senhaji,Yasmine,yasmine.senhaji718@outlook.com,1989-01-01,F,beni mellal,0636658273,2020-07-10,referral
C01001,Idrissi,Imane,imane.idrissi150@hotmail.com,1962-01-02,Femme,Tétouan,0621034254,Oct 25 2021,paid_search
C01002,Tazi,Omar,fatima.rachidi880@outlook.com,1983-01-02,1,Meknès,0638986747,2020-10-24,social_media
C01003,Bensaid,Hicham,hicham.bensaid495@menara.ma,1939-01-02,1,Rbat,0687966489,29/03/2022,paid_search
C01004,Lahlou,Hajar,hajar.lahlou823@hotmail.com,1981-01-01,F,agadir,0628051318,Oct 20 2021,direct
C01005,Tazi,Adil,adil.tazi593@yahoo.fr,1947-01-02,male,agadir,0691079800,11/04/2021,direct
C01006,Idrissi,Rachid,rachid.idrissi589@gmail.com,1936-01-02,male,rabat,0685156388,07/07/2022,organic
C01007,El Mansouri,Zineb,zineb.el mansouri66@hotmail.com,1939-01-02,f,Beni Mellal,0675875378,01/06/2022,social_media
C01008,Filali,Leila,leila.filali463@hotmail.com,1969-01-01,F,Eljadida,0664645674,22/10/2020,direct
C01009,Alami,Imane,imane.alami995@outlook.com,1936-01-02,f,tetouan,0681104791,27/04/2022,direct
C01010,Bensaid,Omar,omar.bensaid793@yahoo.fr,1948-01-02,m,casablanca,0664164273,21/03/2023,direct
C01011,Naciri,Soukaina,soukaina.naciri391@menara.ma,1999-01-02,Femme,Rbat,0667762060,31/05/2021,social_media
C01012,Gharbi,Houda,houda.gharbi233@hotmail.com,1968-01-02,f,KENITRA,0612738143,2023-05-26,referral
C01013,Lahlou,Samir,imane.alami995@outlook.com,2011-01-02,Homme,marrakech,0686246226,2023-02-27,organic
C01014,Chraibi,Omar,omar.chraibi636@menara.ma,1967-01-02,m,TETOUAN,0687038964,Dec 28 2020,direct
C01015,El Mansouri,Mehdi,mehdi.el mansouri834@menara.ma,1943-01-02,m,ERRACHIDIA,0624465305,15/12/2021,referral
C01016,Drissi,Ayoub,ayoub.drissi510@yahoo.fr,1968-01-02,male,SAFI,0670120895,26/08/2020,organic
C01017,Lahlou,Leila,leila.lahlou145@yahoo.fr,1960-01-02,Femme,Tnja,0698538069,20/12/2023,referral
C01018,Senhaji,Hicham,hicham.senhaji94@hotmail.com,1922-01-02,h,Oujda ,0696328642,2021-02-15,social_media
C01019,Gharbi,Soukaina,soukaina.gharbi300@menara.ma,1949-01-01,female,Casa,0685330101,18/09/2022,email
C01020,Jamai,Soukaina,soukaina.jamai790@gmail.com,2000-01-02,F,Beni Mellal,0682851642,21/12/2020,direct
C01021,Alami,Mehdi,mehdi.alami49@hotmail.com,1943-01-02,m,Beni Mellal,0680328000,31/12/2020,direct
C01022,Gharbi,Ayoub,ayoub.gharbi102@menara.ma,1920-01-02,Homme,beni mellal,0676474713,27/02/2021,referral
C01023,Moussaoui,Mohammed,mohammed.moussaoui211gmail.com,1927-01-02,Homme,oujda,0659899973,2022-04-03,social_media
C01024,Filali,Tariq,tariq.filali265@menara.ma,1931-01-02,Homme,ERRACHIDIA,0664922351,2023-11-14,influencer
C01025,Idrissi,Houda,houda.idrissi863@yahoo.fr,1935-01-02,female,Tnja,0627299087,19/09/2023,organic
C01026,Fassi,Ahmed,ahmed.fassi924@menara.ma,1990-01-02,Homme,Mrakech,0648212434,2023-03-13,influencer
C01027,Gharbi,Amine,amine.gharbi974@gmail.com,1995-01-02,h,MEKNES,0624675889,2020-08-16,influencer
C01028,Chaoui,Sara,sara.chaoui781@gmail.com,1955-01-02,female,tetouan,0698969812,28/10/2022,social_media
C01029,Karimi,Nabil,samir.lahlou457@yahoo.fr,1979-01-02,1,meknes,0696454359,2020-04-25,social_media
C01030,Chaoui,Meryem,meryem.chaoui231@yahoo.fr,1955-01-02,female,CASA,0690753445,2022-12-18,social_media
C01031,Karimi,Mehdi,mehdi.karimi59@gmail.com,1943-01-02,m,beni mellal,0653171972,2022-01-28,organic
C01032,Moussaoui,Mohammed,mohammed.moussaoui4@outlook.com,1939-01-02,m,Eljadida,0614723822,28/02/2023,organic
C01033,Ziani,Yasmine,yasmine.ziani661@menara.ma,1954-01-02,female,TETOUAN,0656324745,27/07/2023,social_media
C01034,Lahlou,Meryem,meryem.lahlou230@yahoo.fr,1962-01-02,0,Agdir,0612810133,Jun 03 2022,social_media
C01035,Naciri,Rachid,rachid.naciri728@outlook.com,1995-01-02,Homme,OUJDA,0666066184,01/08/2022,paid_search
C01036,Lahlou,Zineb,zineb.lahlou346@hotmail.com,1944-01-02,0,FES,0686287557,Feb 02 2021,direct
C01037,Ouali,Yasmine,yasmine.ouali562@menara.ma,1961-01-01,female,casablanca ,0650308304,May 05 2024,paid_search
C01038,Gharbi,Omar,omar.gharbi346@outlook.com,1945-01-01,male,meknes,0637709690,01/03/2022,social_media
C01039,Filali,Hajar,hajar.filali577@yahoo.fr,1986-01-02,female,AGADIR,0642977091,2024-02-21,paid_search
C01040,Bensaid,Khadija,khadija.bensaid544@gmail.com,2001-01-01,f,errachidia,0654494335,2020-07-03,email
C01041,El Mansouri,Nabil,nabil.el mansouri981@yahoo.fr,1932-01-02,Homme,ERRACHIDIA,0673765142,24/11/2021,email
C01042,Tazi,Aisha,aisha.tazi164@yahoo.fr,1932-01-02,0,kénitra,0694380335,19/08/2022,email
C01043,Filali,Ahmed,ahmed.filali969@yahoo.fr,2006-01-02,1,MEKNES,0674005756,15/12/2020,referral
C01044,Ouali,Yasmine,yasmine.ouali599@outlook.com,1949-01-01,Femme,ERRACHIDIA,0621409917,2022-01-27,social_media
C01045,Moussaoui,Rim,rim.moussaoui939@yahoo.fr,1926-01-02,Femme,marrakech,0657608618,May 19 2023,paid_search
C01046,Ziani,Tariq,tariq.ziani428@yahoo.fr,1946-01-02,Homme,errachidia,0675714214,Oct 14 2021,organic
C01047,Jamai,Nabil,nabil.jamai270@menara.ma,1977-01-01,male,Agdir,0614210921,Sep 24 2020,referral
C01048,Ziani,Nabil,nabil.ziani20@hotmail.com,1963-01-02,male,Beni Mellal,0646276862,2023-11-28,email
C01049,Karimi,Houda,houda.karimi136@hotmail.com,1949-01-01,Femme,casablanca ,0621381032,Sep 26 2023,influencer
C01050,El Mansouri,Mohammed,mohammed.el mansouri826@gmail.com,2003-01-02,1,el jadida,0621728894,2020-06-03,organic
C01051,Bensaid,Imane,imane.bensaid73@yahoo.fr,1953-01-01,f,tetouan,0617538528,2023-12-13,direct
C01052,Chaoui,Youssef,samir.lahlou999@hotmail.com,1920-01-02,m,Agdir,0681045937,29/01/2021,social_media
C01053,Fassi,Khadija,khadija.fassi481@hotmail.com,2004-01-02,0,kenitra,0620678134,Dec 26 2020,email
C01054,Tazi,Ayoub,ayoub.tazi590@yahoo.fr,2002-01-02,1,SAFI,0640563463,2020-11-28,influencer
C01055,Naciri,Khadija,khadija.naciri519@hotmail.com,1967-01-02,F,TANGER,0647775463,2024-03-24,organic
C01056,Lahlou,Rachid,rachid.lahlou925@gmail.com,2001-01-01,male,Beni Mellal,0621842256,14/10/2021,email
C01057,Idrissi,Tariq,tariq.idrissi745@hotmail.com,1950-01-02,Homme,Marrakesh,0652073858,Jan 23 2023,social_media
C01058,Fassi,Tariq,tariq.fassi44@hotmail.com,1970-01-02,male,SAFI,0670690090,2020-11-08,influencer
C01059,Alami,Houda,houda.alami895@yahoo.fr,1931-01-02,female,agadir,0668301666,Sep 17 2023,social_media
C01060,Drissi,Omar,omar.drissi17@menara.ma,1986-01-02,m,oujda,0650738050,2023-01-30,social_media
C01061,Rachidi,Khadija,khadija.rachidi444@menara.ma,1926-01-02,Femme,casablanca,0653390242,16/12/2023,email
C01062,Senhaji,Omar,omar.senhaji966@menara.ma,2010-01-02,Homme,Agdir,0651689626,01/11/2023,referral
C01063,El Mansouri,Tariq,tariq.el mansouri543@hotmail.com,1923-01-02,1,TETOUAN,0618472493,06/02/2020,paid_search
C01064,Karimi,Omar,omar.karimi705@yahoo.fr,1930-01-02,male,KENITRA,0687473129,09/11/2021,social_media
C01065,Chraibi,Soukaina,soukaina.chraibi587@yahoo.fr,1980-01-02,F,meknes,0652071895,Nov 12 2022,paid_search
C01066,Karimi,Tariq,tariq.karimi84@outlook.com,1977-01-01,m,oujda,0647072327,2023-12-28,influencer
C01067,Hajji,Rachid,rachid.hajji229@gmail.com,1950-01-02,h,EL JADIDA,0652954460,Sep 19 2022,referral
C01068,Chraibi,Hicham,hicham.chraibi193@outlook.com,2004-01-02,1,Eljadida,0647910637,23/05/2021,paid_search
C01069,Idrissi,Hassan,hassan.idrissi210@yahoo.fr,1929-01-01,male,AGADIR,0629812515,03/07/2022,referral
C01070,Ouali,Tariq,tariq.ouali777@hotmail.com,1976-01-02,1,MEKNES,0631864214,2023-04-16,organic
C01071,Karimi,Mohammed,mohammed.karimi566@menara.ma,1963-01-02,h,NADOR,0696748718,2021-10-25,email
C01072,Jamai,Samir,samir.jamai332@outlook.com,1946-01-02,m,meknes,0619112666,2020-10-13,referral
C01073,Hajji,Nabil,nabil.hajji95@hotmail.com,1959-01-02,Homme,MEKNES,0683163611,07/05/2020,direct
C01074,El Mansouri,Hajar,hajar.el mansouri562@gmail.com,1997-01-01,0,fes,0696538031,31/10/2023,organic
C01075,Benali,Rachid,rachid.benali44@yahoo.fr,1994-01-02,h,AGADIR,0695138411,2023-10-04,referral
C01076,Alami,Zineb,zineb.alami686@menara.ma,1936-01-02,0,Fez,0610959975,16/12/2021,referral
C01077,Fassi,Meryem,invalide_sans_arobase,1932-01-02,Femme,KENITRA,0678569102,2022-03-06,social_media
C01078,Gharbi,Sanaa,sanaa.gharbi335@hotmail.com,1954-01-02,female,Tétouan,0678693318,25/04/2024,social_media
C01079,Moussaoui,Mohammed,mohammed.moussaoui824@gmail.com,1986-01-02,h,safi,0689625763,2021-09-13,organic
C01080,Idrissi,Tariq,meryem.rachidi258@gmail.com,1988-01-02,Homme,Meknès,0662153213,2024-01-14,paid_search
C01081,Rachidi,Ayoub,ayoub.rachidi492@outlook.com,1926-01-02,1,tetouan,0610036337,04/03/2020,influencer
C01082,Alami,Hassan,hassan.alami311@menara.ma,1991-01-02,m,agadir,0696674066,Jan 25 2021,direct
C01083,Idrissi,Aisha,aisha.idrissi428@gmail.com,1996-01-02,0,Marrakesh,0637469800,Sep 03 2020,direct
C01084,Rachidi,Ayoub,ayoub.rachidi179@gmail.com,1953-01-01,h,Mrakech,0613027810,10/12/2023,organic
C01085,Chaoui,Omar,soukaina.gharbi300@menara.ma,1952-01-02,male,tanger ,0615910104,2023-09-06,influencer
C01086,Jamai,Hajar,hajar.jamai737@menara.ma,1926-01-02,0,Fez,0610261534,2023-08-24,referral
C01087,Rachidi,Meryem,meryem.rachidi811@yahoo.fr,1975-01-02,f,TETOUAN,0671237842,25/08/2022,email
C01088,Tazi,Hajar,hajar.tazi554@yahoo.fr,1959-01-02,F,OUJDA,0672744663,12/12/2021,social_media
C01089,Tazi,Rim,rim.tazi418@hotmail.com,1979-01-02,Femme,ERRACHIDIA,0696632730,13/08/2022,referral
C01090,Benali,Ayoub,ayoub.benali352@outlook.com,1993-01-01,h,kénitra,0631398059,2023-03-20,influencer
C01091,Moussaoui,Hicham,hicham.moussaoui84@menara.ma,1942-01-02,m,casablanca,0644187558,01/02/2023,social_media
C01092,Karimi,Samir,samir.karimi501@gmail.com,1964-01-02,h,kénitra,0662720687,24/03/2021,direct
C01093,Drissi,Hajar,hajar.drissi232@menara.ma,1987-01-02,F,el jadida,0676465010,Oct 22 2020,direct
C01094,Moussaoui,Leila,leila.moussaoui311@yahoo.fr,1987-01-02,f,TANGER,0626250483,2021-02-28,influencer
C01095,Idrissi,Ahmed,ahmed.idrissi464@gmail.com,1960-01-02,m,Mrakech,0662042563,2022-02-06,paid_search
C01096,Bensaid,Rim,rim.bensaid608@gmail.com,1948-01-02,Femme,TANGER,0673565178,24/02/2022,influencer
C01097,Ziani,Amine,amine.ziani636@hotmail.com,2008-01-02,male,meknes,0673736212,31/05/2021,organic
C01098,Chraibi,Nabil,nabil.chraibi945@gmail.com,1981-01-01,h,TANGER,0651582474,05/02/2023,influencer
C01099,Bensaid,Leila,imane.idrissi533@menara.ma,1925-01-01,F,meknes,0677387045,06/01/2021,direct
C01100,Tazi,Soukaina,soukaina.tazi670@gmail.com,1945-01-01,0,ERRACHIDIA,0649378068,2020-11-29,referral
C01101,Drissi,Houda,houda.drissi704@yahoo.fr,1950-01-02,0,Tnja,0697761151,27/12/2020,organic
C01102,Hajji,Sara,sara.hajji349@outlook.com,1955-01-02,f,rabat,0627716606,Feb 25 2024,referral
C01103,Rachidi,Rachid,zineb.alami686@menara.ma,1964-01-02,h,OUJDA,0614501241,25/07/2021,direct
C01104,Chaoui,Aisha,aisha.chaoui90@hotmail.com,1951-01-02,F,errachidia,0628458598,2020-09-04,organic
C01105,Gharbi,Samir,samir.gharbi457@outlook.com,2003-01-02,1,oujda,0685117177,2020-03-22,social_media
C01106,Moussaoui,Sara,sara.moussaoui12@hotmail.com,1997-01-01,Femme,Tétouan,0611188832,Sep 13 2021,social_media
C01107,Hajji,Yasmine,yasmine.hajji882@menara.ma,1951-01-02,female,fes,0633141548,05/03/2022,direct
C01108,Filali,Youssef,youssef.filali131@outlook.com,1950-01-02,h,tetouan,0643160881,07/07/2023,influencer
C01109,Idrissi,Leila,leila.idrissi417@gmail.com,1970-01-02,f,Fès,0662449097,10/07/2022,influencer
C01110,El Mansouri,Nabil,nabil.el mansouri491@outlook.com,1959-01-02,1,Tétouan,0648604733,15/10/2022,paid_search
C01111,Chaoui,Amine,amine.chaoui576@gmail.com,1929-01-01,m,Marrakesh,0647692831,09/08/2022,email
C01112,Tazi,Imane,imane.tazi620@hotmail.com,1951-01-02,female,Oujda ,0689129551,24/11/2023,direct
C01113,Karimi,Rachid,rachid.karimi94@menara.ma,1933-01-01,m,NADOR,0646406719,14/08/2021,social_media
C01114,Karimi,Yasmine,yasmine.karimi929@yahoo.fr,1972-01-02,Femme,kénitra,0665235862,2021-07-24,paid_search
C01115,Bensaid,Adil,adil.bensaid912@yahoo.fr,1987-01-02,Homme,KENITRA,0637442758,05/08/2022,social_media
C01116,Jamai,Nabil,nabil.jamai654@yahoo.fr,1968-01-02,1,agadir,0662563720,18/09/2022,referral
C01117,Karimi,Meryem,meryem.karimi150@hotmail.com,1963-01-02,female,tanger,0635357498,Jun 05 2021,paid_search
C01118,Ziani,Meryem,meryem.ziani431@yahoo.fr,1931-01-02,F,casablanca ,0668676263,2022-03-03,social_media
C01119,Lahlou,Ahmed,ahmed.lahlou779@gmail.com,1998-01-02,h,MARRAKECH,0622870221,01/03/2024,social_media
C01120,Filali,Ayoub,rim.tazi456@yahoo.fr,1976-01-02,Homme,FES,0639586634,20/06/2023,influencer
C01121,Tazi,Yasmine,yasmine.tazi363@yahoo.fr,1971-01-02,0,EL JADIDA,0637265151,14/01/2023,social_media
C01122,Bensaid,Tariq,tariq.bensaid998@hotmail.com,1980-01-02,male,Fez,0691820094,Dec 05 2020,social_media
C01123,Alami,Aisha,aisha.alami245@hotmail.com,1962-01-02,0,fes,0621005469,16/04/2022,paid_search
C01124,Moussaoui,Nabil,nabil.moussaoui872@outlook.com,1977-01-01,1,Oujda ,0655941216,2021-10-21,referral
C01125,Ouali,Imane,imane.ouali622@yahoo.fr,1935-01-02,0,EL JADIDA,0637800640,2021-03-22,paid_search
C01126,Jamai,Leila,leila.jamai921@yahoo.fr,2008-01-02,0,nador,0670699404,Dec 31 2023,paid_search
C01127,Moussaoui,Sanaa,sanaa.moussaoui21@menara.ma,1957-01-01,female,Mrakech,0640676379,2021-07-05,email
C01128,Fassi,Sara,sara.fassi225@outlook.com,1986-01-02,female,agadir,0640679513,03/07/2020,social_media
C01129,Tazi,Tariq,tariq.tazi52@hotmail.com,1954-01-02,1,RABAT,0647381443,2021-01-15,email
C01130,Chaoui,Mehdi,mehdi.chaoui238@gmail.com,1989-01-01,Homme,MEKNES,0632538675,2021-04-28,social_media
C01131,Drissi,Ahmed,ahmed.drissi276@yahoo.fr,1941-01-01,Homme,Rbat,0635072772,18/05/2021,email
C01132,Idrissi,Adil,adil.idrissi526@gmail.com,1961-01-01,1,Tnja,0630925806,2020-09-27,referral
C01133,Idrissi,Khadija,khadija.idrissi474@yahoo.fr,1920-01-02,0,nador,0619002523,2022-02-11,email
C01134,Rachidi,Meryem,meryem.rachidi694@menara.ma,1944-01-02,F,Agdir,0687506963,Jan 11 2024,paid_search
C01135,Naciri,Meryem,meryem.naciri171@outlook.com,2007-01-02,f,TETOUAN,0650056231,24/08/2020,paid_search
C01136,Jamai,Houda,houda.jamai383@gmail.com,2009-01-01,female,Eljadida,0629752845,Jul 10 2022,influencer
C01137,Jamai,Samir,samir.jamai406@yahoo.fr,1955-01-02,Homme,OUJDA,0672438718,Jan 30 2022,paid_search
C01138,Benali,Amine,amine.benali252@yahoo.fr,1974-01-02,Homme,AGADIR,0661882781,Aug 31 2023,organic
C01139,Senhaji,Sanaa,sanaa.senhaji565@menara.ma,1950-01-02,Femme,agadir,0651653367,2022-11-03,organic
C01140,Tazi,Nabil,youssef.senhaji880@hotmail.com,1964-01-02,m,OUJDA,0692265540,2022-07-31,email
C01141,Benali,Sanaa,sanaa.benali821@outlook.com,1949-01-01,F,tanger ,0686014287,2022-11-02,social_media
C01142,Filali,Sanaa,sanaa.filali732@menara.ma,1993-01-01,0,casablanca ,0647011857,2022-03-18,organic
C01143,El Mansouri,Fatima,fatima.el mansouri200@menara.ma,1992-01-02,F,TETOUAN,0638268399,Jan 02 2020,social_media
C01144,Rachidi,Hassan,hassan.rachidi806@gmail.com,1990-01-02,male,casablanca ,0656001399,17/06/2023,email
C01145,Ziani,Nadia,nadia.ziani572@outlook.com,1969-01-01,F,Rbat,0689158875,01/12/2022,influencer
C01146,Alami,Omar,omar.alami445@menara.ma,1973-01-01,male,tanger ,0650311286,2021-06-11,social_media
C01147,Hajji,Hicham,hicham.hajji902@yahoo.fr,1999-01-02,h,AGADIR,0663667053,08/05/2022,email
C01148,Fassi,Omar,omar.fassi639@menara.ma,1971-01-02,m,OUJDA,0630675696,28/04/2022,organic
C01149,Drissi,Sanaa,sanaa.drissi316@yahoo.fr,1961-01-01,0,OUJDA,0641556108,2021-08-09,influencer
C01150,Fassi,Karim,karim.fassi613@hotmail.com,1999-01-02,m,Eljadida,0611139490,03/11/2020,paid_search
C01151,Chraibi,Ayoub,khadija.el mansouri87@menara.ma,1974-01-02,Homme,nador,0615426400,Dec 04 2020,email
C01152,Ziani,Mohammed,mohammed.ziani85@gmail.com,1987-01-02,1,SAFI,0624433569,01/07/2021,referral
C01153,Bensaid,Hicham,hicham.bensaid292@yahoo.fr,1978-01-02,1,casablanca ,0691400849,03/04/2021,organic
C01154,Karimi,Imane,imane.karimi681@yahoo.fr,1966-01-02,Femme,Marrakesh,0666098929,26/04/2021,influencer
C01155,Karimi,Rim,rim.karimi216@yahoo.fr,2007-01-02,f,tetouan,0629821270,Aug 08 2020,social_media
C01156,Chaoui,Nabil,nabil.chaoui290@hotmail.com,1920-01-02,male,oujda,0696477961,Sep 30 2023,referral
C01157,Gharbi,Yasmine,yasmine.gharbi918@menara.ma,1961-01-01,Femme,casablanca,0614211686,2021-05-31,influencer
C01158,Filali,Zineb,zineb.filali990@menara.ma,1954-01-02,Femme,Beni Mellal,0666686642,2023-09-10,influencer
C01159,Fassi,Mohammed,mohammed.fassi978@hotmail.com,1969-01-01,1,errachidia,0642215392,16/11/2022,email
C01160,Fassi,Nabil,nabil.fassi428@gmail.com,1920-01-02,Homme,AGADIR,0610367395,02/08/2020,influencer
C01161,El Mansouri,Omar,omar.el mansouri341@outlook.com,1944-01-02,h,errachidia,0668376344,Apr 25 2024,influencer
C01162,Ziani,Rachid,rachid.ziani561@hotmail.com,2006-01-02,Homme,Tnja,0689097226,Jul 08 2023,organic
C01163,Naciri,Imane,imane.naciri952@menara.ma,1982-01-02,F,Fez,0645527500,Sep 06 2021,influencer
C01164,Hajji,Hicham,hicham.hajji685@outlook.com,1944-01-02,1,Fez,0642075348,2022-03-24,organic
C01165,Idrissi,Adil,invalide_sans_arobase,1930-01-02,Homme,nador,0676657301,2023-04-03,direct
C01166,Drissi,Soukaina,soukaina.drissi876@yahoo.fr,1969-01-01,F,nador,0611907415,04/11/2023,email
C01167,Alami,Rachid,rachid.alami102@yahoo.fr,1990-01-02,Homme,oujda,0667237068,21/02/2021,email
C01168,Jamai,Adil,adil.jamai317@outlook.com,2002-01-02,1,safi,0642152047,15/05/2020,influencer
C01169,Drissi,Sara,sara.drissi784@menara.ma,1943-01-02,F,casablanca ,0699657224,2023-06-12,organic
C01170,Chaoui,Soukaina,soukaina.chaoui362@yahoo.fr,1979-01-02,F,el jadida,0618513830,2020-11-28,social_media
C01171,Chraibi,Rachid,rachid.chraibi360@gmail.com,1956-01-02,m,EL JADIDA,0638502474,2020-12-09,direct
C01172,Ziani,Soukaina,soukaina.ziani766@gmail.com,1927-01-02,F,EL JADIDA,0661979251,21/10/2021,social_media
C01173,Ouali,Mohammed,invalide_sans_arobase,1964-01-02,Homme,beni mellal,0652301424,2022-08-07,influencer
C01174,Senhaji,Tariq,tariq.senhaji575@gmail.com,1941-01-01,h,casablanca,0695641687,2021-10-11,referral
C01175,Benali,Nadia,nadia.benali880@gmail.com,1994-01-02,female,RABAT,0655626134,Apr 23 2022,referral
C01176,Rachidi,Aisha,aisha.rachidi316@hotmail.com,1975-01-02,0,beni mellal,0628444834,11/12/2022,influencer
C01177,Drissi,Karim,karim.drissi98@hotmail.com,1996-01-02,1,fes,0641074005,2020-04-10,influencer
C01178,Tazi,Adil,adil.tazi958@outlook.com,1941-01-01,Homme,ERRACHIDIA,0615467685,Sep 30 2021,paid_search
C01179,Karimi,Samir,samir.karimi276@gmail.com,1936-01-02,m,ERRACHIDIA,0615707588,Aug 18 2022,paid_search
C01180,Fassi,Hassan,hassan.fassi606@outlook.com,1969-01-01,1,nador,0694669760,04/02/2020,direct
C01181,Filali,Youssef,invalide_sans_arobase,1977-01-01,h,Meknès,0641931968,01/05/2020,referral
C01182,Senhaji,Leila,leila.senhaji300@hotmail.com,1959-01-02,Femme,MARRAKECH,0692729773,12/09/2020,email
C01183,Drissi,Fatima,fatima.drissi416@outlook.com,1995-01-02,0,safi,0643390704,28/09/2020,social_media
C01184,Benali,Nabil,nabil.benali749@gmail.com,1984-01-02,Homme,tetouan,0697490228,06/03/2021,influencer
C01185,Drissi,Amine,amine.drissi350@yahoo.fr,1929-01-01,m,AGADIR,0660831560,12/09/2023,email
C01186,Gharbi,Rim,rim.gharbi879@yahoo.fr,1926-01-02,female,MEKNES,0668713655,2020-04-10,paid_search
C01187,Benali,Sara,sara.benali801@gmail.com,1985-01-01,f,ERRACHIDIA,0628884147,2021-08-03,paid_search
C01188,Senhaji,Rachid,rachid.senhaji67@outlook.com,1983-01-02,male,BENI MELLAL,0673999739,2022-03-10,paid_search
C01189,El Mansouri,Rachid,rachid.el mansouri18@yahoo.fr,1941-01-01,h,Casa,0659772507,2022-12-05,organic
C01190,Filali,Imane,imane.filali529@hotmail.com,1939-01-02,0,ERRACHIDIA,0643836123,15/05/2021,direct
C01191,Rachidi,Samir,invalide_sans_arobase,1941-01-01,male,agadir,0674561311,2021-01-31,direct
C01192,Naciri,Hajar,hajar.naciri258@hotmail.com,1926-01-02,F,TETOUAN,0622896972,17/02/2022,social_media
C01193,Benali,Karim,karim.benali879@hotmail.com,1943-01-02,Homme,Fez,0685488785,03/02/2020,organic
C01194,Naciri,Omar,omar.naciri888@gmail.com,2002-01-02,m,Meknès,0628216197,28/03/2021,social_media
C01195,Benali,Aisha,aisha.benali263@gmail.com,1976-01-02,female,errachidia,0622547070,Nov 28 2021,referral
C01196,Idrissi,Ahmed,ahmed.idrissi811@outlook.com,1981-01-01,m,BENI MELLAL,0682621876,08/12/2020,direct
C01197,Rachidi,Ayoub,ayoub.rachidi837@yahoo.fr,1999-01-02,m,tetouan,0687265763,2021-07-22,direct
C01198,Lahlou,Yasmine,yasmine.lahlou772@menara.ma,1999-01-02,f,NADOR,0635842902,Dec 18 2020,social_media
C01199,Fassi,Nabil,nabil.fassi201@yahoo.fr,2004-01-02,male,tetouan,0614226637,29/08/2020,direct
C01200,Chraibi,Karim,karim.chraibi775@hotmail.com,1923-01-02,m,MEKNES,0611023114,2020-12-16,referral
C01201,Naciri,Samir,samir.naciri112@gmail.com,1992-01-02,male,oujda,0632305534,29/06/2021,direct
C01202,Ouali,Yasmine,yasmine.ouali162@outlook.com,1954-01-02,0,TETOUAN,0647470286,2021-10-08,social_media
C01203,Moussaoui,Omar,omar.moussaoui303@menara.ma,2000-01-02,h,Eljadida,0627015981,2020-04-20,direct
C01204,Rachidi,Mehdi,mehdi.rachidi405@outlook.com,2005-01-01,h,kenitra,0626968753,May 07 2021,referral
C01205,Tazi,Omar,omar.tazi566@gmail.com,1978-01-02,Homme,kenitra,0633932371,31/03/2020,influencer
C01206,Hajji,Youssef,youssef.hajji716@gmail.com,2002-01-02,male,Casa,0671860844,03/12/2020,influencer
C01207,Benali,Fatima,fatima.benali784@gmail.com,1923-01-02,f,Casa,0632135715,31/03/2024,direct
C01208,Gharbi,Ahmed,ahmed.gharbi493@gmail.com,1929-01-01,Homme,Eljadida,0691184381,22/02/2020,email
C01209,Filali,Houda,houda.filali118@outlook.com,1978-01-02,f,kenitra,0690577383,30/09/2023,paid_search
C01210,Senhaji,Zineb,zineb.senhaji933@gmail.com,1975-01-02,F,el jadida,0652159618,16/02/2022,referral
C01211,Alami,Zineb,zineb.alami46@outlook.com,1980-01-02,Femme,NADOR,0621903576,10/01/2022,email
C01212,Moussaoui,Amine,amine.moussaoui577@gmail.com,1977-01-01,h,AGADIR,0698761392,2020-04-10,influencer
C01213,Ziani,Adil,adil.ziani385@gmail.com,1951-01-02,m,FES,0665053892,May 18 2023,referral
C01214,Lahlou,Khadija,khadija.lahlou806@gmail.com,1944-01-02,0,casablanca,0645944941,Apr 06 2020,influencer
C01215,Senhaji,Nadia,nadia.senhaji128@outlook.com,1978-01-02,0,KENITRA,0676900453,24/05/2021,paid_search
C01216,Chraibi,Mehdi,mehdi.chraibi66@menara.ma,2003-01-02,1,Tétouan,0649614511,2024-01-26,referral
C01217,Jamai,Houda,houda.jamai163@gmail.com,1920-01-02,Femme,Beni Mellal,0680910050,2022-06-01,email
C01218,Ouali,Aisha,aisha.ouali895@gmail.com,1931-01-02,0,AGADIR,0649005267,2020-03-27,influencer
C01219,Filali,Nabil,nabil.filali378@hotmail.com,1987-01-02,m,MEKNES,0651302750,22/04/2022,influencer
C01220,Ziani,Meryem,meryem.ziani984@outlook.com,1983-01-02,Femme,FES,0646968017,10/11/2021,social_media
C01221,Benali,Khadija,khadija.benali690@hotmail.com,2004-01-02,0,FES,0638043072,Apr 15 2024,social_media
C01222,Karimi,Khadija,khadija.karimi905@gmail.com,1993-01-01,f,casablanca ,0680626900,13/08/2022,influencer
C01223,Benali,Mehdi,mehdi.benali622@yahoo.fr,1925-01-01,1,FES,0664357442,2023-08-11,social_media
C01224,Naciri,Ayoub,ayoub.naciri876@gmail.com,1933-01-01,h,EL JADIDA,0662256420,14/07/2020,referral
C01225,Tazi,Soukaina,soukaina.tazi738outlook.com,1985-01-01,f,tetouan,0654907705,13/05/2024,referral
C01226,Bensaid,Hicham,hicham.bensaid537@gmail.com,1951-01-02,male,BENI MELLAL,0690003444,Sep 02 2020,paid_search
C01227,Bensaid,Ayoub,ayoub.bensaid697@yahoo.fr,1967-01-02,1,Casa,0691026089,May 25 2020,influencer
C01228,Tazi,Aisha,aisha.tazi300@yahoo.fr,1968-01-02,F,RABAT,0636132987,Dec 15 2020,social_media
C01229,Bensaid,Tariq,tariq.bensaid518@yahoo.fr,1969-01-01,Homme,casablanca,0644245294,15/03/2020,influencer
C01230,Senhaji,Sara,sara.senhaji549@menara.ma,1965-01-01,Femme,Fez,0663082648,27/05/2022,influencer
C01231,Drissi,Mehdi,mehdi.drissi120@yahoo.fr,2006-01-02,1,kenitra,0658495831,2022-03-10,referral
C01232,Alami,Hicham,hicham.alami396@yahoo.fr,1984-01-02,m,el jadida,0644094915,2021-11-28,influencer
C01233,Tazi,Meryem,meryem.tazi188@menara.ma,1949-01-01,F,nador,0693373189,Mar 07 2021,influencer
C01234,Benali,Nadia,nadia.benali119@yahoo.fr,1944-01-02,0,AGADIR,0641866734,Sep 03 2022,referral
C01235,Benali,Amine,amine.benali218@yahoo.fr,1996-01-02,m,NADOR,0670603852,16/11/2023,referral
C01236,Lahlou,Mehdi,mehdi.lahlou579@outlook.com,1975-01-02,h,errachidia,0670815117,06/06/2021,social_media
C01237,Bensaid,Soukaina,soukaina.bensaid724@outlook.com,1932-01-02,female,SAFI,0684181946,07/08/2023,referral
C01238,Senhaji,Aisha,aisha.senhaji303@yahoo.fr,1962-01-02,0,RABAT,0685878633,2020-07-29,influencer
C01239,Bensaid,Khadija,khadija.bensaid812@yahoo.fr,1998-01-02,0,MARRAKECH,0667696791,07/04/2022,organic
C01240,Alami,Khadija,khadija.alami572@menara.ma,1953-01-01,f,NADOR,0633342425,2024-03-14,referral
C01241,Bensaid,Mehdi,mehdi.bensaid226@hotmail.com,1965-01-01,1,Rbat,0685316719,2024-03-30,influencer
C01242,Alami,Imane,imane.alami919@hotmail.com,1996-01-02,F,TETOUAN,0655813843,02/03/2020,influencer
C01243,Ziani,Amine,amine.ziani782@hotmail.com,1927-01-02,Homme,Eljadida,0661329407,2023-03-19,paid_search
C01244,Gharbi,Ayoub,ayoub.gharbi16@outlook.com,1925-01-01,1,Eljadida,0652103387,2023-03-16,influencer
C01245,Gharbi,Hassan,hassan.gharbi796@hotmail.com,1936-01-02,Homme,marrakech,0613953262,02/12/2020,social_media
C01246,Filali,Mohammed,mohammed.filali873@outlook.com,1962-01-02,m,casablanca ,0677632223,2021-02-17,direct
C01247,Bensaid,Hicham,hicham.bensaid343@gmail.com,1944-01-02,m,NADOR,0620751435,23/08/2021,organic
C01248,Ouali,Fatima,fatima.ouali418@yahoo.fr,1937-01-01,female,nador,0616751040,2024-02-03,direct
C01249,Alami,Nadia,nadia.alami918@menara.ma,1961-01-01,f,BENI MELLAL,0628754310,26/01/2024,influencer
C01250,El Mansouri,Rim,rim.el mansouri611@yahoo.fr,2000-01-02,female,ERRACHIDIA,0616401529,25/11/2020,referral
C01251,Idrissi,Adil,adil.idrissi24@menara.ma,1978-01-02,m,FES,0670916922,2021-04-20,social_media
C01252,Fassi,Sanaa,sanaa.fassi208@hotmail.com,1952-01-02,f,meknes,0637503499,02/12/2020,organic
C01253,Moussaoui,Mohammed,mohammed.moussaoui116@yahoo.fr,1946-01-02,Homme,MEKNES,0683298017,Mar 20 2023,paid_search
C01254,Gharbi,Omar,omar.gharbi459@gmail.com,1972-01-02,Homme,TNG,0687686096,2021-10-23,influencer
C01255,Senhaji,Nadia,nadia.senhaji45@gmail.com,2005-01-01,female,Fès,0623638593,26/03/2022,organic
C01256,Ouali,Ayoub,ayoub.ouali759@menara.ma,1988-01-02,m,safi,0695773512,Jul 07 2020,influencer
C01257,Chraibi,Ahmed,ahmed.chraibi199@hotmail.com,1990-01-02,h,Agdir,0675941954,25/05/2024,referral
C01258,Naciri,Leila,leila.naciri888@yahoo.fr,1997-01-01,0,kénitra,0652740512,2022-04-16,social_media
C01259,Alami,Hajar,hajar.alami505@outlook.com,1960-01-02,female,Meknès,0618199219,Apr 04 2022,paid_search
C01260,Moussaoui,Ayoub,ayoub.moussaoui531yahoo.fr,1963-01-02,h,CASA,0634219451,03/04/2021,email
C01261,Moussaoui,Ahmed,nadia.chraibi669@menara.ma,1954-01-02,m,Oujda ,0630178362,2024-02-09,direct
C01262,Ziani,Ahmed,ahmed.ziani143@hotmail.com,1935-01-02,m,Tétouan,0646039806,26/04/2021,referral
C01263,Tazi,Soukaina,soukaina.tazi889@gmail.com,2007-01-02,f,Tétouan,0640843108,Sep 18 2023,paid_search
C01264,Jamai,Meryem,meryem.jamai664@yahoo.fr,1933-01-01,F,nador,0696875210,2020-06-21,paid_search
C01265,Benali,Soukaina,soukaina.benali712@menara.ma,1981-01-01,female,MEKNES,0674102579,05/02/2021,direct
C01266,Bensaid,Mohammed,mohammed.bensaid463@hotmail.com,1933-01-01,m,Meknès,0681430313,2022-10-05,social_media
C01267,Rachidi,Meryem,meryem.rachidi736@yahoo.fr,1945-01-01,0,Meknès,0615124422,10/08/2023,direct
C01268,Chraibi,Amine,amine.chraibi191@yahoo.fr,2008-01-02,Homme,Oujda ,0693153138,10/11/2021,referral
C01269,Filali,Mohammed,mohammed.filali128@yahoo.fr,1968-01-02,Homme,MARRAKECH,0680274372,16/03/2022,paid_search
C01270,Lahlou,Youssef,youssef.lahlou847@outlook.com,1930-01-02,1,Beni Mellal,0646138454,Mar 12 2022,social_media
C01271,Ziani,Mehdi,mehdi.ziani957@gmail.com,2001-01-01,Homme,KENITRA,0674867809,Dec 30 2020,email
C01272,Ziani,Sara,sara.ziani176@menara.ma,1923-01-02,Femme,kénitra,0659667523,2020-07-28,referral
C01273,Moussaoui,Mehdi,hicham.bensaid495@menara.ma,1962-01-02,h,tanger ,0653008918,28/03/2024,direct
C01274,Idrissi,Imane,imane.idrissi230@gmail.com,1996-01-02,F,casablanca,0674587898,11/05/2023,organic
C01275,Karimi,Mehdi,mehdi.karimi596@yahoo.fr,1965-01-01,1,marrakech,0653653777,24/08/2021,email
C01276,Drissi,Leila,leila.drissi222@yahoo.fr,1958-01-02,F,CASA,0667210317,Jul 05 2022,organic
C01277,Idrissi,Tariq,tariq.idrissi976@yahoo.fr,1998-01-02,Homme,TANGER,0633800125,2022-07-24,referral
C01278,Ziani,Nabil,nabil.ziani537@menara.ma,1995-01-02,male,Mrakech,0627418225,Apr 26 2021,referral
C01279,Fassi,Houda,houda.fassi912@yahoo.fr,1957-01-01,f,Agdir,0677973150,30/04/2022,paid_search
C01280,Jamai,Nadia,nadia.jamai884@yahoo.fr,1946-01-02,Femme,kénitra,0655571777,09/02/2024,email
C01281,Bensaid,Soukaina,soukaina.bensaid295@yahoo.fr,1933-01-01,f,Eljadida,0667459585,2021-11-11,influencer
C01282,Benali,Ayoub,ayoub.benali44@yahoo.fr,1982-01-02,h,CASA,0627599688,Aug 09 2023,influencer
C01283,Karimi,Adil,adil.karimi890@hotmail,1950-01-02,m,Fez,0684564128,2024-02-20,organic
C01284,Jamai,Nadia,nadia.jamai872@outlook.com,1936-01-02,female,RABAT,0639807813,16/05/2022,direct
C01285,Jamai,Hajar,hajar.jamai659@menara.ma,1946-01-02,Femme,MARRAKECH,0619340643,2022-12-12,influencer
C01286,Tazi,Nabil,nabil.tazi828@gmail.com,2003-01-02,1,tetouan,0696590284,15/01/2020,referral
C01287,Moussaoui,Mohammed,mohammed.moussaoui757@gmail.com,1958-01-02,Homme,rabat,0684188311,2022-08-06,referral
C01288,Rachidi,Adil,adil.rachidi414@outlook.com,1989-01-01,1,MEKNES,0653063605,17/06/2021,email
C01289,El Mansouri,Zineb,zineb.el mansouri389@yahoo.fr,1970-01-02,F,casablanca ,0661326574,08/09/2023,direct
C01290,Benali,Amine,amine.benali563@yahoo.fr,1929-01-01,male,casablanca ,0638866008,10/02/2021,direct
C01291,Ziani,Ayoub,ayoub.ziani672@outlook.com,2008-01-02,Homme,rabat,0687396393,Mar 06 2023,social_media
C01292,Fassi,Yasmine,yasmine.fassi979@gmail.com,1927-01-02,f,NADOR,0641711899,06/02/2023,social_media
C01293,Chraibi,Karim,karim.chraibi373@yahoo.fr,1942-01-02,1,KENITRA,0645806372,2022-05-05,direct
C01294,Rachidi,Hajar,hajar.rachidi225@yahoo.fr,2009-01-01,Femme,Mrakech,0687525357,06/05/2024,direct
C01295,Ouali,Youssef,youssef.ouali619@outlook.com,1989-01-01,male,rabat,0654440795,19/05/2021,referral
C01296,Senhaji,Soukaina,soukaina.senhaji933@menara.ma,1921-01-01,0,Tétouan,0679651607,2021-05-12,organic
C01297,Lahlou,Youssef,youssef.lahlou407@gmail.com,2006-01-02,Homme,Meknès,0672492044,28/11/2022,influencer
C01298,Filali,Sanaa,sanaa.filali216@hotmail.com,1981-01-01,female,errachidia,0615427468,2021-02-17,email
C01299,Moussaoui,Ayoub,ayoub.moussaoui661@gmail.com,1938-01-02,Homme,meknes,0656558447,Nov 29 2020,influencer
C01300,El Mansouri,Mohammed,mohammed.el mansouri659@outlook.com,1936-01-02,Homme,Casa,0636687785,2022-09-05,influencer
C01301,Bensaid,Mohammed,mohammed.bensaid844@yahoo.fr,1951-01-02,m,NADOR,0622472749,May 31 2023,social_media
C01302,Chraibi,Fatima,fatima.chraibi155@yahoo.fr,1924-01-02,female,Meknès,0628741499,2020-04-19,influencer
C01303,Drissi,Ahmed,ahmed.drissi392@menara.ma,2006-01-02,m,beni mellal,0669927008,05/10/2020,direct
C01304,Hajji,Yasmine,yasmine.hajji203@outlook.com,1974-01-02,0,OUJDA,0655273409,02/03/2021,direct
C01305,Chraibi,Rachid,rachid.chraibi898@hotmail.com,1975-01-02,1,Casa,0613048008,17/02/2023,direct
C01306,Karimi,Ayoub,ayoub.karimi881@gmail.com,1994-01-02,1,Marrakesh,0627288238,Feb 05 2020,referral
C01307,Lahlou,Nabil,nabil.lahlou991@hotmail.com,2003-01-02,m,Beni Mellal,0686352450,2023-05-06,influencer
C01308,Alami,Imane,imane.alami795@gmail.com,1993-01-01,0,OUJDA,0683778810,30/10/2021,paid_search
C01309,El Mansouri,Soukaina,soukaina.el mansouri218@gmail.com,1992-01-02,0,meknes,0666701593,2020-09-09,social_media
C01310,Tazi,Leila,leila.tazi507@hotmail.com,2004-01-02,f,OUJDA,0689297534,15/02/2020,social_media
C01311,Jamai,Hicham,hicham.jamai544@gmail.com,1991-01-02,m,Beni Mellal,0648313228,2020-03-07,organic
C01312,Lahlou,Tariq,tariq.lahlou930@menara.ma,1930-01-02,male,OUJDA,0693605083,2020-05-12,referral
C01313,Jamai,Sanaa,sanaa.jamai436@yahoo.fr,1998-01-02,Femme,MEKNES,0610366686,2020-08-14,organic
C01314,Senhaji,Adil,adil.senhaji126@gmail.com,1959-01-02,h,casablanca ,0663504332,19/07/2021,organic
C01315,Naciri,Sara,sara.naciri529@gmail.com,1926-01-02,female,CASA,0689557206,Mar 03 2020,organic
C01316,Benali,Hajar,hajar.benali475@gmail.com,1954-01-02,0,Tnja,0640761227,2021-11-11,organic
C01317,Senhaji,Sanaa,sanaa.senhaji977@hotmail.com,1960-01-02,f,beni mellal,0613327277,05/02/2020,social_media
C01318,Senhaji,Meryem,meryem.senhaji693@hotmail.com,1935-01-02,female,TNG,0626172749,2023-02-23,social_media
C01319,Moussaoui,Tariq,tariq.moussaoui161@menara.ma,1961-01-01,male,Casa,0688537126,11/05/2020,influencer
C01320,Rachidi,Nabil,nabil.rachidi20@gmail.com,1958-01-02,male,Mrakech,0694132724,2023-04-21,organic
C01321,Ouali,Mohammed,mohammed.ouali603@menara.ma,1979-01-02,m,Beni Mellal,0645258217,2023-04-14,influencer
C01322,Ziani,Hicham,hicham.ziani776@hotmail.com,1926-01-02,m,el jadida,0615676997,07/06/2021,referral
C01323,Ziani,Adil,adil.ziani305@outlook.com,1961-01-01,h,Meknès,0640021918,2023-08-20,paid_search
C01324,Drissi,Rim,rim.drissi834@menara.ma,1974-01-02,female,ERRACHIDIA,0623364967,2020-10-31,email
C01325,Rachidi,Rachid,rachid.rachidi585@hotmail.com,1970-01-02,male,Fès,0688230673,Mar 10 2023,referral
C01326,Alami,Soukaina,soukaina.alami69@hotmail.com,1927-01-02,f,Fez,0616842526,21/11/2022,referral
C01327,Chaoui,Ahmed,ahmed.chaoui421@gmail.com,1927-01-02,m,casablanca,0641569450,26/01/2022,influencer
C01328,El Mansouri,Yasmine,yasmine.el mansouri919@gmail.com,2009-01-01,F,NADOR,0698783194,2022-11-06,influencer
C01329,Moussaoui,Mehdi,mehdi.moussaoui916@hotmail.com,1996-01-02,male,kénitra,0641291228,Mar 15 2023,referral
C01330,Alami,Zineb,zineb.alami553@yahoo.fr,1942-01-02,female,MEKNES,0673521929,2023-09-27,influencer
C01331,Gharbi,Hicham,hicham.gharbi390@outlook.com,2000-01-02,m,KENITRA,0689246165,07/07/2021,referral
C01332,Senhaji,Meryem,meryem.senhaji155@menara.ma,1926-01-02,f,marrakech,0689032992,2021-12-27,organic
C01333,Chaoui,Yasmine,yasmine.chaoui810@outlook.com,2006-01-02,F,nador,0633760468,2022-09-25,influencer
C01334,Moussaoui,Karim,karim.moussaoui363@gmail.com,1927-01-02,male,marrakech,0691167742,13/05/2022,email
C01335,Tazi,Houda,houda.tazi255@hotmail.com,1977-01-01,F,MARRAKECH,0618691930,2022-06-28,referral
C01336,Moussaoui,Aisha,aisha.moussaoui146@yahoo.fr,1980-01-02,Femme,kénitra,0626784960,01/01/2020,referral
C01337,Tazi,Hassan,hassan.tazi410@outlook.com,2006-01-02,male,Marrakesh,0674360568,Nov 05 2020,influencer
C01338,Ziani,Khadija,khadija.naciri171@menara.ma,2002-01-02,f,Tétouan,0643324269,02/01/2022,referral
C01339,Gharbi,Hicham,hicham.gharbi732@menara.ma,1959-01-02,m,rabat,0615877509,2021-06-05,referral
C01340,Karimi,Amine,amine.karimi799@gmail.com,1976-01-02,Homme,RABAT,0626719412,2023-06-16,email
C01341,Gharbi,Hicham,hicham.gharbi714@hotmail.com,1958-01-02,male,Meknès,0674993537,2024-03-10,referral
C01342,Idrissi,Nabil,nabil.idrissi609@outlook.com,2006-01-02,h,errachidia,0663781664,Aug 03 2022,social_media
C01343,Chaoui,Hassan,hassan.chaoui454@hotmail.com,1998-01-02,1,tetouan,0662951530,2023-07-07,email
C01344,Filali,Khadija,khadija.filali552@outlook.com,1937-01-01,F,KENITRA,0651824362,2022-11-03,email
C01345,Karimi,Karim,karim.karimi603@hotmail.com,2005-01-01,m,tetouan,0690410932,2023-10-23,influencer
C01346,Hajji,Sanaa,sanaa.hajji714@menara.ma,1997-01-01,female,casablanca ,0618303664,Apr 10 2021,referral
C01347,Naciri,Leila,leila.naciri322@yahoo.fr,1995-01-02,F,TETOUAN,0653976954,01/02/2022,paid_search
C01348,Benali,Fatima,fatima.benali26@outlook.com,1994-01-02,F,TETOUAN,0634015248,2020-04-06,paid_search
C01349,Idrissi,Rim,rim.idrissi805@outlook.com,1959-01-02,Femme,EL JADIDA,0645182600,2020-11-27,influencer
C01350,Naciri,Sanaa,sanaa.naciri886@hotmail.com,1943-01-02,F,MEKNES,0652806362,2021-03-28,referral
C01351,El Mansouri,Amine,amine.el mansouri249@hotmail.com,1963-01-02,1,EL JADIDA,0655165249,2023-12-05,organic
C01352,Karimi,Rim,rim.karimi619@outlook.com,2010-01-02,0,safi,0625893296,2020-12-24,social_media
C01353,Rachidi,Houda,houda.rachidi711@menara.ma,1971-01-02,f,oujda,0623912513,2020-06-10,direct
C01354,Lahlou,Ahmed,ahmed.lahlou933@outlook.com,1945-01-01,male,tanger ,0612015146,09/08/2020,referral
C01355,Rachidi,Zineb,zineb.rachidi573@yahoo.fr,1938-01-02,Femme,meknes,0646667896,2022-07-02,direct
C01356,Idrissi,Soukaina,soukaina.idrissi874@yahoo.fr,1993-01-01,0,TNG,0680969219,2021-05-29,influencer
C01357,Hajji,Sanaa,sanaa.hajji441@hotmail.com,1943-01-02,female,KENITRA,0695303152,2020-12-11,email
C01358,El Mansouri,Hassan,hassan.el mansouri127@outlook.com,1970-01-02,Homme,EL JADIDA,0616328242,05/03/2020,paid_search
C01359,Chraibi,Nadia,nadia.chraibi377@hotmail.com,1993-01-01,f,CASA,0635977719,Nov 11 2020,paid_search
C01360,Tazi,Soukaina,soukaina.tazi630@menara.ma,2001-01-01,female,ERRACHIDIA,0637686424,12/05/2021,direct
C01361,Fassi,Rachid,rachid.fassi32@yahoo.fr,1963-01-02,1,ERRACHIDIA,0657463440,2024-01-02,referral
C01362,Chaoui,Adil,adil.chaoui622@menara.ma,1979-01-02,Homme,Tnja,0691722595,2021-04-15,referral
C01363,Bensaid,Hassan,hassan.bensaid916@yahoo.fr,1972-01-02,m,safi,0679082162,21/05/2020,paid_search
C01364,Senhaji,Zineb,zineb.senhaji294@outlook.com,1967-01-02,Femme,Mrakech,0699929358,2022-01-06,paid_search
C01365,Tazi,Hicham,hicham.tazi216@outlook.com,1951-01-02,h,Fez,0684151411,2020-08-07,direct
C01366,Chraibi,Leila,leila.chraibi611@gmail.com,1947-01-02,Femme,SAFI,0693496702,09/03/2023,referral
C01367,Bensaid,Ayoub,ayoub.bensaid63@hotmail.com,1937-01-01,1,Casa,0670319344,2023-10-26,paid_search
C01368,Chaoui,Mohammed,mohammed.chaoui883@outlook.com,1921-01-01,Homme,MARRAKECH,0637344860,14/02/2023,referral
C01369,Senhaji,Sara,sara.senhaji242@yahoo.fr,1997-01-01,female,Tnja,0631087800,2023-03-06,social_media
C01370,Ziani,Nabil,nabil.ziani571@yahoo.fr,1997-01-01,m,FES,0610283548,2020-02-03,referral
C01371,Naciri,Zineb,zineb.naciri389@gmail.com,1931-01-02,F,ERRACHIDIA,0661839427,2020-09-06,organic
C01372,Lahlou,Leila,leila.lahlou393@gmail.com,1981-01-01,Femme,ERRACHIDIA,0697224832,14/05/2021,organic
C01373,Rachidi,Adil,adil.rachidi283@menara.ma,1941-01-01,1,AGADIR,0664850495,2023-04-20,direct
C01374,Alami,Mohammed,mohammed.alami204@gmail.com,1988-01-02,m,SAFI,0654214537,29/02/2024,paid_search
C01375,Alami,Karim,karim.alami925@gmail.com,1926-01-02,male,marrakech,0619908724,Jan 27 2020,paid_search
C01376,Chaoui,Nadia,nadia.chaoui726@gmail.com,1983-01-02,f,EL JADIDA,0682699548,2021-10-25,referral
C01377,Bensaid,Soukaina,invalide_sans_arobase,1987-01-02,female,kenitra,0649487002,2023-02-08,referral
C01378,Moussaoui,Sara,sara.moussaoui622@menara.ma,1942-01-02,F,kénitra,0695265713,2023-03-04,referral
C01379,Bensaid,Soukaina,soukaina.bensaid75@hotmail.com,1957-01-01,Femme,meknes,0686416822,Jul 19 2022,organic
C01380,Alami,Youssef,youssef.alami966@gmail.com,1966-01-02,male,Tétouan,0635068109,2022-02-17,organic
C01381,Ziani,Adil,adil.ziani378@yahoo.fr,1965-01-01,Homme,agadir,0671816745,23/09/2022,direct
C01382,El Mansouri,Samir,samir.el mansouri500@hotmail.com,2002-01-02,m,nador,0647625374,07/07/2020,referral
C01383,Naciri,Sara,sara.naciri273@yahoo.fr,1950-01-02,F,tetouan,0670301220,Apr 19 2020,email
C01384,El Mansouri,Nadia,nadia.el mansouri108@outlook.com,1949-01-01,Femme,Oujda ,0626967677,Jan 06 2020,social_media
C01385,Lahlou,Hicham,invalide_sans_arobase,2005-01-01,m,Fès,0665030442,Jul 17 2021,paid_search
C01386,El Mansouri,Omar,omar.el mansouri286@menara.ma,1940-01-02,h,ERRACHIDIA,0610678721,2020-04-29,referral
C01387,Idrissi,Youssef,youssef.idrissi735@menara.ma,1958-01-02,m,ERRACHIDIA,0610838457,2022-09-13,influencer
C01388,Chraibi,Meryem,meryem.chraibi715@gmail.com,2011-01-02,0,SAFI,0624657555,2023-09-07,social_media
C01389,Benali,Aisha,aisha.benali762@hotmail.com,1955-01-02,F,rabat,0615885467,08/03/2020,influencer
C01390,Karimi,Khadija,soukaina.jamai231@outlook.com,1922-01-02,F,TETOUAN,0685400080,2023-12-27,email
C01391,Chraibi,Adil,adil.chraibi145@outlook.com,1940-01-02,h,SAFI,0656253278,26/09/2020,email
C01392,Drissi,Soukaina,soukaina.drissi424@gmail.com,1946-01-02,female,Fès,0682265483,2020-06-18,influencer
C01393,Idrissi,Mohammed,mohammed.idrissi341@gmail.com,1927-01-02,h,FES,0619223541,Aug 17 2022,social_media
C01394,Idrissi,Zineb,zineb.idrissi537@yahoo.fr,1958-01-02,f,OUJDA,0683238590,2022-06-10,paid_search
C01395,Ziani,Leila,leila.ziani562@yahoo.fr,1973-01-01,F,Fès,0633739994,Oct 13 2021,paid_search
C01396,El Mansouri,Houda,houda.el mansouri554@gmail.com,1955-01-02,f,OUJDA,0670261832,2023-06-23,organic
C01397,Fassi,Houda,houda.fassi211@outlook.com,1935-01-02,F,ERRACHIDIA,0653560692,2020-08-07,direct
C01398,Alami,Hajar,hajar.alami683@outlook.com,2001-01-01,female,Eljadida,0662063088,13/07/2020,direct
C01399,Karimi,Youssef,youssef.karimi825@hotmail.com,1962-01-02,m,Rbat,0613193443,11/04/2022,email
C01400,Idrissi,Karim,karim.idrissi716@gmail.com,2001-01-01,1,MEKNES,0685952511,Jan 01 2022,organic
C01401,Naciri,Youssef,youssef.naciri778@gmail.com,1984-01-02,1,Eljadida,0688946941,15/06/2021,referral
C01402,Ouali,Fatima,fatima.ouali290@gmail.com,1955-01-02,0,Meknès,0683919680,Apr 11 2020,direct
C01403,Alami,Rim,rim.alami936@yahoo.fr,2005-01-01,female,MARRAKECH,0650810571,01/05/2024,social_media
C01404,Idrissi,Mohammed,mohammed.idrissi357@yahoo.fr,1957-01-01,m,Tétouan,0648146203,2020-05-11,email
C01405,Chraibi,Omar,omar.chraibi345@outlook.com,1942-01-02,Homme,el jadida,0660170562,05/11/2023,social_media
C01406,Moussaoui,Karim,karim.moussaoui73@gmail.com,1939-01-02,h,nador,0663389592,15/03/2023,influencer
C01407,Tazi,Ahmed,ahmed.tazi397@menara.ma,1922-01-02,1,KENITRA,0626818338,Jan 07 2024,social_media
C01408,Jamai,Tariq,tariq.jamai315@outlook.com,1983-01-02,m,OUJDA,0671535643,11/02/2022,influencer
C01409,Karimi,Karim,karim.karimi9@yahoo.fr,2010-01-02,m,Fez,0652024054,2021-06-06,paid_search
C01410,Drissi,Hassan,hassan.drissi471@outlook.com,1931-01-02,1,beni mellal,0639371554,2021-03-29,influencer
C01411,Alami,Ahmed,ahmed.alami755@gmail.com,1958-01-02,m,fes,0695524438,Apr 14 2024,referral
C01412,Idrissi,Meryem,meryem.idrissi249@gmail.com,2000-01-02,female,meknes,0628264493,Jun 16 2023,email
C01413,Ouali,Yasmine,yasmine.ouali343@outlook.com,1954-01-02,F,safi,0621774497,16/12/2020,referral
C01414,Fassi,Nadia,nadia.fassi405@gmail.com,1958-01-02,f,errachidia,0671414425,2022-01-27,social_media
C01415,Ouali,Hassan,hassan.ouali475@gmail.com,1955-01-02,m,EL JADIDA,0631757048,07/04/2021,referral
C01416,Gharbi,Youssef,youssef.gharbi442@yahoo.fr,1927-01-02,1,Agdir,0626709159,05/12/2022,paid_search
C01417,Lahlou,Samir,samir.lahlou580@gmail.com,1947-01-02,male,KENITRA,0654602664,31/01/2023,direct
C01418,Ouali,Khadija,khadija.ouali707@menara.ma,1963-01-02,F,tanger,0655589651,29/04/2021,influencer
C01419,Tazi,Ahmed,ahmed.tazi385@outlook.com,1937-01-01,male,Eljadida,0647058987,Nov 10 2021,email
C01420,Drissi,Samir,samir.drissi527@yahoo.fr,1991-01-02,m,Rbat,0638689232,2023-06-13,social_media
C01421,Filali,Youssef,youssef.filali969@yahoo.fr,1976-01-02,male,nador,0627673668,Mar 14 2024,direct
C01422,Naciri,Ahmed,ahmed.naciri998@hotmail.com,1922-01-02,m,Beni Mellal,0611750973,2020-09-18,social_media
C01423,El Mansouri,Hassan,hassan.el mansouri225@yahoo.fr,1966-01-02,1,Fès,0636033313,Mar 25 2020,influencer
C01424,Chaoui,Mehdi,mehdi.chaoui428@hotmail.com,1961-01-01,1,nador,0656229195,04/01/2024,social_media
C01425,Ouali,Zineb,zineb.ouali365@menara.ma,1943-01-02,0,el jadida,0613075969,2023-08-27,referral
C01426,Filali,Amine,amine.filali905@gmail.com,1934-01-02,m,Tétouan,0681254303,2021-03-22,influencer
C01427,Hajji,Hassan,hassan.hajji863@outlook.com,1962-01-02,male,Rbat,0620893092,Feb 19 2021,paid_search
C01428,Senhaji,Fatima,fatima.senhaji58@hotmail.com,1958-01-02,female,el jadida,0661427497,23/04/2021,social_media
C01429,Senhaji,Tariq,tariq.senhaji824@menara.ma,1937-01-01,Homme,marrakech,0669186698,2022-06-02,social_media
C01430,Gharbi,Khadija,khadija.gharbi735@yahoo.fr,1973-01-01,female,RABAT,0635470866,Sep 22 2020,paid_search
C01431,Drissi,Amine,amine.drissi91@hotmail.com,1959-01-02,1,NADOR,0645776413,2023-10-11,direct
C01432,Rachidi,Mehdi,mehdi.rachidi972@outlook.com,1932-01-02,male,nador,0651759819,2023-12-27,referral
C01433,Hajji,Nadia,nadia.hajji206@outlook.com,1994-01-02,female,RABAT,0699484361,2020-04-27,social_media
C01434,Idrissi,Omar,omar.idrissi973@yahoo.fr,1923-01-02,1,Casa,0699719331,19/12/2022,organic
C01435,Idrissi,Hajar,hajar.idrissi379@menara.ma,1923-01-02,Femme,MEKNES,0670871955,02/04/2022,direct
C01436,Chraibi,Hajar,hajar.chraibi344@yahoo.fr,1964-01-02,female,SAFI,0662751253,Mar 02 2022,referral
C01437,Chaoui,Soukaina,soukaina.chaoui442@yahoo.fr,1989-01-01,Femme,agadir,0681871771,Nov 29 2023,referral
C01438,Bensaid,Yasmine,yasmine.bensaid940@hotmail.com,1988-01-02,F,RABAT,0659823728,2023-03-25,email
C01439,Drissi,Sara,hicham.alami713@yahoo.fr,1964-01-02,f,MARRAKECH,0661647782,Sep 07 2020,email
C01440,Idrissi,Samir,samir.idrissi667@outlook.com,1991-01-02,male,Mrakech,0651466066,13/03/2021,organic
C01441,Naciri,Khadija,khadija.naciri226@menara.ma,1924-01-02,f,kénitra,0626372136,Oct 12 2022,influencer
C01442,Fassi,Yasmine,yasmine.fassi146@gmail.com,1954-01-02,F,Mrakech,0630994124,2021-03-04,direct
C01443,Fassi,Hajar,hajar.fassi444@outlook.com,1924-01-02,f,casablanca ,0636037642,Aug 09 2023,influencer
C01444,Senhaji,Nabil,nabil.senhaji421@hotmail.com,1983-01-02,male,meknes,0687484527,30/05/2022,email
C01445,Gharbi,Leila,leila.gharbi480@gmail.com,1929-01-01,Femme,safi,0668965657,2023-01-04,email
C01446,Senhaji,Rim,rim.senhaji675@gmail.com,1950-01-02,0,Casa,0635005914,16/10/2021,influencer
C01447,Naciri,Ahmed,ahmed.naciri28@outlook.com,1923-01-02,m,EL JADIDA,0681012800,09/07/2023,paid_search
C01448,Benali,Ayoub,ayoub.benali204@gmail.com,1967-01-02,1,EL JADIDA,0633623696,2024-01-16,direct
C01449,Chraibi,Tariq,tariq.chraibi877@menara.ma,1964-01-02,h,safi,0641491678,2020-10-30,direct
C01450,Bensaid,Leila,leila.bensaid195@outlook.com,1975-01-02,female,Beni Mellal,0639804324,2024-05-20,social_media
C01451,Naciri,Amine,amine.naciri90@outlook.com,1961-01-01,m,KENITRA,0616115184,2022-11-13,referral
C01452,Drissi,Soukaina,soukaina.drissi783@outlook.com,1986-01-02,f,casablanca,0675953544,2020-09-12,organic
C01453,Tazi,Rim,rim.tazi228@outlook.com,1988-01-02,female,NADOR,0645183616,Dec 29 2022,influencer
C01454,Gharbi,Zineb,zineb.gharbi333@menara.ma,1985-01-01,0,rabat,0678230692,04/02/2020,influencer
C01455,El Mansouri,Nadia,nadia.el mansouri355@outlook.com,1939-01-02,0,Rbat,0657478039,2022-04-09,social_media
C01456,Lahlou,Leila,leila.lahlou672@gmail.com,1930-01-02,0,casablanca,0681346472,2020-04-23,direct
C01457,Drissi,Nadia,zineb.naciri389@gmail.com,1940-01-02,f,NADOR,0629930950,Jan 28 2020,organic
C01458,Moussaoui,Adil,adil.moussaoui179@menara.ma,1975-01-02,male,Tétouan,0673555662,2023-09-07,organic
C01459,Idrissi,Hajar,hajar.idrissi810@menara.ma,1939-01-02,0,errachidia,0659430703,26/06/2020,direct
C01460,Chaoui,Aisha,aisha.chaoui580@hotmail.com,1939-01-02,F,BENI MELLAL,0689513946,09/03/2021,paid_search
C01461,Fassi,Sanaa,sanaa.fassi62@menara.ma,2009-01-01,0,oujda,0699478064,2020-01-31,influencer
C01462,El Mansouri,Aisha,aisha.el mansouri747@gmail.com,1986-01-02,0,Eljadida,0667713148,24/06/2023,referral
C01463,Benali,Houda,houda.benali580@outlook.com,1957-01-01,female,fes,0690791303,2024-04-26,paid_search
C01464,Alami,Rim,rim.alami472@hotmail.com,1943-01-02,female,NADOR,0657300592,Apr 30 2021,social_media
C01465,Drissi,Leila,leila.drissi618@gmail.com,1972-01-02,f,kénitra,0687607161,2023-07-28,social_media
C01466,Benali,Youssef,youssef.benali163@gmail.com,2008-01-02,Homme,EL JADIDA,0646545801,02/08/2021,paid_search
C01467,Alami,Zineb,yasmine.drissi734@gmail.com,1952-01-02,Femme,Marrakesh,0676627264,2022-04-01,paid_search
C01468,Jamai,Yasmine,yasmine.jamai907@gmail.com,1967-01-02,f,Mrakech,0614432708,17/02/2020,email
C01469,Hajji,Hajar,hajar.hajji482@yahoo.fr,1977-01-01,female,tetouan,0672331124,2022-06-22,direct
C01470,Ziani,Sara,sara.ziani713@menara.ma,1923-01-02,F,Meknès,0611067974,2021-01-02,organic
C01471,Fassi,Mehdi,mehdi.fassi474@menara.ma,1981-01-01,m,TETOUAN,0680399918,Jun 25 2023,influencer
C01472,Moussaoui,Khadija,khadija.moussaoui358@hotmail.com,1973-01-01,Femme,SAFI,0639716697,21/09/2021,influencer
C01473,Jamai,Adil,adil.jamai627@gmail.com,1936-01-02,1,Fès,0647015631,30/03/2023,social_media
C01474,Naciri,Yasmine,yasmine.naciri271@gmail.com,1927-01-02,0,rabat,0616408122,2023-04-30,paid_search
C01475,Rachidi,Tariq,tariq.rachidi741@yahoo.fr,1943-01-02,h,SAFI,0623389421,2021-05-25,organic
C01476,Benali,Sara,sara.benali708@yahoo.fr,2006-01-02,Femme,Mrakech,0635865956,10/08/2021,influencer
C01477,Karimi,Sanaa,sanaa.karimi484@outlook.com,2007-01-02,f,TANGER,0647331005,06/03/2023,email
C01478,Chaoui,Yasmine,yasmine.chaoui152@outlook.com,2008-01-02,Femme,CASA,0625408026,21/02/2021,paid_search
C01479,Moussaoui,Imane,imane.moussaoui886@hotmail.com,1987-01-02,F,Agdir,0673263970,05/01/2020,paid_search
C01480,Ziani,Ayoub,ayoub.ziani625@yahoo.fr,1965-01-01,h,Fès,0653923567,2022-03-23,organic
C01481,Tazi,Omar,omar.tazi564@hotmail.com,1988-01-02,1,Rbat,0628217622,Mar 09 2020,social_media
C01482,Jamai,Zineb,zineb.jamai188@hotmail.com,2009-01-01,0,NADOR,0687771867,01/05/2022,direct
C01483,Tazi,Soukaina,soukaina.tazi852@gmail.com,1928-01-02,0,TETOUAN,0661194546,22/03/2024,organic
C01484,Chraibi,Ayoub,ayoub.chraibi92@menara.ma,1952-01-02,Homme,TANGER,0637895721,2021-10-14,social_media
C01485,Fassi,Fatima,fatima.fassi166@outlook.com,1961-01-01,0,MEKNES,0631405453,2021-02-11,referral
C01486,Hajji,Tariq,houda.moussaoui670@outlook.com,1998-01-02,1,errachidia,0640832741,2020-02-14,email
C01487,Ouali,Zineb,zineb.ouali70@gmail.com,1953-01-01,f,MEKNES,0629058172,08/05/2024,referral
C01488,Karimi,Soukaina,soukaina.karimi256@gmail.com,1985-01-01,f,errachidia,0640981524,13/02/2024,influencer
C01489,Rachidi,Imane,amine.chaoui253@menara.ma,1995-01-02,0,KENITRA,0671532475,May 19 2020,influencer
C01490,Ouali,Ahmed,ahmed.ouali735@yahoo.fr,1995-01-02,Homme,ERRACHIDIA,0617850353,Jun 18 2022,direct
C01491,Idrissi,Yasmine,yasmine.idrissi677@outlook.com,1998-01-02,female,AGADIR,0665555398,04/08/2020,influencer
C01492,Idrissi,Ayoub,ayoub.idrissi52@menara.ma,1943-01-02,male,Eljadida,0672969714,2023-07-12,referral
C01493,El Mansouri,Youssef,youssef.el mansouri325@outlook.com,1923-01-02,Homme,Oujda ,0647815498,2023-12-30,referral
C01494,Rachidi,Omar,omar.rachidi256@yahoo.fr,2002-01-02,1,rabat,0621536372,2020-04-06,paid_search
C01495,Lahlou,Omar,omar.lahlou705@outlook.com,1933-01-01,m,meknes,0675059528,19/08/2021,influencer
C01496,El Mansouri,Tariq,tariq.el mansouri361@gmail.com,1979-01-02,Homme,TETOUAN,0624682341,2022-10-08,social_media
C01497,Rachidi,Ayoub,ayoub.rachidi969@menara.ma,1940-01-02,male,rabat,0658414556,2021-08-15,organic
C01498,Moussaoui,Sara,sara.moussaoui696@hotmail.com,1929-01-01,0,errachidia,0610202363,18/11/2023,social_media
C01499,Jamai,Hassan,hassan.jamai310@menara.ma,1972-01-02,h,Meknès,0690425989,Apr 03 2023,organic
C01500,Alami,Zineb,zineb.naciri951@gmail.com,1963-01-02,Femme,Casa,0635429761,01/06/2024,paid_search
C01501,Fassi,Khadija,khadija.fassi407@menara.ma,1935-01-02,female,Fès,0634828471,Jul 15 2022,paid_search
C01502,Fassi,Soukaina,soukaina.fassi164hotmail.com,1960-01-02,F,CASA,0691146225,2020-10-01,email
C01503,Ziani,Youssef,youssef.ziani293@gmail.com,1959-01-02,1,Rbat,0652647161,08/10/2021,direct
C01504,Naciri,Leila,leila.naciri251@menara.ma,1929-01-01,0,SAFI,0699131349,Apr 13 2024,organic
C01505,Chaoui,Houda,houda.chaoui344@hotmail.com,1926-01-02,Femme,CASA,0637482786,2024-01-22,direct
C01506,Idrissi,Mohammed,mohammed.idrissi588@outlook.com,1991-01-02,m,rabat,0622664947,20/12/2020,email
C01507,Filali,Meryem,meryem.filali934@gmail.com,1956-01-02,female,KENITRA,0663883504,Sep 02 2021,organic
C01508,Karimi,Mehdi,mehdi.karimi269@outlook.com,1972-01-02,1,Tnja,0633845304,Mar 13 2023,paid_search
C01509,Senhaji,Rim,rim.senhaji492@yahoo.fr,1962-01-02,Femme,SAFI,0651713824,06/05/2024,referral
C01510,El Mansouri,Hajar,hajar.el mansouri223@hotmail.com,1993-01-01,0,rabat,0635945352,2021-01-09,direct
C01511,Jamai,Mohammed,mohammed.jamai168@outlook.com,1997-01-01,Homme,kénitra,0625021199,03/07/2020,referral
C01512,Naciri,Sara,sara.naciri603@outlook.com,1938-01-02,f,nador,0678945937,2023-12-01,direct
C01513,Hajji,Mohammed,mohammed.hajji897@menara.ma,1923-01-02,1,tanger,0656685693,06/02/2021,referral
C01514,Tazi,Leila,invalide_sans_arobase,2006-01-02,0,MARRAKECH,0681062939,26/04/2021,organic
C01515,Fassi,Meryem,meryem.fassi948@menara.ma,1927-01-02,F,tanger,0670545867,26/03/2022,paid_search
C01516,Ouali,Hicham,hicham.ouali775@menara.ma,1989-01-01,h,ERRACHIDIA,0637359832,Mar 15 2021,paid_search
C01517,Karimi,Mehdi,mehdi.karimi651@gmail.com,1960-01-02,1,meknes,0643263469,07/06/2022,influencer
C01518,Chaoui,Mohammed,mohammed.chaoui195@yahoo.fr,1986-01-02,1,rabat,0682553306,06/11/2022,social_media
C01519,Fassi,Yasmine,yasmine.fassi473@outlook.com,1950-01-02,f,OUJDA,0676170458,2022-02-28,organic
C01520,Chraibi,Soukaina,soukaina.chraibi741@hotmail.com,1930-01-02,F,Casa,0643200403,2024-04-26,social_media
C01521,Ouali,Khadija,khadija.ouali980@menara.ma,1923-01-02,Femme,TETOUAN,0687786608,28/12/2022,referral
C01522,Filali,Sanaa,invalide_sans_arobase,1992-01-02,female,Agdir,0663586934,2022-12-29,social_media
C01523,Drissi,Khadija,khadija.drissi142@hotmail.com,1947-01-02,F,errachidia,0656094205,2021-10-29,email
C01524,Chraibi,Rim,rim.chraibi10@menara.ma,1937-01-01,f,MEKNES,0694208414,2022-08-31,referral
C01525,Ziani,Houda,houda.ziani312@gmail.com,1961-01-01,f,kenitra,0684255393,20/05/2024,email
C01526,Tazi,Nadia,nadia.tazi361@outlook.com,1976-01-02,F,Fès,0625105475,21/04/2022,email
C01527,Chraibi,Meryem,meryem.chraibi352@yahoo.fr,1943-01-02,female,marrakech,0645597373,2021-08-16,influencer
C01528,Chraibi,Samir,samir.chraibi528@menara.ma,1990-01-02,m,RABAT,0628728874,2022-07-28,paid_search
C01529,Bensaid,Meryem,adil.bensaid912@yahoo.fr,1943-01-02,Femme,kenitra,0639721110,02/01/2020,referral
C01530,Filali,Hicham,hicham.filali824@gmail.com,1942-01-02,h,Tétouan,0673582537,Jun 20 2021,direct
C01531,Lahlou,Mehdi,imane.tazi996@hotmail.com,2010-01-02,m,fes,0656293495,2024-01-14,direct
C01532,Ziani,Aisha,aisha.ziani910@outlook.com,1966-01-02,Femme,Casa,0685877745,Jan 27 2021,referral
C01533,Ouali,Houda,houda.ouali584@gmail.com,2009-01-01,F,meknes,0665625918,Aug 09 2023,organic
C01534,Gharbi,Samir,samir.gharbi438@hotmail.com,1982-01-02,Homme,Mrakech,0627653215,16/05/2023,organic
C01535,Idrissi,Zineb,zineb.idrissi682@hotmail.com,1960-01-02,0,marrakech,0660711458,17/10/2020,social_media
C01536,Lahlou,Karim,karim.lahlou626@outlook.com,1971-01-02,male,rabat,0626761671,2023-06-01,social_media
C01537,Chraibi,Ayoub,ayoub.chraibi664@hotmail.com,1948-01-02,Homme,ERRACHIDIA,0650745011,2023-01-13,influencer
C01538,Bensaid,Sanaa,sanaa.bensaid229@outlook.com,1982-01-02,0,agadir,0675645744,Jun 16 2020,email
C01539,Lahlou,Hajar,hajar.lahlou224@gmail.com,1935-01-02,f,beni mellal,0662933653,18/09/2020,organic
C01540,Rachidi,Ayoub,ayoub.rachidi243@yahoo.fr,1991-01-02,male,kénitra,0683226213,2024-02-07,email
C01541,Filali,Hajar,hajar.filali329@outlook.com,1926-01-02,0,NADOR,0628782845,Dec 30 2023,organic
C01542,Senhaji,Aisha,aisha.senhaji336@menara.ma,2003-01-02,Femme,errachidia,0681013661,2023-07-28,email
C01543,Ouali,Hassan,hassan.ouali466@hotmail.com,1965-01-01,1,el jadida,0649938244,Jun 16 2022,direct
C01544,Ouali,Aisha,aisha.ouali122@hotmail.com,1938-01-02,0,Mrakech,0690937930,2021-02-20,social_media
C01545,Tazi,Meryem,meryem.tazi32@yahoo.fr,1958-01-02,f,beni mellal,0642164731,12/08/2023,referral
C01546,Benali,Amine,amine.benali526@menara.ma,1940-01-02,m,el jadida,0674413640,17/01/2023,organic
C01547,Tazi,Imane,imane.tazi446@yahoo.fr,1988-01-02,female,BENI MELLAL,0664840518,Oct 31 2021,social_media
C01548,Hajji,Hajar,hajar.hajji495@outlook.com,1998-01-02,female,NADOR,0635231795,2021-08-22,paid_search
C01549,Rachidi,Aisha,aisha.rachidi454@menara.ma,1961-01-01,f,MARRAKECH,0638172320,2022-03-22,referral
C01550,Moussaoui,Yasmine,yasmine.moussaoui645@menara.ma,2005-01-01,F,Tétouan,0613891393,2023-11-13,organic
C01551,Hajji,Zineb,zineb.hajji592@gmail.com,1924-01-02,0,casablanca,0682518184,02/05/2023,referral
C01552,Jamai,Yasmine,yasmine.jamai175@hotmail.com,1946-01-02,Femme,Tétouan,0692553587,23/01/2024,email
C01553,Tazi,Sara,sara.tazi933@hotmail.com,1969-01-01,Femme,Eljadida,0626967591,27/11/2022,influencer
C01554,El Mansouri,Youssef,youssef.el mansouri74@menara.ma,1943-01-02,h,safi,0650163276,19/12/2022,direct
C01555,Chaoui,Yasmine,yasmine.chaoui474@gmail.com,1944-01-02,Femme,ERRACHIDIA,0623271654,28/06/2021,social_media
C01556,Fassi,Zineb,zineb.fassi536@menara.ma,1988-01-02,f,Fès,0668306519,2023-01-03,organic
C01557,Rachidi,Tariq,tariq.rachidi855@outlook.com,1968-01-02,h,errachidia,0692838528,Sep 06 2023,influencer
C01558,Drissi,Hicham,hicham.drissi456@menara.ma,1993-01-01,h,ERRACHIDIA,0688544364,2021-03-01,influencer
C01559,Chraibi,Aisha,aisha.chraibi849@hotmail.com,2009-01-01,f,Eljadida,0652737194,2021-02-03,paid_search
C01560,Drissi,Nabil,nabil.drissi125@outlook.com,2010-01-02,1,Rbat,0673660887,2021-09-21,influencer
C01561,Drissi,Sanaa,sanaa.drissi250@menara.ma,1944-01-02,F,el jadida,0677416019,2024-01-08,email
C01562,El Mansouri,Fatima,fatima.el mansouri307@yahoo.fr,2003-01-02,F,meknes,0660883906,31/03/2024,paid_search
C01563,Lahlou,Omar,omar.lahlou522@outlook.com,1966-01-02,1,tanger,0694105033,14/11/2021,influencer
C01564,Lahlou,Aisha,aisha.lahlou649@hotmail.com,1928-01-02,female,SAFI,0642132903,12/04/2023,social_media
C01565,Drissi,Sanaa,sanaa.drissi104@menara.ma,1925-01-01,f,nador,0678190403,06/05/2021,social_media
C01566,Fassi,Fatima,fatima.fassi558@outlook.com,1963-01-02,f,agadir,0649592252,28/12/2020,paid_search
C01567,Chaoui,Nadia,nadia.chaoui837@menara.ma,1932-01-02,Femme,nador,0654931009,Jan 01 2023,direct
C01568,Idrissi,Houda,houda.idrissi44@hotmail.com,1926-01-02,F,TNG,0675822380,2021-03-14,social_media
C01569,Gharbi,Houda,houda.gharbi433@yahoo.fr,1998-01-02,Femme,NADOR,0670839237,25/08/2020,referral
C01570,Karimi,Tariq,tariq.karimi814@yahoo.fr,1938-01-02,m,MEKNES,0644913752,24/11/2023,direct
C01571,Fassi,Tariq,tariq.fassi178@outlook.com,1933-01-01,h,EL JADIDA,0652936392,Mar 25 2024,organic
C01572,Karimi,Hicham,hicham.karimi551@menara.ma,1953-01-01,Homme,Tnja,0684194995,Feb 20 2023,influencer
C01573,Moussaoui,Adil,adil.moussaoui860@hotmail.com,2007-01-02,1,fes,0678082899,2022-10-07,paid_search
C01574,Lahlou,Rim,rim.lahlou985@outlook.com,1960-01-02,female,meknes,0643697896,2020-07-12,organic
C01575,Drissi,Tariq,tariq.drissi965@hotmail.com,1958-01-02,m,kenitra,0663136530,2020-09-29,influencer
C01576,Idrissi,Mohammed,mohammed.idrissi70@yahoo.fr,2001-01-01,h,Beni Mellal,0657794863,11/07/2022,organic
C01577,Idrissi,Soukaina,soukaina.idrissi68@gmail.com,1923-01-02,Femme,CASA,0631415919,2021-07-08,influencer
C01578,Tazi,Hicham,hicham.tazi659@gmail.com,1933-01-01,Homme,nador,0629353979,2024-03-17,paid_search
C01579,Tazi,Tariq,tariq.tazi487@yahoo.fr,1938-01-02,male,rabat,0660089292,Jun 09 2020,influencer
C01580,El Mansouri,Soukaina,ahmed.naciri998@hotmail.com,1984-01-02,female,casablanca,0681614472,2023-06-27,social_media
C01581,Senhaji,Houda,houda.senhaji442@gmail.com,1951-01-02,0,KENITRA,0670216892,23/11/2023,organic
C01582,Benali,Adil,adil.benali33@outlook.com,1961-01-01,male,Casa,0636386383,Apr 18 2022,referral
C01583,Karimi,Mohammed,mohammed.karimi477@menara.ma,1999-01-02,male,RABAT,0685576096,2020-01-26,paid_search
C01584,Ouali,Tariq,tariq.ouali92@yahoo.fr,1954-01-02,1,casablanca,0637406435,Jan 12 2023,referral
C01585,Senhaji,Nabil,nabil.senhaji484@gmail.com,1988-01-02,m,EL JADIDA,0652441437,24/12/2023,direct
C01586,Drissi,Soukaina,soukaina.drissi508@gmail.com,2003-01-02,f,MEKNES,0651123406,16/05/2021,social_media
C01587,Jamai,Adil,adil.jamai301@yahoo.fr,1929-01-01,male,RABAT,0634304645,Mar 15 2021,email
C01588,Filali,Youssef,youssef.filali748@gmail.com,1954-01-02,male,Oujda ,0613033850,02/03/2021,paid_search
C01589,Drissi,Sanaa,sanaa.drissi231@yahoo.fr,1952-01-02,Femme,Beni Mellal,0613235511,2023-10-18,email
C01590,Tazi,Khadija,khadija.tazi360@gmail.com,1998-01-02,f,Agdir,0688039848,2020-07-05,paid_search
C01591,Jamai,Soukaina,soukaina.jamai751@outlook.com,1979-01-02,F,Oujda ,0666546065,2020-09-16,paid_search
C01592,Alami,Ayoub,ayoub.alami513@outlook.com,2008-01-02,h,Meknès,0684825073,Jun 30 2020,organic
C01593,Jamai,Rachid,rachid.jamai635@outlook.com,2006-01-02,m,Tétouan,0681012790,Apr 22 2024,social_media
C01594,Chraibi,Khadija,khadija.chraibi131@yahoo.fr,1976-01-02,Femme,KENITRA,0646295026,Jul 08 2022,organic
C01595,Hajji,Ahmed,ahmed.hajji588@outlook.com,1988-01-02,1,rabat,0632347212,12/02/2021,paid_search
C01596,Alami,Hicham,hajar.karimi727@gmail.com,2011-01-02,m,tanger ,0679658618,2022-02-10,email
C01597,Hajji,Zineb,invalide_sans_arobase,1938-01-02,f,Casa,0625986801,11/04/2022,organic
C01598,Ziani,Amine,amine.ziani772@yahoo.fr,1948-01-02,1,Beni Mellal,0681394776,02/05/2024,paid_search
C01599,Alami,Amine,amine.alami555@hotmail.com,2001-01-01,h,MEKNES,0662144644,2021-05-16,organic
C01600,Hajji,Rim,rim.hajji256@menara.ma,1980-01-02,f,errachidia,0680248400,2020-06-23,direct
C01601,Idrissi,Hajar,hajar.idrissi338@outlook.com,1972-01-02,f,Fès,0699218645,2020-01-25,social_media
C01602,Hajji,Soukaina,soukaina.hajji285@menara.ma,1963-01-02,F,TETOUAN,0648035096,Apr 06 2023,email
C01603,Ouali,Houda,houda.ouali152@gmail.com,1977-01-01,0,Beni Mellal,0622294633,11/11/2023,social_media
C01604,Ouali,Mehdi,mehdi.ouali611@hotmail.com,1961-01-01,1,KENITRA,0677215850,23/05/2020,direct
C01605,El Mansouri,Yasmine,yasmine.el mansouri479@yahoo.fr,1987-01-02,Femme,rabat,0656230062,2022-07-19,email
C01606,Bensaid,Youssef,youssef.bensaid97@outlook.com,1969-01-01,m,casablanca ,0619320521,2023-07-10,direct
C01607,Ziani,Sanaa,sanaa.ziani19@hotmail.com,1997-01-01,f,Meknès,0633205311,2021-03-24,paid_search
C01608,Benali,Fatima,fatima.benali88@yahoo.fr,1953-01-01,f,CASA,0636911168,17/09/2020,direct
C01609,Lahlou,Aisha,adil.benali657@yahoo.fr,1920-01-02,f,Meknès,0667630840,10/06/2022,social_media
C01610,Moussaoui,Nadia,nadia.moussaoui743@gmail.com,1989-01-01,female,oujda,0695095796,2021-09-06,organic
C01611,Chaoui,Tariq,mohammed.moussaoui211@gmail.com,1931-01-02,1,meknes,0644825874,2021-04-26,paid_search
C01612,Naciri,Rachid,rachid.naciri548@yahoo.fr,1999-01-02,1,nador,0662914143,Jul 16 2022,referral
C01613,Naciri,Imane,imane.naciri721@menara.ma,1960-01-02,0,marrakech,0693403051,Jun 24 2022,paid_search
C01614,Idrissi,Meryem,meryem.idrissi810@outlook.com,2001-01-01,F,TNG,0658533885,2020-01-31,organic
C01615,Ziani,Meryem,meryem.ziani495@hotmail.com,1971-01-02,0,marrakech,0651236861,26/01/2024,direct
C01616,El Mansouri,Meryem,meryem.el mansouri971@gmail.com,1930-01-02,Femme,Tétouan,0657819136,2020-12-01,referral
C01617,Moussaoui,Mohammed,mohammed.moussaoui676@hotmail.com,2000-01-02,m,NADOR,0636248260,24/01/2023,referral
C01618,Hajji,Rachid,rachid.hajji3@menara.ma,1925-01-01,h,kénitra,0633994116,2024-01-22,referral
C01619,Naciri,Khadija,khadija.naciri550@gmail.com,2009-01-01,f,safi,0615871005,2021-01-07,influencer
C01620,Gharbi,Nadia,nadia.gharbi673@hotmail.com,1980-01-02,f,BENI MELLAL,0616839427,28/09/2021,referral
C01621,Hajji,Fatima,fatima.hajji509@yahoo.fr,1947-01-02,f,TNG,0631898382,May 07 2020,social_media
C01622,Ouali,Tariq,tariq.ouali564@outlook.com,2005-01-01,m,EL JADIDA,0614353181,2020-01-28,paid_search
C01623,Drissi,Omar,omar.drissi769@menara.ma,1952-01-02,h,tanger,0694602930,2024-03-31,social_media
C01624,Bensaid,Rim,rim.bensaid770@gmail.com,1937-01-01,female,SAFI,0658943645,20/01/2020,organic
C01625,Karimi,Rachid,rachid.karimi229@hotmail.com,2009-01-01,male,kénitra,0669544431,06/12/2022,paid_search
C01626,Ouali,Adil,adil.ouali614@gmail.com,1958-01-02,m,tanger ,0678717559,15/08/2020,paid_search
C01627,Gharbi,Youssef,youssef.gharbi694@outlook.com,1962-01-02,Homme,meknes,0681870081,09/02/2021,influencer
C01628,Ouali,Mohammed,mohammed.ouali900@menara.ma,2011-01-02,1,kenitra,0683691032,20/01/2022,paid_search
C01629,Fassi,Mohammed,mohammed.fassi667@hotmail.com,1994-01-02,1,rabat,0626313047,11/03/2022,influencer
C01630,Filali,Khadija,khadija.filali782@menara.ma,1978-01-02,female,Tnja,0669389198,29/10/2023,organic
C01631,Drissi,Khadija,khadija.drissi252@outlook.com,1965-01-01,f,agadir,0625494104,Apr 12 2022,influencer
C01632,Chaoui,Amine,amine.chaoui5@menara.ma,1965-01-01,m,EL JADIDA,0631010543,Jul 31 2021,direct
C01633,Tazi,Tariq,tariq.tazi887@yahoo.fr,1974-01-02,h,fes,0611371557,Sep 09 2021,direct
C01634,Chaoui,Khadija,khadija.chaoui834@gmail.com,1993-01-01,Femme,errachidia,0660607732,02/09/2022,influencer
C01635,Jamai,Hajar,hajar.jamai414@yahoo.fr,1933-01-01,0,marrakech,0622545653,2020-01-07,influencer
C01636,Idrissi,Ayoub,ayoub.idrissi934@menara.ma,1992-01-02,male,SAFI,0626412074,17/10/2021,referral
C01637,Drissi,Sanaa,sanaa.drissi141@outlook.com,1948-01-02,f,rabat,0689493849,01/02/2022,paid_search
C01638,Lahlou,Karim,karim.lahlou266@yahoo.fr,2006-01-02,h,rabat,0661452687,2020-02-08,influencer
C01639,Lahlou,Houda,houda.lahlou791@hotmail.com,1993-01-01,Femme,casablanca ,0623656066,25/02/2020,organic
C01640,Lahlou,Aisha,aisha.lahlou394@hotmail.com,1929-01-01,female,nador,0639059887,19/07/2020,email
C01641,Alami,Mehdi,mehdi.alami795@yahoo.fr,2002-01-02,Homme,SAFI,0671608453,2023-10-07,organic
C01642,Fassi,Tariq,tariq.fassi341@hotmail.com,1944-01-02,male,ERRACHIDIA,0634955973,10/02/2023,email
C01643,Naciri,Rachid,rachid.naciri439@hotmail.com,1963-01-02,1,meknes,0637719615,2021-11-23,referral
C01644,Naciri,Zineb,zineb.naciri709@yahoo.fr,1944-01-02,F,SAFI,0691521360,16/04/2020,direct
C01645,Idrissi,Adil,adil.idrissi530@outlook.com,1982-01-02,1,BENI MELLAL,0659729857,2024-05-11,organic
C01646,Alami,Soukaina,soukaina.alami704@outlook.com,1993-01-01,0,TETOUAN,0621248519,01/11/2021,paid_search
C01647,Alami,Nadia,nadia.alami322@yahoo.fr,1959-01-02,f,BENI MELLAL,0677134583,May 04 2023,paid_search
C01648,Idrissi,Sanaa,sanaa.idrissi163@menara.ma,2008-01-02,F,MARRAKECH,0634283701,2022-09-03,paid_search
C01649,Gharbi,Rachid,rachid.gharbi185@gmail.com,1929-01-01,1,casablanca,0620067840,Aug 09 2022,direct
C01650,Bensaid,Houda,houda.bensaid124@menara.ma,1974-01-02,F,ERRACHIDIA,0625303511,2021-08-14,referral
C01651,Tazi,Khadija,khadija.tazi239@gmail.com,1957-01-01,f,FES,0635122935,Mar 01 2020,direct
C01652,Tazi,Khadija,khadija.tazi15@gmail.com,1988-01-02,Femme,meknes,0618126886,14/05/2022,influencer
C01653,Ouali,Rachid,rachid.ouali905@gmail.com,2001-01-01,male,meknes,0655960627,2023-11-04,organic
C01654,Gharbi,Khadija,khadija.gharbi214@yahoo.fr,1979-01-02,female,tetouan,0625184381,2022-06-21,email
C01655,Hajji,Houda,khadija.chraibi879@hotmail.com,2007-01-02,Femme,marrakech,0630974708,17/12/2021,referral
C01656,Bensaid,Aisha,aisha.bensaid225@outlook.com,1991-01-02,0,kenitra,0631483603,2023-03-18,paid_search
C01657,Chraibi,Karim,karim.chraibi49@hotmail.com,1957-01-01,m,SAFI,0666342092,2022-07-15,email
C01658,Fassi,Rachid,rachid.fassi567@hotmail.com,1949-01-01,Homme,Beni Mellal,0688703145,2022-02-04,direct
C01659,Tazi,Mehdi,mehdi.tazi446@hotmail.com,1948-01-02,Homme,safi,0632769522,01/04/2020,direct
C01660,Fassi,Tariq,tariq.fassi610@gmail.com,1964-01-02,Homme,tetouan,0647512892,14/06/2021,organic
C01661,Fassi,Youssef,youssef.fassi357@yahoo.fr,1990-01-02,1,casablanca,0630664729,Feb 05 2022,influencer
C01662,Benali,Sanaa,sanaa.benali117@outlook.com,1968-01-02,Femme,Eljadida,0614481563,Apr 07 2021,referral
C01663,Gharbi,Hajar,hajar.gharbi639@yahoo.fr,1991-01-02,0,oujda,0689469712,2022-05-23,influencer
C01664,Ziani,Karim,karim.ziani765@outlook.com,1995-01-02,Homme,CASA,0687817765,27/04/2020,email
C01665,Bensaid,Sanaa,sanaa.bensaid616@outlook.com,1993-01-01,female,oujda,0620100415,12/09/2022,referral
C01666,Fassi,Nadia,nadia.fassi68@gmail.com,1977-01-01,F,Fez,0655888749,Jun 28 2023,organic
C01667,Moussaoui,Youssef,youssef.moussaoui458@gmail.com,1964-01-02,1,RABAT,0646784982,2022-08-27,direct
C01668,Moussaoui,Nadia,nadia.moussaoui106@yahoo.fr,1957-01-01,female,el jadida,0613550019,10/01/2020,social_media
C01669,El Mansouri,Sanaa,sanaa.el mansouri277@gmail.com,2003-01-02,0,SAFI,0657597060,2020-01-21,email
C01670,El Mansouri,Nabil,nabil.el mansouri103@outlook.com,1926-01-02,m,SAFI,0675110960,25/04/2023,social_media
C01671,Bensaid,Zineb,zineb.bensaid998@yahoo.fr,1995-01-02,f,kénitra,0641711219,Dec 21 2023,direct
C01672,Tazi,Hajar,hajar.tazi811@gmail.com,2011-01-02,F,MEKNES,0615562968,02/06/2022,paid_search
C01673,Hajji,Omar,omar.hajji776@yahoo.fr,1956-01-02,Homme,Agdir,0617671858,2020-12-05,direct
C01674,Idrissi,Houda,houda.idrissi59@outlook.com,1966-01-02,F,FES,0653035439,03/12/2023,influencer
C01675,Moussaoui,Sara,nabil.el mansouri981@yahoo.fr,1950-01-02,F,el jadida,0658642195,Sep 16 2021,influencer
C01676,Lahlou,Hajar,hajar.lahlou83@outlook.com,1989-01-01,Femme,tanger,0681576118,2021-01-10,influencer
C01677,Jamai,Sara,sara.jamai458@yahoo.fr,1979-01-02,f,CASA,0631813769,May 18 2021,organic
C01678,Ziani,Khadija,hassan.lahlou921@gmail.com,1928-01-02,female,Rbat,0669509996,2020-03-22,paid_search
C01679,Karimi,Hassan,hassan.karimi848@gmail.com,1987-01-02,1,MEKNES,0696841005,2020-03-21,social_media
C01680,Chaoui,Mohammed,mohammed.chaoui589@yahoo.fr,1943-01-02,h,rabat,0649980592,2022-08-07,referral
C01681,Alami,Amine,amine.alami712@gmail.com,1944-01-02,1,Meknès,0615002545,2021-10-18,paid_search
C01682,Filali,Ayoub,ayoub.filali767@menara.ma,1956-01-02,1,MARRAKECH,0680561155,Dec 31 2023,organic
C01683,Karimi,Tariq,tariq.karimi234@menara.ma,2000-01-02,male,nador,0639921345,2023-10-10,influencer
C01684,Naciri,Adil,adil.naciri118@gmail.com,1978-01-02,Homme,OUJDA,0628416939,13/02/2021,paid_search
C01685,Jamai,Nadia,nadia.jamai120@yahoo.fr,1927-01-02,F,AGADIR,0666401411,2024-03-20,influencer
C01686,Idrissi,Adil,adil.idrissi619@hotmail.com,1976-01-02,male,MEKNES,0655658304,23/07/2020,paid_search
C01687,Rachidi,Ahmed,ahmed.rachidi635@outlook.com,1922-01-02,1,errachidia,0648524666,2023-02-21,email
C01688,Idrissi,Soukaina,soukaina.idrissi80@menara.ma,1957-01-01,0,KENITRA,0686853003,07/06/2021,influencer
C01689,Lahlou,Youssef,youssef.lahlou896@hotmail.com,1983-01-02,male,Oujda ,0686211506,2020-03-25,paid_search
C01690,Senhaji,Omar,omar.senhaji445hotmail.com,1935-01-02,Homme,KENITRA,0693996332,02/10/2021,email
C01691,Moussaoui,Ahmed,ahmed.moussaoui744@hotmail.com,1934-01-02,m,tetouan,0674015895,2022-12-28,direct
C01692,Jamai,Fatima,fatima.jamai501@menara.ma,1953-01-01,F,Mrakech,0638491560,2022-07-25,direct
C01693,Tazi,Aisha,aisha.tazi771@menara.ma,1967-01-02,Femme,ERRACHIDIA,0672727169,26/09/2020,paid_search
C01694,Tazi,Amine,amine.tazi947@gmail.com,1923-01-02,m,Agdir,0691729035,2023-03-15,organic
C01695,Rachidi,Rachid,rachid.rachidi947@yahoo.fr,1945-01-01,Homme,Tnja,0697216300,2023-02-25,email
C01696,Naciri,Karim,karim.naciri771@menara.ma,1982-01-02,1,Marrakesh,0689475703,2022-11-08,organic
C01697,Chraibi,Zineb,youssef.gharbi561@hotmail.com,1996-01-02,0,Rbat,0634616876,11/05/2022,influencer
C01698,Ziani,Yasmine,yasmine.ziani658@hotmail.com,1946-01-02,F,NADOR,0654170628,22/03/2021,email
C01699,Rachidi,Amine,amine.rachidi770@yahoo.fr,1924-01-02,1,Beni Mellal,0677607486,28/03/2024,paid_search
C01700,Karimi,Nabil,nabil.karimi818@hotmail.com,1930-01-02,Homme,rabat,0625830744,23/11/2023,email
C01701,Chaoui,Soukaina,soukaina.chaoui559@menara.ma,1959-01-02,0,rabat,0619358752,03/04/2022,referral
C01702,Gharbi,Rachid,rachid.gharbi967@outlook.com,1946-01-02,h,nador,0675838904,02/09/2020,paid_search
C01703,Gharbi,Yasmine,yasmine.gharbi792@yahoo.fr,2011-01-02,female,SAFI,0691972935,2021-06-21,referral
C01704,Alami,Sara,sara.alami212@outlook.com,1981-01-01,0,AGADIR,0695863598,16/05/2023,organic
C01705,Ziani,Sanaa,sanaa.ziani626@menara.ma,1935-01-02,f,TETOUAN,0682290772,2022-06-18,email
C01706,Senhaji,Khadija,khadija.senhaji167@hotmail.com,1976-01-02,f,beni mellal,0620112592,12/08/2022,organic
C01707,Senhaji,Zineb,zineb.senhaji881@gmail.com,1929-01-01,0,nador,0656135978,14/08/2023,influencer
C01708,Moussaoui,Ahmed,ahmed.moussaoui667@hotmail.com,1927-01-02,1,Casa,0610197662,Feb 13 2021,influencer
C01709,Rachidi,Ahmed,ahmed.rachidi56@outlook.com,1973-01-01,m,errachidia,0637324996,04/03/2020,referral
C01710,Chraibi,Mehdi,mehdi.chraibi920@gmail.com,1944-01-02,1,Oujda ,0633334187,Aug 26 2023,email
C01711,Senhaji,Imane,imane.senhaji335gmail.com,1945-01-01,F,Agdir,0634676025,06/08/2023,direct
C01712,Chaoui,Aisha,khadija.lahlou806@gmail.com,1935-01-02,f,RABAT,0664511793,2022-03-13,referral
C01713,El Mansouri,Mehdi,mehdi.el mansouri861@gmail.com,2004-01-02,1,Fès,0647662975,2021-07-05,influencer
C01714,Chraibi,Rim,rim.chraibi189@hotmail.com,1949-01-01,f,rabat,0649625783,Sep 17 2023,social_media
C01715,Filali,Sara,sara.filali898@hotmail.com,1937-01-01,0,Fez,0658886373,2021-05-24,referral
C01716,Ouali,Khadija,khadija.ouali415@gmail.com,1954-01-02,0,ERRACHIDIA,0642518680,2022-02-07,influencer
C01717,Lahlou,Fatima,fatima.lahlou364@yahoo.fr,1947-01-02,F,SAFI,0659286995,May 14 2024,direct
C01718,Moussaoui,Omar,omar.moussaoui847@hotmail.com,1942-01-02,1,Agdir,0686498139,Jul 14 2022,social_media
C01719,Moussaoui,Nadia,nadia.moussaoui421@yahoo.fr,1982-01-02,f,OUJDA,0672222360,22/05/2023,referral
C01720,Ziani,Nadia,nadia.ziani76@yahoo.fr,1949-01-01,0,beni mellal,0644436550,15/01/2021,paid_search
C01721,Naciri,Youssef,youssef.naciri578@outlook.com,1961-01-01,m,ERRACHIDIA,0633745896,Jan 22 2021,paid_search
C01722,Bensaid,Tariq,tariq.bensaid811@outlook.com,1941-01-01,male,kénitra,0672275859,25/12/2023,referral
C01723,Naciri,Karim,karim.naciri13@hotmail.com,1989-01-01,m,SAFI,0691605547,2021-05-20,social_media
C01724,Bensaid,Adil,adil.bensaid87@yahoo.fr,2008-01-02,m,Mrakech,0616666640,Aug 29 2023,direct
C01725,Moussaoui,Yasmine,yasmine.moussaoui151@outlook.com,1972-01-02,f,SAFI,0685701885,2020-05-24,organic
C01726,Senhaji,Omar,omar.senhaji832@outlook.com,1930-01-02,h,rabat,0689381293,09/06/2023,direct
C01727,Filali,Imane,imane.filali393@hotmail.com,1922-01-02,Femme,errachidia,0654225616,Jun 25 2023,direct
C01728,Senhaji,Mohammed,mohammed.senhaji188@yahoo.fr,1939-01-02,male,Oujda ,0623731131,Jun 28 2023,referral
C01729,Ziani,Sara,sara.ziani963@outlook.com,2007-01-02,female,kenitra,0610578994,23/06/2020,email
C01730,Alami,Samir,samir.alami460@outlook.com,1944-01-02,male,AGADIR,0630526614,31/03/2024,direct
C01731,Alami,Imane,imane.alami318@yahoo.fr,1979-01-02,0,agadir,0619736503,2023-09-06,direct
C01732,Moussaoui,Imane,imane.moussaoui100@gmail.com,1986-01-02,f,MEKNES,0618336246,07/04/2021,influencer
C01733,El Mansouri,Mohammed,mohammed.el mansouri712@hotmail.com,1937-01-01,h,tetouan,0679207547,2022-09-18,paid_search
C01734,Jamai,Omar,omar.jamai750@yahoo.fr,1972-01-02,Homme,marrakech,0646364093,07/10/2022,paid_search
C01735,El Mansouri,Imane,imane.el mansouri794@yahoo.fr,2011-01-02,female,agadir,0691644753,26/05/2020,direct
C01736,Tazi,Ayoub,ayoub.tazi874@hotmail.com,1927-01-02,1,TETOUAN,0620530320,2021-07-02,social_media
C01737,Bensaid,Fatima,fatima.bensaid834@gmail.com,2011-01-02,Femme,kénitra,0620610410,01/02/2024,organic
C01738,Ouali,Yasmine,yasmine.ouali267@hotmail.com,1926-01-02,0,Tétouan,0625699871,2022-03-26,paid_search
C01739,Benali,Fatima,fatima.benali292@gmail.com,2010-01-02,Femme,ERRACHIDIA,0625734299,2023-01-10,organic
C01740,Tazi,Tariq,tariq.tazi154@yahoo.fr,1924-01-02,1,OUJDA,0631517603,Apr 20 2024,direct
C01741,Senhaji,Omar,omar.senhaji381@outlook.com,1976-01-02,m,kénitra,0611670685,2020-11-06,social_media
C01742,Moussaoui,Aisha,aisha.moussaoui290@menara.ma,1985-01-01,Femme,BENI MELLAL,0627737027,2021-02-13,social_media
C01743,Idrissi,Nadia,nadia.idrissi871@gmail.com,2005-01-01,female,tanger ,0691217712,17/02/2023,organic
C01744,Filali,Mohammed,mohammed.filali733@gmail.com,1942-01-02,Homme,casablanca,0636802227,Oct 26 2023,social_media
C01745,Drissi,Houda,houda.drissi99@hotmail.com,1940-01-02,Femme,RABAT,0642342288,16/01/2021,organic
C01746,Jamai,Fatima,fatima.jamai466@yahoo.fr,1935-01-02,f,MEKNES,0646592694,14/01/2022,email
C01747,Benali,Hajar,hajar.benali885@outlook.com,1994-01-02,f,meknes,0648825894,10/03/2022,influencer
C01748,Hajji,Hajar,hajar.hajji591@hotmail.com,1962-01-02,0,SAFI,0634132613,2021-05-23,influencer
C01749,Alami,Yasmine,yasmine.alami373@yahoo.fr,1962-01-02,F,marrakech,0627413391,04/02/2022,referral
C01750,Gharbi,Fatima,fatima.gharbi929@menara.ma,2005-01-01,0,Tnja,0663124684,03/05/2021,organic
C01751,El Mansouri,Fatima,fatima.el mansouri749@outlook.com,1930-01-02,Femme,safi,0693730965,21/01/2023,organic
C01752,Benali,Tariq,tariq.benali607@gmail.com,1981-01-01,m,agadir,0613128008,2023-05-30,social_media
C01753,Ouali,Adil,adil.ouali776@hotmail.com,1965-01-01,1,Tétouan,0635054816,2022-03-14,referral
C01754,El Mansouri,Fatima,fatima.el mansouri884@menara.ma,1948-01-02,Femme,Mrakech,0694579246,Apr 24 2023,organic
C01755,Tazi,Nadia,nadia.tazi986@outlook.com,1969-01-01,F,casablanca,0684818054,03/02/2020,organic
C01756,Chraibi,Sanaa,sanaa.chraibi359@outlook.com,1975-01-02,female,oujda,0632531664,07/05/2023,email
C01757,Rachidi,Ahmed,ahmed.rachidi632@menara.ma,1963-01-02,m,EL JADIDA,0623763883,May 10 2022,email
C01758,Ouali,Fatima,fatima.ouali11@hotmail.com,1958-01-02,f,rabat,0657421735,2020-05-08,email
C01759,Lahlou,Ahmed,ahmed.lahlou978@yahoo.fr,1982-01-02,m,meknes,0652417283,2022-05-16,referral
C01760,Benali,Khadija,khadija.benali383@yahoo.fr,1985-01-01,F,AGADIR,0669369552,2023-03-07,direct
C01761,Lahlou,Nadia,nadia.lahlou219@gmail.com,1952-01-02,f,Agdir,0671771697,09/09/2020,direct
C01762,Chraibi,Adil,adil.chraibi955@outlook.com,1956-01-02,Homme,tetouan,0667671370,2021-11-07,organic
C01763,Karimi,Omar,omar.karimi731@outlook.com,1940-01-02,male,kenitra,0660231698,07/11/2023,influencer
C01764,Rachidi,Omar,omar.rachidi868@menara.ma,1978-01-02,1,Eljadida,0623456882,2023-02-28,organic
C01765,Rachidi,Houda,houda.rachidi248@yahoo.fr,1923-01-02,female,FES,0638230458,Mar 04 2023,paid_search
C01766,Benali,Nadia,nadia.benali191@outlook.com,1991-01-02,female,Oujda ,0689690342,2023-08-29,social_media
C01767,Hajji,Zineb,zineb.hajji637@yahoo.fr,1968-01-02,f,rabat,0634476064,14/02/2020,email
C01768,Naciri,Ahmed,ahmed.naciri632@yahoo.fr,1945-01-01,Homme,rabat,0649852254,10/10/2022,referral
C01769,Bensaid,Ayoub,ayoub.bensaid10@menara.ma,2001-01-01,Homme,BENI MELLAL,0627023871,2022-03-07,paid_search
C01770,Ziani,Houda,houda.ziani707@outlook.com,1983-01-02,f,Tnja,0648164274,2021-05-18,social_media
C01771,Naciri,Adil,adil.naciri641@yahoo.fr,1952-01-02,male,fes,0665588616,26/01/2024,organic
C01772,Jamai,Houda,zineb.naciri709@yahoo.fr,1985-01-01,Femme,TNG,0660794986,2020-03-11,email
C01773,Senhaji,Tariq,tariq.senhaji816@hotmail.com,2007-01-02,male,beni mellal,0627753840,2022-10-12,direct
C01774,Lahlou,Zineb,zineb.lahlou519@yahoo.fr,1964-01-02,f,SAFI,0631461553,Jan 29 2020,social_media
C01775,Senhaji,Leila,leila.senhaji679@hotmail.com,1960-01-02,female,beni mellal,0647946640,20/03/2023,email
C01776,Ziani,Rim,rim.ziani214@gmail.com,1936-01-02,female,Beni Mellal,0682703520,2023-12-21,referral
C01777,Bensaid,Hassan,hassan.bensaid936@outlook.com,1932-01-02,Homme,TANGER,0690156892,Dec 09 2023,social_media
C01778,Naciri,Hicham,hicham.naciri794@menara.ma,1983-01-02,h,ERRACHIDIA,0623613606,2020-09-24,direct
C01779,Drissi,Samir,samir.drissi338@outlook.com,1982-01-02,Homme,tanger,0634488359,03/11/2023,direct
C01780,Gharbi,Youssef,youssef.gharbi837@outlook.com,1973-01-01,male,Rbat,0631691652,2021-11-29,paid_search
C01781,Senhaji,Aisha,aisha.senhaji793@outlook.com,1995-01-02,female,kénitra,0683287740,22/08/2023,email
C01782,Moussaoui,Aisha,aisha.moussaoui535@gmail.com,1986-01-02,F,NADOR,0663796351,18/09/2021,referral
C01783,Alami,Houda,houda.alami772@hotmail.com,1932-01-02,F,EL JADIDA,0635876875,21/10/2023,organic
C01784,Gharbi,Sara,sara.gharbi405@gmail.com,1938-01-02,female,casablanca ,0663791255,2020-09-28,paid_search
C01785,Karimi,Sanaa,sanaa.karimi751@menara.ma,1976-01-02,female,NADOR,0653281687,02/11/2021,email
C01786,Drissi,Sanaa,sanaa.drissi990@yahoo.fr,2011-01-02,f,Oujda ,0669916247,22/11/2021,influencer
C01787,Senhaji,Soukaina,soukaina.senhaji877@yahoo.fr,2002-01-02,female,AGADIR,0653633661,2020-08-06,email
C01788,Chaoui,Nadia,nadia.chaoui789@outlook.com,1974-01-02,0,el jadida,0637057075,19/12/2022,referral
C01789,Senhaji,Fatima,fatima.senhaji795@yahoo.fr,2006-01-02,female,TNG,0664788919,2021-02-01,referral
C01790,Idrissi,Soukaina,soukaina.idrissi158@yahoo.fr,1989-01-01,Femme,beni mellal,0682552378,06/06/2023,social_media
C01791,Idrissi,Tariq,tariq.idrissi765@gmail.com,2010-01-02,h,nador,0691524118,01/09/2022,influencer
C01792,Idrissi,Sara,sara.idrissi345@yahoo.fr,1965-01-01,F,marrakech,0650107493,Oct 12 2021,paid_search
C01793,Moussaoui,Karim,karim.moussaoui770@menara.ma,2010-01-02,h,Meknès,0695786372,01/04/2021,direct
C01794,Karimi,Ayoub,ayoub.karimi599@outlook.com,1956-01-02,m,Beni Mellal,0643685248,2021-07-07,influencer
C01795,Hajji,Adil,adil.hajji993@gmail.com,1994-01-02,Homme,marrakech,0672900310,Jan 26 2021,social_media
C01796,Drissi,Omar,omar.drissi578@menara.ma,1943-01-02,male,Agdir,0659029688,20/08/2020,organic
C01797,Idrissi,Hajar,hajar.idrissi931@outlook.com,1947-01-02,0,SAFI,0696085615,Nov 30 2022,direct
C01798,Ziani,Aisha,aisha.ziani431@yahoo.fr,1990-01-02,f,Beni Mellal,0658398175,19/01/2024,direct
C01799,Ouali,Sara,sara.ouali431@menara.ma,1999-01-02,0,beni mellal,0661532773,2022-04-05,referral
C01800,Chraibi,Samir,samir.chraibi937@gmail.com,1944-01-02,m,kénitra,0630076471,26/08/2021,paid_search
C01801,Karimi,Imane,imane.karimi577@hotmail.com,2009-01-01,0,FES,0671762730,2024-01-24,direct
C01802,Ouali,Aisha,aisha.ouali640@outlook.com,1992-01-02,0,Meknès,0686934791,2020-04-25,influencer
C01803,Idrissi,Sanaa,sanaa.idrissi894@outlook.com,1926-01-02,Femme,EL JADIDA,0669945416,2023-04-04,email
C01804,Ouali,Samir,samir.ouali431@menara.ma,1944-01-02,m,kénitra,0615340730,15/07/2022,paid_search
C01805,Ziani,Karim,karim.ziani67@hotmail.com,1937-01-01,Homme,kénitra,0694179683,2022-03-10,influencer
C01806,Idrissi,Mehdi,mehdi.idrissi564@outlook.com,2009-01-01,1,NADOR,0663498338,2020-06-11,referral
C01807,Drissi,Rim,rim.drissi185@gmail.com,1934-01-02,Femme,beni mellal,0683441529,2023-01-24,referral
C01808,Chraibi,Imane,imane.chraibi803@gmail.com,2008-01-02,f,ERRACHIDIA,0662079695,04/01/2024,referral
C01809,Drissi,Hicham,hicham.drissi49@menara.ma,1993-01-01,h,RABAT,0684259884,May 27 2023,social_media
C01810,Senhaji,Yasmine,yasmine.senhaji679@menara.ma,1953-01-01,0,BENI MELLAL,0615937620,11/05/2022,paid_search
C01811,Senhaji,Imane,imane.senhaji802@yahoo.fr,1966-01-02,f,EL JADIDA,0669359023,28/04/2021,influencer
C01812,Filali,Hicham,hicham.filali921@yahoo.fr,1931-01-02,m,Meknès,0614393557,2022-01-02,organic
C01813,Bensaid,Khadija,khadija.bensaid692@yahoo.fr,1976-01-02,f,Mrakech,0678330356,2023-01-05,organic
C01814,Jamai,Aisha,aisha.jamai910@menara.ma,1922-01-02,0,errachidia,0696996788,Oct 22 2021,social_media
C01815,Ouali,Meryem,meryem.ouali117@hotmail.com,1943-01-02,f,beni mellal,0688219316,01/08/2023,influencer
C01816,Ouali,Khadija,khadija.ouali551@gmail.com,1930-01-02,Femme,AGADIR,0678770227,2021-08-20,paid_search
C01817,Hajji,Fatima,fatima.hajji840@menara.ma,1973-01-01,f,oujda,0628080813,2023-06-09,social_media
C01818,Filali,Meryem,meryem.filali214@gmail.com,1965-01-01,0,Tétouan,0699839973,28/10/2020,social_media
C01819,Moussaoui,Mehdi,mehdi.moussaoui985@outlook.com,2007-01-02,1,safi,0654483342,2023-02-19,direct
C01820,Fassi,Rim,rim.fassi842@yahoo.fr,1963-01-02,f,KENITRA,0694131537,2024-02-22,social_media
C01821,Moussaoui,Soukaina,soukaina.moussaoui25@menara.ma,1962-01-02,Femme,oujda,0626419085,08/12/2021,referral
C01822,Jamai,Meryem,meryem.jamai666@gmail.com,1933-01-01,female,casablanca ,0610394249,2021-11-20,social_media
C01823,Senhaji,Ahmed,ahmed.senhaji681@gmail.com,1929-01-01,Homme,Fès,0646702832,29/09/2023,direct
C01824,Ziani,Nabil,nabil.ziani262@outlook.com,1954-01-02,Homme,beni mellal,0689388622,Jan 12 2024,referral
C01825,Filali,Nadia,nadia.filali653@yahoo.fr,2008-01-02,female,SAFI,0613968838,23/03/2023,referral
C01826,Fassi,Hajar,hajar.fassi120@outlook.com,1954-01-02,f,Tétouan,0660674429,30/04/2022,organic
C01827,Karimi,Youssef,youssef.karimi765@menara.ma,2007-01-02,1,Rbat,0639552089,04/07/2021,referral
C01828,Gharbi,Ahmed,ahmed.gharbi743@menara.ma,1958-01-02,male,Tétouan,0612166999,11/07/2020,paid_search
C01829,El Mansouri,Karim,karim.el mansouri651@hotmail.com,1976-01-02,Homme,tetouan,0638358696,17/05/2021,email
C01830,Jamai,Rachid,rachid.jamai872@menara.ma,1972-01-02,1,safi,0624769811,2023-01-30,paid_search
C01831,Gharbi,Amine,amine.gharbi69@outlook.com,1929-01-01,male,NADOR,0657783527,08/04/2023,direct
C01832,Filali,Rachid,rachid.filali450@menara.ma,2000-01-02,Homme,tanger,0639035574,2023-01-26,social_media
C01833,Chaoui,Sanaa,sanaa.chaoui747@yahoo.fr,1977-01-01,Femme,ERRACHIDIA,0674573644,2020-10-15,referral
C01834,Alami,Tariq,tariq.alami308@menara.ma,2003-01-02,Homme,Marrakesh,0621232956,04/02/2022,email
C01835,Lahlou,Youssef,youssef.lahlou96@gmail.com,1953-01-01,h,Meknès,0652522212,2021-03-13,influencer
C01836,Alami,Hassan,hassan.alami598@hotmail.com,1928-01-02,male,CASA,0616948119,01/12/2023,email
C01837,Drissi,Mohammed,mohammed.drissi741@outlook.com,1972-01-02,1,Casa,0622361346,2020-05-12,paid_search
C01838,Naciri,Meryem,invalide_sans_arobase,2002-01-02,female,casablanca,0692562620,07/10/2023,referral
C01839,Jamai,Houda,houda.jamai132@hotmail.com,1959-01-02,f,RABAT,0687602817,2023-09-06,influencer
C01840,Idrissi,Karim,hassan.tazi15@outlook.com,1987-01-02,m,KENITRA,0654995235,18/08/2023,email
C01841,Karimi,Samir,samir.karimi938@yahoo.fr,1999-01-02,Homme,Tnja,0664875946,2022-09-10,email
C01842,Karimi,Hassan,hassan.karimi757@outlook,1957-01-01,1,safi,0627277176,Oct 04 2020,email
C01843,Karimi,Mohammed,mohammed.karimi238@outlook.com,2005-01-01,Homme,Rbat,0613695188,Jul 14 2020,direct
C01844,Chaoui,Hicham,hicham.chaoui117@yahoo.fr,1983-01-02,h,FES,0696133200,2020-12-22,referral
C01845,Gharbi,Aisha,aisha.gharbi163@yahoo.fr,1959-01-02,Femme,rabat,0650839673,15/01/2021,email
C01846,Ouali,Khadija,khadija.ouali439@gmail.com,1956-01-02,0,MARRAKECH,0617316042,Feb 03 2024,email
C01847,Ouali,Amine,amine.ouali652@menara.ma,1980-01-02,Homme,kénitra,0693897696,2022-01-08,paid_search
C01848,Moussaoui,Karim,karim.moussaoui855@gmail.com,1962-01-02,male,SAFI,0685527073,2020-05-15,influencer
C01849,Lahlou,Sara,sara.lahlou807@yahoo.fr,1932-01-02,female,marrakech,0645782585,26/08/2022,email
C01850,Moussaoui,Omar,omar.moussaoui870@outlook.com,1955-01-02,Homme,Oujda ,0652651808,2023-09-27,social_media
C01851,Chraibi,Sara,sara.chraibi902@outlook.com,1980-01-02,Femme,Fez,0676283981,2023-04-28,organic
C01852,Chaoui,Zineb,zineb.chaoui161@menara.ma,1958-01-02,F,errachidia,0653484070,2021-07-09,direct
C01853,Tazi,Houda,houda.tazi337@outlook.com,1938-01-02,female,el jadida,0662787346,05/02/2024,email
C01854,Chraibi,Khadija,khadija.chraibi243@outlook.com,1942-01-02,female,Casa,0640145757,Oct 11 2023,organic
C01855,Senhaji,Amine,amine.senhaji672@yahoo.fr,1980-01-02,m,el jadida,0673617029,2020-09-24,paid_search
C01856,Alami,Adil,adil.alami966@gmail.com,1950-01-02,h,kenitra,0661888236,2024-02-07,social_media
C01857,Drissi,Youssef,youssef.drissi293@menara.ma,1973-01-01,male,RABAT,0696227411,Jul 23 2021,direct
C01858,Jamai,Amine,amine.jamai353@menara.ma,1935-01-02,m,Rbat,0688528019,20/04/2023,email
C01859,Moussaoui,Omar,omar.moussaoui841@outlook.com,2001-01-01,m,NADOR,0661441320,2024-01-11,paid_search
C01860,Naciri,Tariq,tariq.naciri463@gmail.com,1983-01-02,1,fes,0614410593,Aug 02 2020,organic
C01861,Ziani,Karim,karim.ziani29@gmail.com,1939-01-02,h,Beni Mellal,0614548283,08/04/2024,social_media
C01862,Idrissi,Omar,omar.idrissi996@hotmail.com,1958-01-02,male,NADOR,0681602352,2020-07-24,influencer
C01863,Benali,Aisha,aisha.benali978@gmail.com,1984-01-02,f,marrakech,0623922336,2022-03-31,email
C01864,Alami,Adil,adil.alami49@hotmail.com,2007-01-02,1,KENITRA,0665967954,31/08/2020,referral
C01865,Chaoui,Nabil,nabil.chaoui898@outlook.com,1993-01-01,m,Mrakech,0650582530,2023-02-07,social_media
C01866,Karimi,Omar,omar.karimi203@gmail.com,1939-01-02,m,safi,0637569515,2023-01-18,organic
C01867,Rachidi,Soukaina,soukaina.rachidi102@gmail.com,1994-01-02,F,NADOR,0612177526,2020-10-04,paid_search
C01868,Senhaji,Youssef,youssef.senhaji569@gmail.com,1943-01-02,male,agadir,0675039075,2023-11-28,referral
C01869,Rachidi,Amine,amine.rachidi870@outlook.com,1957-01-01,1,CASA,0684371081,2020-06-12,direct
C01870,Bensaid,Nadia,nadia.bensaid994@gmail.com,1938-01-02,0,FES,0625967936,2021-12-14,organic
C01871,Hajji,Nabil,nabil.hajji85@hotmail.com,1935-01-02,male,oujda,0664562184,2023-01-27,email
C01872,Karimi,Sara,sara.karimi180@menara.ma,2011-01-02,Femme,Marrakesh,0618724766,20/12/2023,referral
C01873,Senhaji,Meryem,meryem.senhaji937@hotmail.com,1947-01-02,F,fes,0614110486,2022-01-26,direct
C01874,Ouali,Houda,houda.ouali357@menara.ma,1947-01-02,0,safi,0670163745,30/07/2023,paid_search
C01875,Moussaoui,Amine,amine.moussaoui137@hotmail.com,1963-01-02,m,tanger,0621140488,Aug 25 2021,direct
C01876,Hajji,Aisha,aisha.hajji6@menara.ma,1958-01-02,Femme,tanger ,0669737587,May 12 2024,organic
C01877,Naciri,Samir,samir.naciri419@outlook.com,1999-01-02,male,kenitra,0611034506,24/08/2022,social_media
C01878,Lahlou,Ahmed,ahmed.lahlou892@yahoo.fr,1993-01-01,1,kenitra,0648105554,27/01/2020,paid_search
C01879,El Mansouri,Imane,imane.el mansouri539@yahoo.fr,1935-01-02,f,TANGER,0622384194,20/03/2020,referral
C01880,Bensaid,Zineb,zineb.bensaid822@gmail.com,1998-01-02,0,Agdir,0613986434,2024-05-04,email
C01881,El Mansouri,Yasmine,yasmine.el mansouri169@outlook.com,2011-01-02,Femme,Casa,0675682810,Feb 13 2023,referral
C01882,Hajji,Meryem,meryem.hajji30yahoo.fr,2008-01-02,f,TETOUAN,0654215127,2021-05-11,referral
C01883,El Mansouri,Imane,imane.el mansouri806@outlook.com,1928-01-02,Femme,Meknès,0665027980,2022-07-19,direct
C01884,Benali,Mehdi,mehdi.benali180@gmail.com,1933-01-01,1,oujda,0656218260,Oct 16 2022,referral
C01885,Hajji,Samir,samir.hajji476@outlook.com,1993-01-01,m,SAFI,0643632413,May 05 2021,paid_search
C01886,Karimi,Karim,karim.karimi566@hotmail.com,1964-01-02,h,marrakech,0683112591,2024-04-04,referral
C01887,Naciri,Hicham,hicham.naciri618@menara.ma,1973-01-01,Homme,kénitra,0682910006,2022-05-28,organic
C01888,Karimi,Amine,amine.karimi431@menara.ma,1977-01-01,Homme,errachidia,0621139313,2022-03-28,paid_search
C01889,Hajji,Aisha,aisha.hajji429@outlook.com,1941-01-01,0,agadir,0695230710,11/02/2020,social_media
C01890,Moussaoui,Hajar,hajar.moussaoui631@outlook.com,1961-01-01,Femme,Marrakesh,0676960840,2021-01-04,influencer
C01891,Jamai,Mehdi,mehdi.jamai692@yahoo.fr,1979-01-02,1,marrakech,0614282852,2021-07-14,direct
C01892,Drissi,Hassan,hassan.drissi738@hotmail.com,1961-01-01,h,Agdir,0655370500,07/10/2021,influencer
C01893,Fassi,Amine,amine.fassi855@menara.ma,1991-01-02,Homme,AGADIR,0618245547,May 04 2021,social_media
C01894,El Mansouri,Samir,samir.el mansouri636@hotmail.com,1988-01-02,1,Agdir,0682185025,12/10/2020,social_media
C01895,Alami,Hassan,hassan.alami934@yahoo.fr,1923-01-02,h,casablanca ,0631197225,22/07/2020,social_media
C01896,El Mansouri,Hicham,hicham.el mansouri28@hotmail.com,1989-01-01,m,nador,0689234132,Dec 26 2020,paid_search
C01897,Alami,Rachid,rachid.alami406@yahoo.fr,2007-01-02,1,safi,0688701173,17/11/2020,email
C01898,Fassi,Fatima,fatima.fassi155@gmail.com,2005-01-01,F,FES,0638406702,04/02/2022,paid_search
C01899,Bensaid,Aisha,aisha.bensaid64@gmail.com,1921-01-01,Femme,oujda,0660570940,2020-10-26,email
C01900,Filali,Hajar,hajar.filali288@menara.ma,1966-01-02,Femme,Tnja,0687761337,Jun 27 2023,social_media
C01901,Jamai,Mohammed,mohammed.jamai813@hotmail.com,1994-01-02,1,Oujda ,0694224928,17/08/2022,influencer
C01902,Karimi,Hassan,hassan.karimi386@hotmail.com,1980-01-02,male,Eljadida,0625873894,2023-06-13,influencer
C01903,Filali,Leila,leila.filali630@gmail.com,1948-01-02,female,BENI MELLAL,0655631522,2020-04-29,direct
C01904,Naciri,Rim,samir.karimi276@gmail.com,2000-01-02,female,kenitra,0664597014,2023-09-18,direct
C01905,El Mansouri,Youssef,youssef.el mansouri252@gmail.com,1931-01-02,h,Tnja,0694449730,05/09/2022,social_media
C01906,El Mansouri,Leila,leila.el mansouri155@yahoo.fr,1966-01-02,0,CASA,0660808227,26/07/2023,email
C01907,Hajji,Houda,houda.hajji934@menara.ma,1992-01-02,Femme,fes,0615374399,Feb 29 2020,social_media
C01908,Karimi,Imane,imane.karimi792@yahoo.fr,1922-01-02,0,Beni Mellal,0619817970,2021-02-28,paid_search
C01909,Filali,Khadija,khadija.filali642@outlook.com,1985-01-01,female,Eljadida,0644608672,30/07/2020,referral
C01910,Filali,Adil,adil.filali509@menara.ma,1968-01-02,1,rabat,0622649696,20/07/2020,direct
C01911,Moussaoui,Hicham,hicham.moussaoui824@hotmail.com,1974-01-02,1,meknes,0659499531,May 10 2020,paid_search
C01912,Karimi,Hassan,hassan.karimi966@hotmail.com,1980-01-02,male,NADOR,0652146428,2024-03-18,paid_search
C01913,Senhaji,Nadia,nadia.senhaji452@outlook.com,1990-01-02,F,Mrakech,0626148236,2020-02-14,direct
C01914,Alami,Karim,karim.alami982@menara.ma,1958-01-02,Homme,KENITRA,0624744772,Oct 19 2020,organic
C01915,El Mansouri,Soukaina,soukaina.el mansouri769@menara.ma,1989-01-01,0,BENI MELLAL,0612923920,11/06/2023,influencer
C01916,Filali,Hassan,hassan.filali899@hotmail.com,1938-01-02,m,Oujda ,0659828067,2020-01-09,influencer
C01917,Rachidi,Hassan,hassan.rachidi473@outlook.com,1922-01-02,m,ERRACHIDIA,0676135332,20/01/2024,influencer
C01918,Drissi,Karim,karim.drissi885@outlook.com,1953-01-01,m,FES,0622563750,22/08/2021,direct
C01919,Hajji,Adil,adil.hajji198@menara.ma,1923-01-02,m,Beni Mellal,0646202036,2021-10-10,paid_search
C01920,Ouali,Houda,houda.ouali13@menara.ma,1926-01-02,F,oujda,0610583081,2020-08-19,social_media
C01921,Benali,Mohammed,mohammed.benali913@outlook.com,1995-01-02,male,Eljadida,0637318709,Feb 23 2021,social_media
C01922,Ouali,Imane,imane.ouali692@outlook.com,1946-01-02,F,TETOUAN,0676943149,22/01/2024,organic
C01923,Alami,Amine,amine.alami873@hotmail.com,1975-01-02,male,rabat,0685469454,Jan 28 2022,email
C01924,Gharbi,Ahmed,ahmed.gharbi150@hotmail.com,2000-01-02,h,agadir,0697655433,2020-01-02,email
C01925,Drissi,Houda,houda.drissi487@hotmail.com,1923-01-02,F,errachidia,0639089965,08/12/2022,referral
C01926,Idrissi,Hassan,hassan.idrissi654@gmail.com,1981-01-01,m,OUJDA,0678312956,2021-11-27,social_media
C01927,Senhaji,Leila,leila.senhaji650@gmail.com,1950-01-02,female,AGADIR,0677872004,2020-04-12,referral
C01928,Moussaoui,Ahmed,ahmed.moussaoui529@hotmail.com,1949-01-01,male,marrakech,0622242063,2023-05-30,paid_search
C01929,Bensaid,Amine,amine.bensaid540@outlook.com,1922-01-02,m,casablanca,0659098675,Nov 22 2022,paid_search
C01930,Chaoui,Aisha,aisha.chaoui583@outlook.com,1955-01-02,F,Beni Mellal,0679969884,17/02/2021,social_media
C01931,Rachidi,Aisha,aisha.rachidi891@gmail.com,1969-01-01,0,agadir,0644303825,31/12/2021,organic
C01932,Karimi,Houda,houda.karimi451@yahoo.fr,1981-01-01,F,nador,0647888143,2020-11-22,direct
C01933,Ouali,Ahmed,ahmed.ouali928@menara.ma,1924-01-02,Homme,SAFI,0667085807,26/05/2022,referral
C01934,Gharbi,Mohammed,mohammed.gharbi7@yahoo.fr,1991-01-02,male,MEKNES,0667713287,28/04/2023,direct
C01935,Karimi,Hassan,hassan.karimi72@hotmail.com,1990-01-02,Homme,SAFI,0650241725,2022-05-23,social_media
C01936,Tazi,Adil,invalide_sans_arobase,1951-01-02,1,NADOR,0640032596,Feb 11 2023,influencer
C01937,Rachidi,Rachid,rachid.rachidi481@menara.ma,1997-01-01,m,MARRAKECH,0652820746,19/09/2020,paid_search
C01938,Alami,Leila,leila.alami799@outlook.com,2001-01-01,f,TNG,0647400852,2020-10-15,direct
C01939,Gharbi,Zineb,zineb.gharbi910@gmail.com,1923-01-02,female,casablanca ,0626147671,20/10/2023,direct
C01940,Moussaoui,Aisha,aisha.moussaoui374@outlook.com,1960-01-02,female,marrakech,0691504474,02/06/2023,paid_search
C01941,Jamai,Omar,ayoub.moussaoui531@yahoo.fr,1992-01-02,1,Rbat,0660984196,29/10/2023,social_media
C01942,Gharbi,Khadija,khadija.gharbi981@yahoo.fr,2002-01-02,0,Tétouan,0611783108,2022-07-28,direct
C01943,Filali,Zineb,zineb.filali250@menara.ma,1948-01-02,f,Casa,0614985096,06/03/2024,organic
C01944,El Mansouri,Amine,amine.el mansouri430@gmail.com,1960-01-02,Homme,Tétouan,0638042768,2023-10-02,paid_search
C01945,Ouali,Khadija,khadija.ouali885@outlook.com,1971-01-02,F,kénitra,0637785216,03/01/2022,organic
C01946,Jamai,Ahmed,ahmed.jamai585@menara.ma,1979-01-02,male,ERRACHIDIA,0695036366,Mar 04 2022,direct
C01947,El Mansouri,Adil,adil.el mansouri24@yahoo.fr,1948-01-02,1,OUJDA,0629629704,13/05/2024,email
C01948,Karimi,Meryem,meryem.karimi271@outlook.com,1948-01-02,Femme,tanger,0614614759,Nov 12 2023,direct
C01949,Tazi,Mohammed,mohammed.tazi401@gmail.com,1963-01-02,m,casablanca,0685091911,2024-04-17,social_media
C01950,Drissi,Rachid,rachid.drissi411@yahoo.fr,1922-01-02,1,AGADIR,0697973637,2021-03-20,direct
C01951,Alami,Adil,adil.alami92@gmail.com,2005-01-01,h,tetouan,0618853873,06/02/2023,organic
C01952,Jamai,Adil,adil.jamai875@outlook.com,1929-01-01,1,BENI MELLAL,0618652877,17/11/2021,referral
C01953,Filali,Tariq,tariq.filali52@outlook.com,1978-01-02,1,OUJDA,0621881015,11/05/2021,paid_search
C01954,Chraibi,Mehdi,mehdi.chraibi26@outlook.com,1994-01-02,male,Casa,0686783086,12/09/2021,direct
C01955,Ouali,Soukaina,soukaina.ouali868@gmail.com,1983-01-02,f,TANGER,0683615758,10/03/2021,direct
C01956,Bensaid,Mohammed,mohammed.bensaid444@menara.ma,1932-01-02,h,rabat,0684853166,Apr 12 2023,direct
C01957,Filali,Sara,sara.filali433@outlook.com,1966-01-02,f,OUJDA,0667329867,07/09/2022,organic
C01958,Moussaoui,Zineb,zineb.moussaoui891@yahoo.fr,1984-01-02,0,Oujda ,0680593774,23/09/2023,organic
C01959,Chraibi,Nabil,nabil.chraibi407@yahoo.fr,1936-01-02,1,OUJDA,0668382207,28/06/2022,direct
C01960,Gharbi,Tariq,tariq.gharbi459@menara.ma,1970-01-02,1,kénitra,0690829458,Oct 16 2023,referral
C01961,Jamai,Rachid,rachid.jamai595@outlook.com,1943-01-02,m,AGADIR,0693548775,03/09/2022,social_media
C01962,Bensaid,Sanaa,sanaa.bensaid857@menara.ma,1987-01-02,Femme,Beni Mellal,0613306687,2021-10-11,organic
C01963,Ouali,Aisha,aisha.ouali112@menara.ma,1987-01-02,f,safi,0689219503,Dec 22 2021,email
C01964,Tazi,Mehdi,mehdi.tazi452@gmail.com,1972-01-02,h,tanger,0697441279,09/01/2022,organic
C01965,Idrissi,Hassan,hassan.idrissi609@yahoo.fr,1949-01-01,Homme,TNG,0696243003,04/02/2020,referral
C01966,Drissi,Mohammed,invalide_sans_arobase,1947-01-02,male,MEKNES,0632939871,16/03/2023,organic
C01967,Chraibi,Rim,rim.chraibi616@hotmail.com,1982-01-02,female,tetouan,0625980798,22/07/2023,paid_search
C01968,Benali,Ayoub,ayoub.benali14menara.ma,1978-01-02,1,NADOR,0628641879,15/06/2021,referral
C01969,Hajji,Sanaa,sanaa.hajji481@hotmail.com,1970-01-02,f,Eljadida,0647190316,2021-09-16,direct
C01970,Naciri,Yasmine,yasmine.naciri695@menara.ma,1942-01-02,0,Agdir,0650792644,Jun 02 2021,social_media
C01971,Chaoui,Sanaa,sanaa.chaoui288@menara.ma,1943-01-02,Femme,errachidia,0699423512,Mar 10 2024,referral
C01972,Jamai,Adil,adil.jamai576@yahoo.fr,1928-01-02,h,nador,0665900464,2022-10-09,paid_search
C01973,Karimi,Meryem,hassan.el mansouri127@outlook.com,1951-01-02,F,meknes,0678168182,2023-06-01,social_media
C01974,Bensaid,Soukaina,soukaina.bensaid575@yahoo.fr,1973-01-01,female,Tétouan,0655260429,2023-01-01,organic
C01975,Benali,Sanaa,sanaa.benali370@gmail.com,1960-01-02,0,beni mellal,0616863441,2022-07-26,social_media
C01976,Benali,Tariq,tariq.benali714@menara.ma,1949-01-01,1,AGADIR,0695219696,08/12/2021,direct
C01977,Tazi,Omar,omar.tazi948@gmail.com,1940-01-02,Homme,agadir,0627804687,12/11/2023,organic
C01978,Alami,Sanaa,sanaa.alami674@yahoo.fr,1985-01-01,0,errachidia,0628692391,08/08/2022,influencer
C01979,Hajji,Hicham,hicham.hajji769@menara.ma,1969-01-01,1,Eljadida,0623498326,2020-08-16,direct
C01980,Alami,Khadija,khadija.alami282@yahoo.fr,1953-01-01,0,KENITRA,0661043561,Jan 10 2021,email
C01981,Benali,Nabil,nabil.benali537@hotmail.com,1941-01-01,Homme,Mrakech,0620770572,15/06/2021,paid_search
C01982,Bensaid,Adil,adil.bensaid844@gmail.com,2001-01-01,male,AGADIR,0651965117,27/03/2024,direct
C01983,Benali,Hajar,hajar.benali946@menara.ma,1998-01-02,female,FES,0669359381,2021-05-27,influencer
C01984,Chaoui,Hicham,hicham.chaoui684@hotmail.com,1957-01-01,1,marrakech,0633327018,22/03/2024,referral
C01985,Drissi,Meryem,invalide_sans_arobase,2004-01-02,F,fes,0691001384,2022-06-02,influencer
C01986,Bensaid,Ayoub,ayoub.bensaid613@hotmail.com,1948-01-02,m,agadir,0654282473,16/01/2024,referral
C01987,El Mansouri,Ayoub,ayoub.el mansouri937@menara.ma,1999-01-02,1,MARRAKECH,0681271728,12/02/2023,organic
C01988,Lahlou,Meryem,meryem.lahlou871@gmail.com,2004-01-02,Femme,tetouan,0663786125,2021-09-01,influencer
C01989,Fassi,Mehdi,mehdi.fassi805@yahoo.fr,1951-01-02,Homme,MEKNES,0672620390,13/01/2021,organic
C01990,Karimi,Nabil,nabil.moussaoui533@yahoo.fr,1987-01-02,m,safi,0696825012,2021-09-04,referral
C01991,Chaoui,Leila,leila.chaoui908@gmail.com,1926-01-02,female,meknes,0696237148,2020-08-07,paid_search
C01992,Ziani,Samir,samir.ziani118@menara.ma,1968-01-02,m,FES,0678348181,Aug 16 2020,social_media
C01993,Benali,Nabil,nabil.benali749@outlook.com,1992-01-02,1,Tétouan,0643042472,24/03/2022,organic
C01994,Gharbi,Zineb,zineb.gharbi696@menara.ma,2008-01-02,0,Tétouan,0670561842,2022-09-25,direct
C01995,Bensaid,Sanaa,sanaa.bensaid759@outlook.com,1986-01-02,Femme,Mrakech,0616861001,Jan 22 2020,social_media
C01996,Chraibi,Youssef,youssef.chraibi387@outlook.com,1933-01-01,m,BENI MELLAL,0695624361,Dec 10 2021,social_media
C01997,Moussaoui,Meryem,meryem.moussaoui464@menara.ma,2005-01-01,f,Tétouan,0637610659,13/07/2021,direct
C01998,Lahlou,Rim,rim.lahlou305@gmail.com,1981-01-01,F,kenitra,0615993292,Jun 03 2020,influencer
C01999,Fassi,Rachid,rachid.fassi74@gmail.com,1980-01-02,1,oujda,0623495598,2023-01-22,social_media
C02000,Hajji,Ahmed,ahmed.hajji549@outlook.com,1989-01-01,m,beni mellal,0620307567,20/03/2024,referral
C02001,Chraibi,Nabil,invalide_sans_arobase,1939-01-02,m,Fez,0690561864,26/01/2020,referral
C02002,Rachidi,Rim,rim.rachidi439@menara.ma,1966-01-02,f,marrakech,0616758413,Aug 28 2022,paid_search
C02003,Hajji,Amine,amine.hajji276@outlook.com,1928-01-02,h,agadir,0634199907,19/03/2021,referral
C02004,Drissi,Aisha,aisha.drissi904@outlook.com,1929-01-01,Femme,Mrakech,0666413822,25/05/2023,referral
C02005,Karimi,Sanaa,sanaa.karimi399@gmail.com,1948-01-02,0,MEKNES,0625613416,10/11/2023,referral
C02006,El Mansouri,Soukaina,soukaina.el mansouri867@menara.ma,1998-01-02,female,EL JADIDA,0669138923,2023-01-18,organic
C02007,Rachidi,Sanaa,sanaa.rachidi213@menara.ma,1944-01-02,Femme,safi,0632263132,2024-02-02,direct
C02008,Moussaoui,Rim,rim.moussaoui985@gmail.com,1963-01-02,female,oujda,0639314809,2020-01-02,direct
C02009,Ouali,Ahmed,ahmed.ouali427@gmail.com,1926-01-02,m,RABAT,0678633402,2021-04-09,paid_search
C02010,Naciri,Leila,youssef.lahlou389@menara.ma,1963-01-02,F,Oujda ,0678520004,Sep 16 2022,social_media
C02011,Tazi,Meryem,yasmine.chraibi428@menara.ma,1949-01-01,0,Oujda ,0640469192,Nov 14 2023,influencer
C02012,Fassi,Khadija,khadija.fassi765@yahoo.fr,1935-01-02,0,meknes,0661445893,06/11/2021,email
C02013,Idrissi,Mohammed,mohammed.idrissi52@menara.ma,1937-01-01,m,KENITRA,0632862496,19/09/2020,email
C02014,Senhaji,Aisha,aisha.senhaji198@gmail.com,1922-01-02,female,nador,0674486044,16/11/2021,referral
C02015,Ziani,Imane,imane.ziani489@hotmail.com,1935-01-02,Femme,rabat,0624288223,2022-10-01,email
C02016,Karimi,Soukaina,soukaina.karimi428@hotmail.com,1932-01-02,f,errachidia,0668071791,06/06/2020,direct
C02017,Hajji,Houda,houda.hajji97@menara.ma,1935-01-02,Femme,SAFI,0670214278,30/12/2020,influencer
C02018,Naciri,Aisha,aisha.naciri612@hotmail.com,1940-01-02,f,CASA,0680538895,13/11/2023,direct
C02019,Senhaji,Amine,amine.senhaji971@yahoo.fr,1985-01-01,m,casablanca ,0676270221,2021-12-13,direct
C02020,Moussaoui,Ahmed,ahmed.moussaoui228@yahoo.fr,1981-01-01,m,Tétouan,0654214396,02/07/2021,influencer
C02021,Bensaid,Hassan,hassan.bensaid855@gmail.com,1935-01-02,Homme,Agdir,0654682192,2022-10-28,direct
C02022,Hajji,Yasmine,yasmine.hajji697@outlook.com,1996-01-02,female,SAFI,0639236279,21/05/2023,social_media
C02023,Karimi,Soukaina,soukaina.karimi109@menara.ma,1935-01-02,Femme,kenitra,0694469965,Feb 22 2024,influencer
C02024,Rachidi,Imane,imane.rachidi889@menara.ma,1998-01-02,0,oujda,0626309371,26/11/2023,social_media
C02025,Idrissi,Sanaa,sanaa.idrissi101@yahoo.fr,1971-01-02,f,AGADIR,0639209542,2024-05-08,social_media
C02026,Rachidi,Ayoub,ayoub.rachidi613@menara.ma,1932-01-02,m,Oujda ,0698798695,2021-09-18,influencer
C02027,Chraibi,Sara,sara.chraibi285@gmail.com,1934-01-02,f,MEKNES,0695369341,May 09 2024,email
C02028,Moussaoui,Amine,amine.moussaoui521@gmail.com,1932-01-02,male,ERRACHIDIA,0670776641,28/02/2020,social_media
C02029,Filali,Rachid,rachid.filali232@hotmail.com,1988-01-02,Homme,nador,0696750195,15/12/2020,email
C02030,Bensaid,Nabil,nabil.bensaid538@yahoo.fr,1925-01-01,1,beni mellal,0668234321,2021-10-02,organic
C02031,Tazi,Ayoub,ayoub.tazi103@hotmail.com,1941-01-01,Homme,nador,0631118074,2023-11-20,influencer
C02032,Bensaid,Fatima,fatima.bensaid316@menara.ma,2000-01-02,F,Oujda ,0618741015,19/11/2021,email
C02033,Ziani,Tariq,tariq.ziani292@gmail.com,1932-01-02,h,beni mellal,0635839651,2022-08-15,email
C02034,Karimi,Hassan,hassan.karimi96@outlook.com,1989-01-01,male,nador,0613645536,2023-08-09,paid_search
C02035,Idrissi,Khadija,khadija.idrissi186@outlook.com,1930-01-02,0,MEKNES,0661218112,05/06/2022,paid_search
C02036,Fassi,Adil,adil.fassi584@hotmail.com,2000-01-02,h,casablanca,0693901180,14/01/2023,social_media
C02037,Bensaid,Hicham,hicham.bensaid813@yahoo.fr,1976-01-02,1,Tnja,0666994196,2023-10-11,direct
C02038,Naciri,Hassan,hassan.naciri196@yahoo.fr,1943-01-02,h,Fès,0638009488,2022-08-25,direct
C02039,Bensaid,Houda,houda.bensaid261@gmail.com,1965-01-01,0,MARRAKECH,0685433047,2020-12-27,referral
C02040,Karimi,Mehdi,mehdi.karimi352@gmail.com,2009-01-01,h,Rbat,0695040563,Dec 07 2022,email
C02041,Rachidi,Yasmine,yasmine.rachidi864@gmail.com,1934-01-02,Femme,agadir,0653314199,2023-05-15,influencer
C02042,Karimi,Houda,houda.karimi46@hotmail.com,1945-01-01,f,tanger ,0689014370,2021-11-27,referral
C02043,Idrissi,Leila,leila.idrissi292@outlook.com,1945-01-01,female,Meknès,0682329115,05/06/2023,paid_search
C02044,Drissi,Amine,amine.drissi469@gmail.com,1956-01-02,h,Casa,0693379472,Jun 20 2022,organic
C02045,Gharbi,Adil,adil.gharbi818@outlook.com,1920-01-02,male,AGADIR,0674482820,04/01/2022,direct
C02046,Chraibi,Fatima,fatima.chraibi347@gmail.com,2009-01-01,female,Meknès,0649262869,18/06/2021,direct
C02047,Jamai,Omar,omar.jamai711@yahoo.fr,1930-01-02,male,KENITRA,0612502696,2021-07-23,organic
C02048,Naciri,Soukaina,soukaina.naciri419@outlook.com,1968-01-02,f,Rbat,0645472873,30/12/2020,paid_search
C02049,Tazi,Rachid,rachid.tazi602@yahoo.fr,1996-01-02,Homme,safi,0654350692,Apr 24 2020,direct
C02050,Karimi,Mehdi,mehdi.karimi893@menara.ma,1963-01-02,Homme,el jadida,0694447782,22/04/2022,social_media
C02051,Hajji,Khadija,khadija.hajji777@menara.ma,1926-01-02,0,Agdir,0657082768,2021-03-28,influencer
C02052,Chaoui,Mohammed,mohammed.chaoui871@yahoo.fr,1935-01-02,Homme,Eljadida,0697043169,2021-03-02,email
C02053,Rachidi,Sara,sara.rachidi471@hotmail.com,2005-01-01,female,AGADIR,0629687189,Apr 15 2020,direct
C02054,Idrissi,Leila,leila.idrissi312@hotmail.com,1960-01-02,F,Oujda ,0642830348,2021-04-21,organic
C02055,Hajji,Omar,omar.hajji380@menara.ma,1920-01-02,m,errachidia,0626647276,2022-07-03,influencer
C02056,Ouali,Zineb,zineb.ouali908@menara.ma,1994-01-02,0,OUJDA,0682233668,03/10/2021,referral
C02057,Rachidi,Imane,imane.rachidi272@menara.ma,1933-01-01,Femme,nador,0648286911,25/10/2022,social_media
C02058,Gharbi,Imane,imane.gharbi457@menara.ma,2008-01-02,female,OUJDA,0666356892,15/02/2023,organic
C02059,El Mansouri,Imane,imane.el mansouri24@menara.ma,1972-01-02,female,agadir,0650003269,2020-06-29,influencer
C02060,Gharbi,Soukaina,soukaina.gharbi668@yahoo.fr,2007-01-02,F,SAFI,0614495909,2022-04-17,email
C02061,Jamai,Omar,omar.jamai740@hotmail.com,1969-01-01,male,Fès,0634198568,Feb 14 2021,social_media
C02062,Benali,Houda,houda.benali647@gmail.com,1952-01-02,F,beni mellal,0619413975,02/05/2020,influencer
C02063,Filali,Khadija,khadija.filali371@menara.ma,1935-01-02,F,Tétouan,0663566592,Oct 05 2021,organic
C02064,Karimi,Samir,samir.karimi515@yahoo.fr,1976-01-02,male,Casa,0651126010,21/08/2022,organic
C02065,Rachidi,Meryem,meryem.rachidi685@gmail.com,1937-01-01,female,NADOR,0683492271,28/10/2020,organic
C02066,El Mansouri,Hajar,hajar.el mansouri378@menara.ma,1964-01-02,F,nador,0647074477,2024-01-11,social_media
C02067,Fassi,Mohammed,mohammed.fassi589@yahoo.fr,2009-01-01,Homme,SAFI,0642476548,30/06/2023,social_media
C02068,Idrissi,Ahmed,ahmed.idrissi57@hotmail.com,1943-01-02,male,TANGER,0675035667,21/09/2021,social_media
C02069,Ziani,Mehdi,mehdi.ziani859@gmail.com,1947-01-02,Homme,Marrakesh,0650162276,Sep 11 2021,organic
C02070,Bensaid,Karim,karim.bensaid269@hotmail.com,1925-01-01,1,Eljadida,0674538706,2023-08-14,email
C02071,Filali,Mehdi,mehdi.filali717@menara.ma,1948-01-02,male,CASA,0622102757,Feb 20 2021,organic
C02072,El Mansouri,Mohammed,mohammed.el mansouri364@outlook.com,1958-01-02,Homme,safi,0656877123,Mar 06 2021,referral
C02073,Fassi,Rim,rim.fassi711@gmail.com,1968-01-02,F,tanger ,0680130705,13/09/2021,direct
C02074,Fassi,Ayoub,ayoub.fassi995@outlook.com,1945-01-01,m,MEKNES,0693326883,2020-12-30,social_media
C02075,Hajji,Tariq,tariq.hajji319@outlook.com,1941-01-01,m,fes,0644655142,2022-02-27,social_media
C02076,Fassi,Hassan,hassan.fassi106@outlook.com,1981-01-01,m,beni mellal,0633271861,09/05/2020,social_media
C02077,Gharbi,Yasmine,yasmine.gharbi303@gmail.com,1960-01-02,0,fes,0654605939,2023-08-06,social_media
C02078,Karimi,Ahmed,ahmed.karimi229@gmail.com,1974-01-02,m,Meknès,0621804569,07/10/2023,organic
C02079,Bensaid,Sanaa,sanaa.bensaid563@hotmail.com,1953-01-01,female,Fès,0653692745,2021-09-13,referral
C02080,Ziani,Tariq,tariq.ziani101@yahoo.fr,1935-01-02,Homme,rabat,0665965577,20/09/2021,referral
C02081,Naciri,Mohammed,mohammed.naciri996@gmail.com,1929-01-01,male,casablanca,0617901857,Mar 23 2024,influencer
C02082,Filali,Youssef,youssef.filali257@yahoo.fr,1943-01-02,1,safi,0630393707,2023-11-08,influencer
C02083,Chraibi,Sanaa,sanaa.chraibi412@yahoo.fr,1932-01-02,female,rabat,0681011665,31/01/2021,paid_search
C02084,Alami,Nabil,nabil.alami12@hotmail.com,1930-01-02,Homme,rabat,0683989967,08/07/2023,direct
C02085,El Mansouri,Youssef,youssef.el mansouri32@gmail.com,1977-01-01,h,TETOUAN,0627289643,Jun 04 2021,referral
C02086,El Mansouri,Aisha,aisha.el mansouri625@hotmail.com,1920-01-02,Femme,nador,0629786357,Jul 17 2023,paid_search
C02087,Moussaoui,Adil,adil.moussaoui45@hotmail.com,1988-01-02,Homme,OUJDA,0650323824,2022-09-04,influencer
C02088,Bensaid,Hajar,hajar.bensaid990@hotmail.com,1979-01-02,F,Beni Mellal,0677787932,07/11/2021,direct
C02089,Benali,Leila,leila.benali97@menara.ma,1956-01-02,0,kénitra,0676053505,23/12/2022,referral
C02090,Moussaoui,Hajar,hajar.moussaoui356@menara.ma,1933-01-01,0,CASA,0662258051,Sep 11 2023,paid_search
C02091,El Mansouri,Ayoub,nadia.ouali800@hotmail.com,1987-01-02,h,TANGER,0674692193,2023-04-21,influencer
C02092,Chaoui,Yasmine,yasmine.chaoui772@outlook.com,2009-01-01,Femme,Casa,0679934871,16/04/2023,influencer
C02093,Hajji,Hajar,hajar.hajji574@yahoo.fr,1972-01-02,F,beni mellal,0644845000,Jul 30 2022,direct
C02094,Hajji,Karim,karim.hajji316@menara.ma,1966-01-02,m,meknes,0695846292,Apr 25 2020,email
C02095,Filali,Youssef,youssef.filali748@menara.ma,1979-01-02,h,Oujda ,0680963668,12/03/2024,influencer
C02096,Filali,Houda,houda.filali153@outlook.com,1927-01-02,0,safi,0680536400,03/12/2020,organic
C02097,Gharbi,Mehdi,mehdi.gharbi158@yahoo.fr,1946-01-02,h,Oujda ,0650000379,Oct 27 2023,paid_search
C02098,Naciri,Yasmine,yasmine.naciri655@menara.ma,1960-01-02,Femme,Eljadida,0639368299,Sep 09 2022,direct
C02099,Karimi,Khadija,khadija.karimi851@outlook.com,1982-01-02,0,casablanca ,0653268737,06/12/2021,direct
C02100,Chraibi,Khadija,khadija.chraibi163@outlook.com,1943-01-02,Femme,casablanca,0695377710,Aug 19 2021,paid_search
C02101,Ouali,Amine,amine.ouali331@gmail.com,1933-01-01,h,OUJDA,0654915315,2021-04-03,paid_search
C02102,Karimi,Soukaina,soukaina.karimi74@hotmail.com,1997-01-01,female,Meknès,0690376522,2022-05-24,direct
C02103,Benali,Ayoub,ayoub.benali580@yahoo.fr,1988-01-02,m,oujda,0615051841,24/06/2020,email
C02104,Chraibi,Rim,rim.chraibi159@yahoo.fr,1944-01-02,F,Eljadida,0638852315,17/09/2021,referral
C02105,Moussaoui,Rachid,rachid.moussaoui421@outlook.com,1979-01-02,male,casablanca,0646855423,17/01/2020,social_media
C02106,Alami,Meryem,meryem.alami74@hotmail.com,1981-01-01,F,OUJDA,0675225841,Aug 01 2020,email
C02107,Naciri,Nadia,nadia.naciri902@gmail.com,1961-01-01,F,ERRACHIDIA,0675035969,Jul 01 2021,influencer
C02108,El Mansouri,Rim,rim.el mansouri508@yahoo.fr,1985-01-01,Femme,Tétouan,0618451222,07/08/2020,social_media
C02109,Ouali,Houda,houda.ouali757@yahoo.fr,2006-01-02,f,ERRACHIDIA,0653081518,Jan 19 2024,influencer
C02110,Hajji,Mehdi,mehdi.hajji882@gmail.com,1971-01-02,h,CASA,0661845268,08/01/2021,social_media
C02111,Rachidi,Houda,houda.rachidi657@outlook.com,2011-01-02,F,tetouan,0674491302,2021-12-04,influencer
C02112,Senhaji,Tariq,tariq.senhaji67@menara.ma,1992-01-02,h,marrakech,0651180542,22/05/2023,email
C02113,Drissi,Samir,samir.drissi440@hotmail.com,1925-01-01,1,Eljadida,0655143341,19/09/2023,email
C02114,Naciri,Zineb,zineb.naciri359@menara.ma,2007-01-02,f,AGADIR,0650666948,25/01/2024,direct
C02115,Jamai,Samir,samir.jamai228@menara.ma,1998-01-02,Homme,Eljadida,0633450700,15/10/2020,influencer
C02116,Bensaid,Soukaina,soukaina.bensaid880@gmail.com,1923-01-02,Femme,safi,0656409030,2021-03-07,paid_search
C02117,Benali,Aisha,aisha.benali680@gmail.com,1929-01-01,female,meknes,0648619326,Jun 12 2023,social_media
C02118,Filali,Hicham,hicham.filali269@outlook.com,1965-01-01,male,AGADIR,0644166783,2020-07-31,email
C02119,Drissi,Nadia,nadia.drissi403@outlook.com,1952-01-02,F,NADOR,0630353937,May 01 2021,referral
C02120,Lahlou,Sanaa,sanaa.lahlou566@gmail.com,1937-01-01,female,Beni Mellal,0650454816,2022-09-26,referral
C02121,Naciri,Samir,samir.naciri413@gmail.com,1944-01-02,Homme,el jadida,0665102366,2020-12-09,direct
C02122,Alami,Zineb,zineb.alami308@gmail.com,1936-01-02,f,Marrakesh,0699850845,23/04/2023,influencer
C02123,Drissi,Hassan,hassan.drissi570@hotmail.com,2006-01-02,h,MEKNES,0660044865,02/01/2024,organic
C02124,Alami,Rachid,rachid.alami196@outlook.com,2002-01-02,male,Tétouan,0614192932,Sep 11 2023,influencer
C02125,Benali,Rachid,rachid.benali963@menara.ma,1977-01-01,h,Meknès,0668045967,06/12/2023,referral
C02126,Filali,Sanaa,sanaa.filali101@menara.ma,1965-01-01,0,NADOR,0669749655,02/04/2022,email
C02127,Naciri,Adil,adil.naciri499@yahoo.fr,1966-01-02,h,oujda,0675639148,28/04/2020,social_media
C02128,Chaoui,Hassan,hassan.chaoui991@yahoo.fr,1998-01-02,1,tanger,0646521309,2021-01-23,paid_search
C02129,Rachidi,Sara,sara.rachidi651@hotmail.com,1960-01-02,Femme,Meknès,0686205634,27/04/2022,influencer
C02130,Idrissi,Nabil,nabil.idrissi533@gmail.com,1926-01-02,m,ERRACHIDIA,0640645572,15/01/2022,paid_search
C02131,El Mansouri,Meryem,meryem.el mansouri400@gmail.com,1968-01-02,female,Fez,0689362602,25/06/2021,influencer
C02132,Senhaji,Youssef,youssef.senhaji885@outlook.com,1998-01-02,m,nador,0636323326,2020-12-06,direct
C02133,Fassi,Karim,karim.fassi825@menara.ma,1949-01-01,h,el jadida,0654714192,Jun 21 2023,paid_search
C02134,Idrissi,Zineb,zineb.idrissi645@hotmail.com,1984-01-02,Femme,NADOR,0647602980,Aug 09 2021,organic
C02135,Tazi,Adil,adil.tazi682@hotmail.com,1954-01-02,1,TANGER,0629378957,2020-04-28,influencer
C02136,Ziani,Nabil,nabil.ziani222@menara.ma,1946-01-02,Homme,KENITRA,0676659916,2020-06-13,direct
C02137,Alami,Youssef,youssef.alami969@gmail.com,1986-01-02,1,marrakech,0623078971,2020-08-15,social_media
C02138,Moussaoui,Ayoub,hassan.el mansouri127@outlook.com,1961-01-01,Homme,ERRACHIDIA,0616202184,08/02/2024,paid_search
C02139,Drissi,Houda,houda.drissi995@outlook.com,1993-01-01,Femme,Tnja,0666514753,01/09/2023,influencer
C02140,Naciri,Samir,samir.naciri190@gmail.com,1942-01-02,h,Oujda ,0616620388,2023-09-07,referral
C02141,Ziani,Imane,imane.ziani228@gmail.com,1991-01-02,Femme,NADOR,0663768384,09/06/2021,paid_search
C02142,Ziani,Aisha,aisha.ziani628@gmail.com,1924-01-02,F,nador,0661929332,May 25 2024,influencer
C02143,Rachidi,Tariq,tariq.rachidi661@gmail.com,1927-01-02,m,Meknès,0617124317,09/09/2020,direct
C02144,Ziani,Meryem,meryem.ziani103@yahoo.fr,1937-01-01,female,Tnja,0647214819,2020-12-24,email
C02145,Bensaid,Ahmed,ahmed.bensaid255@menara.ma,1968-01-02,1,el jadida,0628870433,2020-12-22,referral
C02146,Senhaji,Mehdi,mehdi.senhaji467@hotmail.com,1993-01-01,h,Fès,0683180388,17/04/2021,influencer
C02147,Filali,Leila,leila.filali860@outlook,1954-01-02,Femme,safi,0674426922,2021-09-29,email
C02148,Gharbi,Khadija,khadija.gharbi791@hotmail.com,2001-01-01,f,errachidia,0630205381,2023-01-17,organic
C02149,Senhaji,Sanaa,sanaa.senhaji975@outlook.com,2010-01-02,Femme,Eljadida,0670907440,23/07/2020,paid_search
C02150,Rachidi,Hicham,hicham.rachidi717@gmail.com,1947-01-02,male,ERRACHIDIA,0619893707,2020-09-22,direct
C02151,Karimi,Fatima,fatima.karimi96@menara.ma,1930-01-02,F,agadir,0642087136,2022-07-06,email
C02152,Tazi,Adil,adil.tazi465@menara.ma,1956-01-02,m,OUJDA,0640123918,2021-09-27,direct
C02153,Chraibi,Rim,rim.chraibi685@yahoo.fr,1951-01-02,f,FES,0633762856,25/06/2021,paid_search
C02154,Rachidi,Sanaa,sanaa.rachidi918@hotmail.com,2011-01-02,F,marrakech,0688738651,13/09/2021,paid_search
C02155,Drissi,Hicham,hicham.drissi555@gmail.com,1968-01-02,Homme,meknes,0671070966,02/05/2023,referral
C02156,Ziani,Imane,imane.ziani736@hotmail.com,1996-01-02,f,Tnja,0687326905,2022-08-26,paid_search
C02157,Filali,Nadia,nadia.filali762@hotmail.com,1946-01-02,female,rabat,0661996102,31/10/2023,email
C02158,Filali,Nadia,nadia.filali26@yahoo.fr,1978-01-02,F,SAFI,0665950318,Jan 24 2020,paid_search
C02159,Chraibi,Ayoub,ayoub.chraibi736@menara.ma,1959-01-02,h,tanger ,0669439569,Jun 21 2022,paid_search
C02160,Benali,Zineb,zineb.benali776@yahoo.fr,1959-01-02,female,Fez,0672872396,2023-04-21,direct
C02161,Filali,Aisha,aisha.filali805@gmail.com,1981-01-01,f,Rbat,0690137906,2022-05-09,direct
C02162,Tazi,Amine,amine.tazi991@yahoo.fr,1987-01-02,1,el jadida,0638947425,17/06/2023,social_media
C02163,Moussaoui,Nadia,nadia.moussaoui24@menara.ma,1963-01-02,Femme,beni mellal,0610309521,27/03/2022,direct
C02164,Karimi,Omar,omar.karimi449@outlook.com,1994-01-02,h,CASA,0677893811,2021-12-04,direct
C02165,Moussaoui,Mohammed,mohammed.moussaoui883@hotmail.com,1940-01-02,Homme,KENITRA,0655720290,2021-05-17,referral
C02166,Fassi,Hassan,hassan.fassi371@hotmail.com,1944-01-02,m,Fez,0665055720,Apr 05 2024,social_media
C02167,Alami,Sanaa,sanaa.alami492@outlook.com,1941-01-01,female,KENITRA,0613679313,2023-10-22,social_media
C02168,Drissi,Youssef,youssef.drissi256@gmail.com,2000-01-02,h,KENITRA,0665660855,Mar 03 2021,influencer
C02169,Rachidi,Mehdi,mehdi.rachidi580@outlook.com,1945-01-01,male,safi,0643768952,Nov 18 2020,referral
C02170,Naciri,Soukaina,soukaina.naciri178@outlook.com,1926-01-02,female,Mrakech,0625415612,2022-05-24,social_media
C02171,Tazi,Mehdi,mehdi.tazi519gmail.com,1922-01-02,m,KENITRA,0651905386,24/11/2021,social_media
C02172,Filali,Youssef,youssef.filali164@gmail.com,1965-01-01,Homme,marrakech,0663465476,18/07/2021,referral
C02173,Chaoui,Samir,samir.chaoui57@hotmail.com,1952-01-02,Homme,el jadida,0657715975,16/12/2020,direct
C02174,Idrissi,Nadia,nadia.idrissi175@gmail.com,2004-01-02,F,ERRACHIDIA,0649239176,14/02/2024,influencer
C02175,Alami,Omar,omar.alami587@hotmail.com,1981-01-01,h,Oujda ,0696471668,22/01/2020,influencer
C02176,Idrissi,Hicham,hicham.idrissi344@menara.ma,1994-01-02,male,Casa,0699074906,2022-12-24,direct
C02177,Chraibi,Tariq,tariq.chraibi472@gmail.com,1998-01-02,h,Meknès,0674879146,2023-10-02,referral
C02178,Chaoui,Karim,karim.chaoui586@yahoo.fr,1992-01-02,h,rabat,0640446581,2023-12-14,referral
C02179,Alami,Imane,imane.alami852@hotmail.com,1950-01-02,Femme,kenitra,0689643430,2020-07-30,direct
C02180,Karimi,Yasmine,yasmine.karimi831@gmail.com,1934-01-02,f,MARRAKECH,0612603456,31/05/2024,influencer
C02181,Drissi,Nadia,nadia.drissi811@hotmail.com,1952-01-02,F,oujda,0661738093,2020-09-23,organic
C02182,Chaoui,Nabil,nabil.chaoui183@hotmail.com,1951-01-02,male,Eljadida,0668283144,21/12/2023,paid_search
C02183,Idrissi,Ayoub,ayoub.idrissi305@yahoo.fr,1968-01-02,Homme,ERRACHIDIA,0679644509,2022-10-11,influencer
C02184,Rachidi,Sanaa,sanaa.rachidi113@hotmail.com,1972-01-02,F,safi,0631030803,Jun 10 2023,organic
C02185,Tazi,Hassan,hassan.tazi663@gmail.com,1951-01-02,h,tanger,0616689317,2023-03-08,referral
C02186,Lahlou,Amine,amine.lahlou495@yahoo.fr,1990-01-02,male,Beni Mellal,0628578556,2020-09-14,referral
C02187,Benali,Ayoub,ayoub.benali227@menara.ma,1935-01-02,m,errachidia,0623456105,2023-10-22,paid_search
C02188,Drissi,Ahmed,ahmed.drissi771@menara.ma,1972-01-02,m,MEKNES,0666519645,Mar 16 2023,organic
C02189,Chaoui,Samir,samir.chaoui535@hotmail.com,1983-01-02,1,Tétouan,0646627666,Jul 07 2022,social_media
C02190,Tazi,Tariq,tariq.tazi653@yahoo.fr,1929-01-01,Homme,Oujda ,0665759211,21/11/2023,paid_search
C02191,Hajji,Karim,rim.tazi456@yahoo.fr,1991-01-02,Homme,beni mellal,0664047337,2021-10-26,direct
C02192,Bensaid,Youssef,youssef.bensaid577@gmail.com,1930-01-02,m,Marrakesh,0664570141,May 18 2020,direct
C02193,El Mansouri,Nadia,nadia.el mansouri463@outlook.com,1921-01-01,Femme,marrakech,0648136651,26/12/2020,organic
C02194,Rachidi,Khadija,khadija.rachidi614@yahoo.fr,1956-01-02,Femme,EL JADIDA,0686625483,05/04/2021,email
C02195,Ziani,Samir,soukaina.el mansouri218@gmail.com,1926-01-02,h,Eljadida,0656541288,23/12/2020,referral
C02196,Ouali,Karim,karim.ouali203@yahoo.fr,1999-01-02,1,Tnja,0641198032,2021-07-21,direct
C02197,Fassi,Mohammed,mohammed.fassi236@menara.ma,1992-01-02,Homme,ERRACHIDIA,0612904310,21/07/2023,email
C02198,Ouali,Nabil,nabil.ouali162@gmail.com,1970-01-02,m,TNG,0643358220,2020-09-27,influencer
C02199,Chaoui,Rachid,rachid.chaoui375@hotmail.com,2005-01-01,h,nador,0646692823,2020-11-07,direct
C02200,Moussaoui,Sanaa,sanaa.moussaoui313@gmail.com,1964-01-02,f,RABAT,0641215046,Nov 11 2022,organic
C02201,Senhaji,Soukaina,soukaina.senhaji78@outlook.com,1967-01-02,Femme,Beni Mellal,0639959248,02/02/2024,referral
C02202,Chaoui,Yasmine,yasmine.chaoui632@menara.ma,1971-01-02,female,casablanca ,0668014632,2021-04-17,referral
C02203,Naciri,Hassan,hassan.naciri252@gmail.com,1959-01-02,1,NADOR,0668059269,2021-05-01,organic
C02204,Naciri,Rachid,rachid.naciri963@gmail.com,2004-01-02,Homme,kénitra,0661729163,Oct 22 2022,direct
C02205,Ouali,Khadija,khadija.ouali472@gmail.com,1923-01-02,f,errachidia,0689572412,2020-03-18,organic
C02206,Naciri,Soukaina,soukaina.naciri751@gmail.com,1935-01-02,female,safi,0682202022,2023-05-01,email
C02207,Drissi,Rim,rim.drissi396@yahoo.fr,1946-01-02,F,BENI MELLAL,0621891017,Dec 16 2022,email
C02208,Bensaid,Yasmine,yasmine.bensaid47@hotmail.com,1963-01-02,female,Eljadida,0681981346,2024-04-02,paid_search
C02209,Benali,Mehdi,mehdi.benali13@menara.ma,1991-01-02,m,Casa,0670052849,12/11/2020,paid_search
C02210,Naciri,Karim,karim.naciri290@gmail.com,1920-01-02,m,fes,0663733032,21/05/2023,referral
C02211,Chraibi,Aisha,aisha.chraibi262@hotmail.com,1985-01-01,female,errachidia,0644925104,04/03/2022,referral
C02212,Moussaoui,Amine,amine.moussaoui540@outlook.com,2003-01-02,h,EL JADIDA,0623552803,21/06/2020,email
C02213,Lahlou,Fatima,fatima.lahlou685@outlook.com,1985-01-01,0,errachidia,0677616303,Apr 09 2020,direct
C02214,Ziani,Leila,mohammed.fassi512@outlook.com,1944-01-02,female,agadir,0642242644,27/04/2024,paid_search
C02215,Hajji,Soukaina,soukaina.hajji19@yahoo.fr,1940-01-02,f,tetouan,0665792084,2020-08-08,referral
C02216,El Mansouri,Rim,rim.el mansouri13@gmail.com,1994-01-02,Femme,AGADIR,0613191037,2023-09-09,email
C02217,Benali,Khadija,khadija.benali520@gmail.com,1941-01-01,F,SAFI,0663883262,16/07/2023,referral
C02218,Jamai,Sara,sara.jamai387@gmail,1980-01-02,0,Eljadida,0617977764,2020-02-26,organic
C02219,Karimi,Leila,leila.karimi162@outlook.com,2009-01-01,Femme,casablanca ,0686254307,Mar 05 2023,paid_search
C02220,Naciri,Nadia,nadia.naciri773@menara.ma,1923-01-02,Femme,casablanca ,0631040273,2020-10-24,paid_search
C02221,Moussaoui,Rim,rim.moussaoui58@gmail.com,1995-01-02,Femme,TANGER,0661303604,02/03/2024,influencer
C02222,Lahlou,Youssef,youssef.lahlou81@hotmail.com,1978-01-02,m,safi,0678027044,2020-01-25,paid_search
C02223,Benali,Houda,houda.benali727@outlook.com,1984-01-02,0,Meknès,0684266059,24/08/2021,paid_search
C02224,Tazi,Tariq,tariq.tazi391@yahoo.fr,1951-01-02,male,Agdir,0647829025,2021-09-12,organic
C02225,Idrissi,Youssef,youssef.idrissi711@outlook.com,1961-01-01,1,Fez,0641501634,2022-08-04,email
C02226,Chaoui,Omar,omar.chaoui858@gmail.com,1992-01-02,male,nador,0645375799,2024-06-01,influencer
C02227,Ziani,Samir,samir.ziani419@gmail.com,1953-01-01,m,Tétouan,0626661843,Jul 27 2020,influencer
C02228,Karimi,Nabil,nabil.karimi868@menara.ma,1993-01-01,Homme,Oujda ,0684116580,02/10/2023,email
C02229,Hajji,Mohammed,mohammed.hajji269@gmail.com,2003-01-02,h,casablanca,0651882705,Jan 20 2020,email
C02230,Hajji,Nabil,nabil.hajji161@hotmail.com,1936-01-02,m,Marrakesh,0615174414,2022-10-25,organic
C02231,Benali,Soukaina,soukaina.benali827@menara.ma,1947-01-02,F,fes,0612923389,2021-02-09,influencer
C02232,Moussaoui,Soukaina,soukaina.moussaoui279@hotmail.com,1992-01-02,Femme,NADOR,0690482789,04/07/2021,paid_search
C02233,Hajji,Fatima,fatima.hajji220@menara.ma,1937-01-01,F,meknes,0691103559,2021-04-15,organic
C02234,Bensaid,Amine,amine.bensaid296@gmail.com,1973-01-01,m,SAFI,0612271149,2021-04-04,influencer
C02235,Hajji,Sanaa,sanaa.hajji963@gmail.com,1967-01-02,female,fes,0614859447,2020-06-15,referral
C02236,Karimi,Rim,rim.karimi303@menara.ma,1983-01-02,f,OUJDA,0612861296,2020-05-05,email
C02237,Bensaid,Zineb,zineb.bensaid308@outlook.com,1937-01-01,F,Mrakech,0679358956,22/05/2020,direct
C02238,Drissi,Amine,amine.drissi26@gmail.com,1952-01-02,m,MEKNES,0639786072,01/09/2023,referral
C02239,Gharbi,Khadija,khadija.gharbi829@yahoo.fr,1955-01-02,f,casablanca,0669371178,06/08/2020,influencer
C02240,Benali,Imane,imane.benali38@hotmail.com,2000-01-02,Femme,marrakech,0657871750,Nov 15 2021,paid_search
C02241,Hajji,Nadia,nadia.hajji238@yahoo.fr,1927-01-02,female,BENI MELLAL,0660200866,2020-11-27,organic
C02242,Filali,Soukaina,soukaina.filali28@yahoo.fr,2011-01-02,Femme,Tétouan,0688606838,2023-04-10,direct
C02243,Gharbi,Sanaa,sanaa.gharbi737@menara.ma,1933-01-01,female,fes,0670992556,Mar 19 2021,influencer
C02244,Naciri,Soukaina,soukaina.naciri712@yahoo.fr,1992-01-02,F,SAFI,0680605522,Feb 09 2022,direct
C02245,Bensaid,Hicham,hicham.bensaid158@menara.ma,1953-01-01,m,beni mellal,0642403652,14/07/2021,influencer
C02246,Rachidi,Ayoub,ayoub.rachidi940@outlook.com,1956-01-02,m,Agdir,0696044825,26/07/2020,social_media
C02247,Bensaid,Zineb,zineb.bensaid129@gmail.com,1994-01-02,f,Oujda ,0688845927,15/02/2023,email
C02248,Jamai,Houda,houda.jamai411@yahoo.fr,1935-01-02,f,Casa,0698935572,10/07/2023,email
C02249,Hajji,Fatima,fatima.hajji614@yahoo.fr,1922-01-02,F,OUJDA,0688274599,2020-11-05,social_media
C02250,Alami,Karim,karim.alami637@yahoo.fr,2005-01-01,m,nador,0621162108,31/10/2021,paid_search
C02251,Ziani,Hicham,hicham.ziani471@yahoo.fr,1932-01-02,h,rabat,0641002695,2020-01-03,direct
C02252,Gharbi,Samir,samir.gharbi544@hotmail.com,1938-01-02,h,Eljadida,0685253501,09/04/2022,social_media
C02253,Benali,Ahmed,ahmed.benali271@hotmail.com,1952-01-02,1,SAFI,0652548353,24/01/2024,referral
C02254,Chaoui,Youssef,youssef.chaoui791@outlook.com,2009-01-01,male,el jadida,0680634667,Jan 29 2024,influencer
C02255,Rachidi,Aisha,aisha.rachidi394@gmail.com,1920-01-02,f,rabat,0665493661,20/06/2021,direct
C02256,Hajji,Khadija,khadija.hajji434@outlook.com,1933-01-01,f,OUJDA,0668323698,2021-07-14,social_media
C02257,Ziani,Omar,omar.ziani683@gmail.com,1927-01-02,1,Rbat,0630023268,Jul 24 2023,influencer
C02258,Drissi,Yasmine,yasmine.drissi180@menara.ma,1937-01-01,F,SAFI,0632201737,2021-01-16,referral
C02259,Idrissi,Soukaina,soukaina.idrissi265@hotmail.com,1980-01-02,F,Oujda ,0625161988,2020-08-25,influencer
C02260,Benali,Omar,sara.rachidi651@hotmail.com,1940-01-02,male,Casa,0652582456,2023-12-09,direct
C02261,Chraibi,Adil,adil.chraibi932@menara.ma,1950-01-02,h,errachidia,0633049268,30/12/2021,direct
C02262,Idrissi,Mohammed,mohammed.idrissi978@menara.ma,1997-01-01,male,ERRACHIDIA,0663052213,2024-01-24,social_media
C02263,Senhaji,Karim,invalide_sans_arobase,1971-01-02,Homme,Tétouan,0675727209,17/08/2022,direct
C02264,Ziani,Yasmine,yasmine.ziani201@outlook.com,1937-01-01,Femme,CASA,0644206177,14/01/2024,direct
C02265,Chaoui,Ahmed,ahmed.chaoui491@yahoo.fr,1953-01-01,m,Beni Mellal,0667136020,Oct 30 2020,paid_search
C02266,Naciri,Imane,imane.naciri107@gmail.com,1974-01-02,0,fes,0611934573,2023-01-17,paid_search
C02267,Senhaji,Mohammed,mohammed.senhaji717@yahoo.fr,1979-01-02,h,KENITRA,0639953588,16/12/2020,organic
C02268,Senhaji,Rim,rim.senhaji538@yahoo.fr,1982-01-02,Femme,EL JADIDA,0683117599,2021-12-15,organic
C02269,Alami,Sara,sara.alami66@outlook.com,1974-01-02,F,MEKNES,0619308637,13/06/2022,social_media
C02270,Naciri,Khadija,khadija.naciri781@yahoo.fr,1991-01-02,Femme,AGADIR,0622264065,02/11/2023,organic
C02271,Chaoui,Yasmine,yasmine.chaoui34@outlook.com,1943-01-02,0,RABAT,0633208690,01/03/2021,organic
C02272,Alami,Amine,amine.alami463@yahoo.fr,1992-01-02,h,TNG,0699880988,10/07/2021,influencer
C02273,Ouali,Leila,leila.ouali339@yahoo.fr,1938-01-02,F,tanger ,0625013221,01/05/2022,social_media
C02274,Naciri,Amine,amine.naciri627@menara.ma,1925-01-01,Homme,FES,0610192600,2021-06-04,email
C02275,Moussaoui,Mohammed,mohammed.moussaoui102@menara.ma,2011-01-02,m,Mrakech,0654464700,2023-02-05,email
C02276,Naciri,Rachid,rachid.naciri307@yahoo.fr,1923-01-02,1,tanger ,0627393802,2021-08-28,email
C02277,Alami,Karim,karim.alami670@outlook.com,1938-01-02,male,Beni Mellal,0636191515,2020-09-07,social_media
C02278,Fassi,Sanaa,sanaa.fassi715@yahoo.fr,1941-01-01,Femme,kénitra,0635918320,22/07/2022,direct
C02279,Lahlou,Leila,leila.lahlou944@hotmail.com,1920-01-02,female,oujda,0655615554,Mar 08 2024,social_media
C02280,Drissi,Fatima,fatima.drissi90@gmail.com,1970-01-02,F,NADOR,0634370847,06/08/2022,referral
C02281,Benali,Amine,amine.benali227@gmail.com,1936-01-02,m,TANGER,0658149856,Dec 28 2022,referral
C02282,Ziani,Nabil,nabil.ziani483@gmail.com,1972-01-02,1,tetouan,0659388927,2023-12-09,direct
C02283,Lahlou,Rim,rim.lahlou611@yahoo.fr,1966-01-02,female,MEKNES,0669715793,12/10/2022,influencer
C02284,Filali,Ahmed,ahmed.filali193@menara.ma,1983-01-02,m,EL JADIDA,0672778448,Apr 23 2022,paid_search
C02285,Filali,Sanaa,invalide_sans_arobase,1966-01-02,F,meknes,0624633723,14/12/2021,social_media
C02286,Gharbi,Ahmed,ahmed.gharbi207@menara.ma,1963-01-02,m,errachidia,0646546762,28/07/2022,direct
C02287,Filali,Youssef,youssef.filali520@outlook.com,1982-01-02,m,Marrakesh,0624203908,2024-02-25,social_media
C02288,Bensaid,Khadija,khadija.bensaid130@menara.ma,1969-01-01,f,errachidia,0638352645,02/12/2022,direct
C02289,El Mansouri,Yasmine,yasmine.el mansouri526@hotmail.com,1940-01-02,F,Oujda ,0697504741,02/08/2020,influencer
C02290,Hajji,Soukaina,soukaina.hajji993@outlook.com,2005-01-01,f,nador,0673117761,30/04/2021,email
C02291,Idrissi,Soukaina,soukaina.idrissi321@menara.ma,1979-01-02,Femme,casablanca,0670652921,05/04/2022,influencer
C02292,Naciri,Nabil,nabil.naciri139@menara.ma,1975-01-02,1,EL JADIDA,0657601184,2023-03-09,paid_search
C02293,Idrissi,Ayoub,ayoub.idrissi256@hotmail.com,1985-01-01,h,Agdir,0695473930,Dec 26 2023,direct
C02294,Bensaid,Rachid,rachid.bensaid721@outlook.com,1971-01-02,male,el jadida,0676690005,06/11/2021,influencer
C02295,Rachidi,Amine,amine.rachidi539@hotmail.com,1972-01-02,m,safi,0617622114,25/06/2022,organic
C02296,Moussaoui,Zineb,zineb.moussaoui97@yahoo.fr,1931-01-02,female,kénitra,0639247654,05/03/2022,social_media
C02297,Senhaji,Omar,ayoub.hajji379@hotmail.com,1936-01-02,h,Rbat,0654698618,28/10/2023,direct
C02298,Chaoui,Omar,omar.chaoui784@yahoo.fr,1961-01-01,Homme,RABAT,0641929442,04/10/2021,direct
C02299,Drissi,Soukaina,soukaina.drissi292@outlook.com,1923-01-02,0,rabat,0642972877,02/07/2021,organic
C02300,Bensaid,Houda,houda.bensaid338@gmail.com,1971-01-02,Femme,BENI MELLAL,0615623943,2020-10-31,paid_search
C02301,Idrissi,Rachid,rachid.idrissi76@yahoo.fr,1965-01-01,h,EL JADIDA,0662563413,15/08/2020,organic
C02302,Filali,Ayoub,ayoub.filali612@gmail.com,1925-01-01,m,agadir,0668733605,14/02/2024,social_media
C02303,El Mansouri,Hicham,hicham.el mansouri929@outlook.com,1931-01-02,m,OUJDA,0648021653,08/05/2022,email
C02304,Alami,Samir,samir.alami960@hotmail.com,1968-01-02,h,TNG,0664746059,10/03/2021,paid_search
C02305,Rachidi,Rachid,rachid.rachidi499@outlook.com,1984-01-02,1,MEKNES,0635727682,26/03/2023,organic
C02306,Naciri,Rim,rim.naciri37@gmail.com,1980-01-02,F,Oujda ,0698676236,Oct 18 2020,paid_search
C02307,Filali,Youssef,youssef.filali189@yahoo.fr,1968-01-02,m,casablanca ,0691267783,17/03/2020,paid_search
C02308,Chaoui,Ayoub,ayoub.chaoui980@hotmail.com,2004-01-02,1,safi,0643937141,25/09/2021,paid_search
C02309,Rachidi,Khadija,khadija.rachidi916@yahoo.fr,2002-01-02,0,nador,0641032607,19/04/2023,influencer
C02310,Bensaid,Nabil,nabil.bensaid162@outlook.com,1933-01-01,1,TANGER,0640109240,20/02/2020,social_media
C02311,Naciri,Ayoub,ayoub.naciri44@gmail.com,1993-01-01,h,NADOR,0669655946,2024-03-13,paid_search
C02312,Jamai,Karim,karim.jamai636@outlook.com,1943-01-02,male,errachidia,0618340223,2022-03-30,social_media
C02313,Fassi,Ahmed,ahmed.fassi432@outlook.com,1978-01-02,male,Agdir,0687791234,2021-10-25,email
C02314,Alami,Houda,houda.alami865@outlook.com,2009-01-01,Femme,meknes,0694238694,Jun 10 2021,email
C02315,Ouali,Karim,karim.ouali223@menara.ma,1951-01-02,male,ERRACHIDIA,0611891665,2022-06-23,direct
C02316,Karimi,Houda,houda.karimi491@menara.ma,1956-01-02,0,ERRACHIDIA,0630555871,2023-01-22,paid_search
C02317,Bensaid,Adil,adil.bensaid140@outlook.com,1960-01-02,m,marrakech,0668726543,2020-02-24,social_media
C02318,Chraibi,Aisha,aisha.chraibi529@menara.ma,1920-01-02,F,kenitra,0637013300,01/06/2020,direct
C02319,Jamai,Houda,houda.jamai484@outlook.com,1993-01-01,F,kenitra,0626537057,22/12/2020,email
C02320,Filali,Mehdi,mehdi.filali370@yahoo.fr,1977-01-01,m,el jadida,0621373720,27/03/2023,referral
C02321,Alami,Meryem,leila.tazi117@menara.ma,1923-01-02,female,meknes,0659260465,2020-12-15,paid_search
C02322,Benali,Nabil,nabil.benali483@hotmail.com,1957-01-01,h,Agdir,0669409407,2023-05-07,direct
C02323,Jamai,Samir,samir.jamai423@gmail.com,2003-01-02,m,errachidia,0616877537,17/10/2023,influencer
C02324,Tazi,Rachid,hassan.benali658yahoo.fr,1992-01-02,Homme,TETOUAN,0631940882,06/11/2023,direct
C02325,Filali,Nabil,invalide_sans_arobase,1989-01-01,h,Agdir,0690939475,2022-08-27,paid_search
C02326,Hajji,Rim,rim.hajji889@outlook.com,1954-01-02,Femme,safi,0656512970,2020-11-05,direct
C02327,Chraibi,Rim,rim.chraibi170@gmail.com,1997-01-01,0,MEKNES,0615281383,30/05/2024,email
C02328,Gharbi,Ayoub,ayoub.gharbi245@menara.ma,1982-01-02,male,EL JADIDA,0686964296,28/04/2024,referral
C02329,Tazi,Houda,invalide_sans_arobase,1971-01-02,female,el jadida,0671445558,08/09/2021,organic
C02330,Jamai,Meryem,meryem.jamai631@menara.ma,1977-01-01,F,tanger ,0617826513,Mar 09 2021,influencer
C02331,Moussaoui,Meryem,meryem.moussaoui176@hotmail.com,1955-01-02,Femme,agadir,0685824617,18/06/2023,paid_search
C02332,Idrissi,Youssef,youssef.idrissi383@yahoo.fr,1936-01-02,m,errachidia,0622150619,Nov 17 2023,direct
C02333,Chaoui,Soukaina,soukaina.chaoui986@outlook.com,1946-01-02,F,NADOR,0690054740,Mar 31 2021,organic
C02334,Ziani,Karim,karim.ziani422@gmail.com,1927-01-02,male,NADOR,0681386830,Jan 18 2020,organic
C02335,Filali,Youssef,youssef.filali880@menara.ma,1948-01-02,1,AGADIR,0649796456,Jan 24 2023,influencer
C02336,Tazi,Yasmine,yasmine.tazi886@gmail.com,2003-01-02,female,NADOR,0691718494,01/02/2024,paid_search
C02337,Alami,Houda,houda.alami302@yahoo.fr,1998-01-02,F,ERRACHIDIA,0673678218,2021-01-04,paid_search
C02338,Fassi,Rachid,rachid.fassi512@hotmail.com,1967-01-02,1,safi,0666884597,Jul 02 2022,influencer
C02339,Senhaji,Khadija,khadija.senhaji531@outlook.com,1944-01-02,female,AGADIR,0647417309,05/11/2021,paid_search
C02340,Hajji,Aisha,aisha.hajji285@gmail.com,1994-01-02,0,oujda,0654062774,18/05/2023,direct
C02341,Filali,Sanaa,sanaa.filali66@outlook.com,1980-01-02,F,tanger,0630560975,Jul 24 2021,referral
C02342,Jamai,Soukaina,soukaina.jamai491@outlook.com,1926-01-02,female,casablanca,0658337355,18/04/2022,paid_search
C02343,El Mansouri,Nabil,nabil.el mansouri719@yahoo.fr,1952-01-02,m,Agdir,0643866245,2022-11-27,email
C02344,Moussaoui,Ahmed,ahmed.moussaoui36@yahoo.fr,1973-01-01,1,TNG,0669054810,2023-10-14,direct
C02345,Tazi,Aisha,aisha.tazi424@yahoo.fr,1966-01-02,0,safi,0624111630,23/09/2020,social_media
C02346,Tazi,Rachid,rachid.tazi868@yahoo.fr,2005-01-01,male,Casa,0650105286,11/12/2021,referral
C02347,Moussaoui,Meryem,meryem.moussaoui386@yahoo.fr,1974-01-02,F,errachidia,0632179123,Jul 11 2023,direct
C02348,El Mansouri,Karim,karim.el mansouri78@yahoo.fr,1942-01-02,male,tetouan,0652426064,2023-06-10,referral
C02349,Tazi,Sara,sara.tazi514@yahoo.fr,1975-01-02,f,agadir,0615966785,2021-05-11,social_media
C02350,Bensaid,Hicham,hicham.bensaid554@outlook.com,1990-01-02,1,errachidia,0637915295,Jun 04 2022,referral
C02351,El Mansouri,Nadia,nadia.el mansouri807@menara.ma,1942-01-02,0,Oujda ,0699040345,2024-05-11,paid_search
C02352,Ouali,Mehdi,mehdi.ouali757@menara.ma,1992-01-02,m,ERRACHIDIA,0670241722,2023-02-23,email
C02353,Alami,Aisha,aisha.alami417@yahoo.fr,1983-01-02,Femme,SAFI,0674469963,2021-05-12,paid_search
C02354,Chraibi,Omar,omar.chraibi133@menara.ma,2007-01-02,m,agadir,0655587975,2022-12-22,referral
C02355,Benali,Leila,leila.benali965@yahoo.fr,1930-01-02,0,KENITRA,0670151314,2020-02-16,social_media
C02356,El Mansouri,Fatima,fatima.el mansouri340@hotmail.com,1945-01-01,0,TETOUAN,0671492303,2023-08-22,organic
C02357,Rachidi,Amine,amine.rachidi995@outlook.com,1965-01-01,h,NADOR,0663650974,13/08/2023,referral
C02358,Karimi,Imane,sanaa.benali821@outlook.com,1978-01-02,female,beni mellal,0637813818,18/01/2021,referral
C02359,Fassi,Nabil,nabil.fassi291@outlook.com,1952-01-02,male,Tnja,0631700441,04/05/2021,email
C02360,Ziani,Khadija,khadija.ziani694@hotmail.com,2007-01-02,female,tanger ,0689811209,2021-10-23,organic
C02361,Benali,Nabil,nabil.benali231@yahoo.fr,1996-01-02,1,meknes,0660455290,21/10/2020,social_media
C02362,Tazi,Houda,houda.tazi640@gmail.com,2002-01-02,F,nador,0625699176,Jan 19 2022,social_media
C02363,Gharbi,Nadia,nadia.gharbi334@menara.ma,1928-01-02,female,Rbat,0671848509,May 25 2020,paid_search
C02364,Naciri,Khadija,khadija.naciri676@outlook.com,1937-01-01,Femme,MEKNES,0686282104,03/12/2021,email
C02365,Karimi,Fatima,fatima.karimi332@yahoo.fr,1939-01-02,female,Casa,0678980674,Jan 16 2022,influencer
C02366,Chaoui,Yasmine,yasmine.chaoui573@yahoo.fr,1923-01-02,0,Beni Mellal,0659254308,Oct 20 2020,organic
C02367,Filali,Yasmine,yasmine.filali793@outlook.com,2002-01-02,Femme,casablanca,0691907495,12/07/2023,organic
C02368,Lahlou,Imane,imane.lahlou504@hotmail.com,2004-01-02,f,Eljadida,0628187342,27/08/2022,influencer
C02369,Gharbi,Zineb,zineb.gharbi27@outlook.com,1973-01-01,0,SAFI,0642476984,18/12/2020,organic
C02370,Jamai,Nabil,fatima.lahlou905@yahoo.fr,1956-01-02,1,nador,0687292569,2021-05-28,influencer
C02371,Tazi,Hicham,hicham.tazi923@gmail.com,1990-01-02,Homme,TETOUAN,0688248208,2023-03-09,organic
C02372,Rachidi,Yasmine,yasmine.rachidi623@hotmail.com,1928-01-02,0,AGADIR,0664577800,2020-01-17,referral
C02373,Drissi,Adil,adil.drissi209@hotmail.com,1982-01-02,Homme,BENI MELLAL,0673483848,2020-05-20,referral
C02374,Fassi,Hajar,hajar.fassi914@menara.ma,1988-01-02,0,MARRAKECH,0625565838,2024-04-21,organic
C02375,Chaoui,Tariq,tariq.chaoui905@yahoo.fr,2006-01-02,m,TETOUAN,0685226816,2020-03-11,referral
C02376,Tazi,Mehdi,mehdi.tazi661@outlook.com,1925-01-01,male,EL JADIDA,0631177314,2021-01-20,referral
C02377,Ziani,Samir,samir.ziani890@outlook.com,1926-01-02,1,AGADIR,0685375049,Jan 29 2024,social_media
C02378,El Mansouri,Rachid,rachid.el mansouri240@menara.ma,1949-01-01,m,errachidia,0674995354,2020-06-23,direct
C02379,Tazi,Nabil,nabil.tazi924@outlook.com,1947-01-02,male,TANGER,0614049682,2020-08-17,social_media
C02380,Hajji,Mohammed,mohammed.hajji279@hotmail.com,1948-01-02,m,ERRACHIDIA,0662457729,2021-12-07,direct
C02381,Lahlou,Zineb,zineb.lahlou770@yahoo.fr,1953-01-01,0,casablanca ,0638047152,2020-08-28,influencer
C02382,Rachidi,Samir,samir.rachidi983@outlook.com,1926-01-02,m,Eljadida,0668987671,Mar 04 2020,influencer
C02383,Gharbi,Imane,imane.gharbi62@menara.ma,2010-01-02,F,TETOUAN,0664035208,May 08 2023,paid_search
C02384,Bensaid,Rim,rim.bensaid252@yahoo.fr,1923-01-02,f,Tnja,0624508258,29/02/2024,referral
C02385,Alami,Adil,adil.alami594@menara.ma,1928-01-02,m,oujda,0643507076,2021-01-08,social_media
C02386,Moussaoui,Adil,adil.moussaoui346@outlook.com,1922-01-02,h,kenitra,0693624519,2023-08-26,paid_search
C02387,Alami,Khadija,khadija.alami861@outlook.com,1970-01-02,0,NADOR,0683874729,22/11/2021,email
C02388,Drissi,Imane,imane.drissi217@outlook.com,1958-01-02,0,ERRACHIDIA,0679710035,04/12/2020,social_media
C02389,Tazi,Zineb,zineb.tazi575@yahoo.fr,1961-01-01,0,rabat,0681388944,2020-02-04,direct
C02390,Idrissi,Amine,amine.idrissi450@hotmail.com,1976-01-02,h,BENI MELLAL,0645668220,2020-07-20,paid_search
C02391,Benali,Youssef,youssef.benali410@yahoo.fr,1990-01-02,h,MEKNES,0615008521,2020-09-06,referral
C02392,Senhaji,Fatima,fatima.senhaji106@gmail.com,2001-01-01,female,Rbat,0625131684,2023-12-18,social_media
C02393,Chaoui,Yasmine,yasmine.chaoui75@menara.ma,1972-01-02,f,safi,0660338642,2020-06-04,referral
C02394,Alami,Amine,amine.alami802@hotmail.com,1977-01-01,male,ERRACHIDIA,0633548492,2024-02-27,social_media
C02395,Idrissi,Meryem,meryem.idrissi948@yahoo.fr,1977-01-01,0,Mrakech,0694809946,2023-11-05,email
C02396,Naciri,Rim,ayoub.el mansouri536@hotmail.com,2000-01-02,F,Oujda ,0628477327,07/11/2020,social_media
C02397,Moussaoui,Mehdi,mehdi.moussaoui820@outlook.com,1995-01-02,m,beni mellal,0662422607,2022-12-22,email
C02398,Karimi,Tariq,mohammed.chraibi392@menara.ma,1920-01-02,h,casablanca ,0658413856,08/03/2020,organic
C02399,Idrissi,Amine,amine.idrissi877@gmail.com,1931-01-02,Homme,MARRAKECH,0673600573,2022-08-07,direct
C02400,Rachidi,Sara,sara.rachidi951@outlook.com,1969-01-01,Femme,el jadida,0689714295,2021-12-28,referral
C02401,Ziani,Houda,houda.ziani338@hotmail.com,1922-01-02,Femme,SAFI,0627506100,2022-08-30,referral
C02402,Drissi,Mohammed,mohammed.drissi425@gmail.com,1977-01-01,Homme,Tétouan,0648193828,28/11/2023,referral
C02403,Karimi,Omar,omar.karimi691@gmail.com,1941-01-01,1,OUJDA,0679039857,26/05/2023,organic
C02404,Chaoui,Mohammed,mohammed.chaoui456@gmail.com,1998-01-02,1,Mrakech,0670192839,Apr 09 2022,direct
C02405,Idrissi,Mohammed,mohammed.idrissi895@outlook.com,1922-01-02,Homme,nador,0652061050,2024-01-01,social_media
C02406,Gharbi,Samir,samir.gharbi495@yahoo.fr,1920-01-02,Homme,NADOR,0687011219,2023-02-10,social_media
C02407,El Mansouri,Ayoub,ayoub.el mansouri425@hotmail.com,1920-01-02,male,safi,0655855668,26/11/2022,direct
C02408,Senhaji,Hicham,hicham.senhaji887@menara.ma,1945-01-01,h,casablanca,0675450100,30/01/2024,organic
C02409,Chaoui,Aisha,aisha.chaoui308@menara.ma,1928-01-02,f,Tétouan,0642362235,03/05/2020,paid_search
C02410,Jamai,Soukaina,soukaina.jamai177@hotmail.com,1926-01-02,F,SAFI,0634793325,08/05/2021,direct
C02411,Tazi,Nadia,nadia.tazi691@menara.ma,1940-01-02,f,nador,0655719517,2021-05-11,organic
C02412,Chraibi,Ahmed,ahmed.chraibi745@outlook.com,1991-01-02,1,Meknès,0688591987,03/05/2020,direct
C02413,Alami,Houda,houda.alami152@outlook.com,1985-01-01,0,SAFI,0671656163,09/05/2020,paid_search
C02414,Alami,Ahmed,ahmed.alami850@gmail.com,1951-01-02,m,safi,0669997737,Apr 05 2020,paid_search
C02415,Chraibi,Mehdi,mehdi.chraibi525@menara.ma,1956-01-02,h,rabat,0676935788,21/03/2024,referral
C02416,Senhaji,Hassan,hassan.senhaji278@outlook.com,1956-01-02,male,KENITRA,0664944172,2023-11-02,paid_search
C02417,Rachidi,Fatima,fatima.rachidi818@hotmail.com,1968-01-02,Femme,meknes,0667320432,2022-08-22,direct
C02418,Bensaid,Aisha,aisha.bensaid523@yahoo.fr,1936-01-02,female,Meknès,0656979557,Jan 08 2020,influencer
C02419,Jamai,Omar,omar.jamai342@yahoo.fr,1956-01-02,1,tetouan,0617831280,2021-03-19,direct
C02420,Idrissi,Rim,rim.idrissi354@yahoo.fr,1955-01-02,0,tanger ,0614430199,03/08/2022,influencer
C02421,Benali,Soukaina,soukaina.benali751@menara.ma,1946-01-02,0,nador,0646475405,2022-08-10,paid_search
C02422,El Mansouri,Aisha,aisha.el mansouri351@outlook.com,1938-01-02,f,TANGER,0638177866,29/03/2022,influencer
C02423,Gharbi,Khadija,khadija.gharbi199@yahoo.fr,1978-01-02,0,KENITRA,0663720221,22/11/2020,influencer
C02424,El Mansouri,Rachid,rachid.el mansouri917@yahoo.fr,1968-01-02,h,casablanca,0641283148,14/04/2021,influencer
C02425,Tazi,Mohammed,mohammed.tazi710@outlook.com,1979-01-02,m,BENI MELLAL,0611495259,2021-07-01,social_media
C02426,Drissi,Samir,samir.drissi648@outlook.com,1943-01-02,Homme,Oujda ,0621071555,2020-09-18,paid_search
C02427,Ouali,Hassan,hassan.ouali225@menara.ma,1921-01-01,Homme,MEKNES,0686687558,2023-09-11,organic
C02428,Lahlou,Nadia,nadia.lahlou865@hotmail.com,1923-01-02,f,AGADIR,0699347103,27/11/2023,social_media
C02429,Filali,Khadija,khadija.filali162@menara.ma,1920-01-02,female,Fez,0680114635,2022-12-20,social_media
C02430,El Mansouri,Hajar,hajar.el mansouri539@outlook.com,2007-01-02,F,Meknès,0691495501,Aug 17 2022,direct
C02431,Gharbi,Samir,yasmine.filali127@yahoo.fr,1946-01-02,Homme,SAFI,0656364889,13/01/2022,direct
C02432,Karimi,Youssef,youssef.karimi12@menara.ma,1928-01-02,h,nador,0664126308,16/08/2023,email
C02433,Rachidi,Houda,houda.rachidi96@hotmail.com,1943-01-02,0,Rbat,0688326118,03/01/2022,organic
C02434,Senhaji,Omar,omar.senhaji343@yahoo.fr,1963-01-02,1,Casa,0657307677,05/03/2023,social_media
C02435,Gharbi,Nadia,nadia.gharbi587@menara.ma,1933-01-01,F,marrakech,0636986166,13/02/2023,email
C02436,Lahlou,Houda,houda.lahlou446@hotmail.com,1946-01-02,0,tanger,0630081256,Feb 21 2024,organic
C02437,Ouali,Nabil,nabil.ouali963@yahoo.fr,1924-01-02,1,BENI MELLAL,0698155778,2022-08-02,direct
C02438,Gharbi,Youssef,youssef.gharbi292@outlook.com,1935-01-02,m,NADOR,0610682953,15/07/2020,organic
C02439,Tazi,Hassan,hassan.tazi532@menara.ma,2009-01-01,male,safi,0665478943,2021-09-25,influencer
C02440,Tazi,Soukaina,soukaina.tazi908@outlook.com,1951-01-02,Femme,TETOUAN,0694570714,2021-07-26,paid_search
C02441,Bensaid,Adil,adil.bensaid687@gmail.com,1958-01-02,Homme,nador,0611943334,2021-08-07,paid_search
C02442,Idrissi,Nabil,nabil.idrissi429@menara.ma,1979-01-02,male,beni mellal,0682418770,21/06/2022,organic
C02443,Senhaji,Sara,nadia.chraibi377@hotmail.com,1967-01-02,F,Fez,0682789000,12/09/2021,paid_search
C02444,Senhaji,Tariq,tariq.senhaji945@outlook.com,1976-01-02,1,agadir,0691366836,05/04/2022,referral
C02445,Benali,Mehdi,mehdi.benali405@yahoo.fr,1981-01-01,m,SAFI,0647637172,Mar 16 2022,direct
C02446,Hajji,Hassan,hassan.hajji306@yahoo.fr,1935-01-02,Homme,CASA,0623706710,2023-11-05,organic
C02447,Ouali,Mehdi,mehdi.ouali66@gmail.com,1969-01-01,Homme,TETOUAN,0661239068,2022-05-24,email
C02448,Rachidi,Omar,omar.rachidi413@hotmail.com,1937-01-01,m,oujda,0634999755,2020-12-29,email
C02449,Hajji,Adil,adil.hajji745@outlook.com,1971-01-02,Homme,EL JADIDA,0677472385,Dec 27 2023,organic
C02450,Jamai,Mohammed,mohammed.jamai126@hotmail.com,1984-01-02,Homme,SAFI,0698786055,2022-04-01,influencer
C02451,Karimi,Mehdi,mehdi.karimi324@gmail.com,1936-01-02,Homme,fes,0624217417,2020-03-04,influencer
C02452,Lahlou,Soukaina,soukaina.lahlou877@menara.ma,1964-01-02,f,Oujda ,0697788541,04/07/2020,referral
C02453,Moussaoui,Omar,omar.moussaoui641@hotmail.com,1996-01-02,h,nador,0687361531,23/04/2022,organic
C02454,Filali,Soukaina,soukaina.filali505@gmail.com,1929-01-01,F,Rbat,0637381418,2023-12-19,influencer
C02455,Rachidi,Fatima,fatima.rachidi941@gmail.com,1936-01-02,0,safi,0619962414,2024-04-10,referral
C02456,El Mansouri,Sara,sara.el mansouri44@outlook.com,1978-01-02,f,safi,0674156138,2023-10-16,paid_search
C02457,Senhaji,Sanaa,sanaa.senhaji570@hotmail.com,1979-01-02,f,OUJDA,0624256177,19/05/2020,social_media
C02458,El Mansouri,Soukaina,soukaina.el mansouri739@gmail.com,1962-01-02,Femme,casablanca ,0652681357,01/10/2022,social_media
C02459,Tazi,Ahmed,ahmed.tazi442@gmail.com,2001-01-01,m,safi,0692487685,May 31 2023,social_media
C02460,Karimi,Youssef,youssef.karimi366@outlook.com,1948-01-02,h,Tnja,0630219017,2021-03-28,email
C02461,Naciri,Khadija,khadija.naciri569@outlook.com,1998-01-02,F,BENI MELLAL,0694995505,08/08/2020,paid_search
C02462,Lahlou,Hassan,hassan.lahlou32@hotmail.com,2005-01-01,1,tanger ,0626434846,09/04/2022,influencer
C02463,Tazi,Nabil,nabil.tazi788@gmail.com,1959-01-02,m,beni mellal,0692031834,Oct 20 2022,email
C02464,Tazi,Adil,adil.tazi861@yahoo.fr,1978-01-02,Homme,ERRACHIDIA,0614004669,2022-04-07,direct
C02465,Senhaji,Imane,imane.senhaji36@menara.ma,1953-01-01,Femme,OUJDA,0689741572,2023-02-15,referral
C02466,Chraibi,Khadija,khadija.chraibi42@menara.ma,1976-01-02,Femme,Rbat,0693035510,2023-09-09,referral
C02467,Chraibi,Zineb,zineb.chraibi454@menara.ma,1925-01-01,Femme,MEKNES,0662416641,2023-05-23,referral
C02468,Benali,Leila,leila.benali99@menara.ma,1948-01-02,F,NADOR,0626570894,Aug 19 2022,direct
C02469,Senhaji,Yasmine,yasmine.senhaji328@outlook.com,1924-01-02,0,TETOUAN,0662087817,2020-06-22,paid_search
C02470,Tazi,Sara,sara.gharbi704@hotmail.com,1945-01-01,Femme,EL JADIDA,0683603879,May 02 2023,influencer
C02471,Chraibi,Zineb,zineb.chraibi48@gmail.com,1948-01-02,Femme,TNG,0618443031,Jan 15 2022,paid_search
C02472,Chaoui,Omar,omar.chaoui735@yahoo.fr,1986-01-02,Homme,Agdir,0662382269,2020-03-10,email
C02473,Moussaoui,Khadija,khadija.moussaoui900@gmail.com,2004-01-02,0,TANGER,0640556252,2021-11-07,organic
C02474,Drissi,Nabil,nabil.drissi528@hotmail.com,1969-01-01,h,Fès,0699104686,2020-11-01,social_media
C02475,Bensaid,Mohammed,mohammed.bensaid88@yahoo.fr,1978-01-02,1,EL JADIDA,0695989974,2020-06-02,organic
C02476,Hajji,Meryem,meryem.hajji272@yahoo.fr,1950-01-02,F,Rbat,0650766875,02/04/2020,organic
C02477,Senhaji,Amine,amine.senhaji151@yahoo.fr,1939-01-02,h,kenitra,0697663449,Feb 01 2020,influencer
C02478,Jamai,Sara,sara.jamai167@menara.ma,1933-01-01,0,NADOR,0658536068,29/10/2022,email
C02479,El Mansouri,Imane,imane.el mansouri428@yahoo.fr,1945-01-01,0,Fez,0694082879,2020-11-01,email
C02480,Chraibi,Youssef,youssef.chraibi330@yahoo.fr,1952-01-02,h,el jadida,0684294692,2020-02-21,social_media
C02481,Lahlou,Sanaa,sanaa.lahlou236@outlook.com,1951-01-02,f,Marrakesh,0663245529,26/08/2022,paid_search
C02482,El Mansouri,Mehdi,mehdi.el mansouri554@outlook.com,1921-01-01,h,CASA,0617464593,05/07/2023,social_media
C02483,Gharbi,Samir,samir.gharbi734@menara.ma,1998-01-02,Homme,oujda,0622788504,06/09/2023,paid_search
C02484,Chaoui,Hajar,hajar.chaoui264@hotmail.com,1996-01-02,female,Casa,0648407192,2021-12-29,influencer
C02485,Jamai,Yasmine,yasmine.jamai361@menara.ma,1984-01-02,F,Eljadida,0674266790,Jul 17 2020,direct
C02486,Hajji,Leila,leila.hajji839@yahoo.fr,1954-01-02,F,Oujda ,0672733792,2020-02-28,influencer
C02487,Gharbi,Nabil,nabil.gharbi811@hotmail.com,1935-01-02,male,Beni Mellal,0682845036,2023-12-06,referral
C02488,Chaoui,Rim,rim.chaoui752@outlook.com,1951-01-02,female,TNG,0625516055,20/01/2022,social_media
C02489,Idrissi,Khadija,khadija.idrissi223@menara.ma,1946-01-02,female,ERRACHIDIA,0688298796,Apr 02 2020,social_media
C02490,Fassi,Ahmed,ahmed.fassi172@yahoo.fr,1978-01-02,h,ERRACHIDIA,0611849530,16/08/2021,direct
C02491,Senhaji,Hassan,hassan.senhaji224@menara.ma,1951-01-02,male,Tnja,0612415757,28/03/2021,paid_search
C02492,Alami,Houda,houda.alami4@menara.ma,1991-01-02,0,CASA,0696572962,2023-01-08,referral
C02493,Senhaji,Hicham,hicham.senhaji426@outlook.com,1978-01-02,male,OUJDA,0638923078,2023-05-11,influencer
C02494,Jamai,Ayoub,ayoub.jamai740@hotmail.com,1956-01-02,h,nador,0663995297,01/04/2022,paid_search
C02495,Idrissi,Ayoub,ayoub.idrissi557@hotmail.com,1986-01-02,Homme,Fès,0679934297,2024-01-28,referral
C02496,Senhaji,Ahmed,ahmed.senhaji674@hotmail.com,1967-01-02,m,MARRAKECH,0625884898,Feb 29 2020,direct
C02497,Tazi,Rachid,rachid.tazi699@gmail.com,1972-01-02,h,EL JADIDA,0643879275,Jul 05 2023,organic
C02498,Naciri,Nabil,nabil.naciri745@hotmail.com,1941-01-01,Homme,ERRACHIDIA,0632403611,30/05/2020,paid_search
C02499,Drissi,Ayoub,ayoub.drissi214@menara.ma,1968-01-02,h,RABAT,0663653415,02/08/2022,paid_search
C02500,Lahlou,Zineb,zineb.lahlou582@yahoo.fr,2002-01-02,Femme,casablanca ,0644472300,2023-05-04,email
C02501,Tazi,Adil,adil.tazi25@outlook.com,1989-01-01,male,safi,0635768275,14/02/2021,organic
C02502,Moussaoui,Imane,imane.moussaoui118@hotmail.com,2002-01-02,0,tetouan,0654870634,22/09/2021,organic
C02503,Fassi,Nadia,nadia.fassi768@yahoo.fr,1932-01-02,f,marrakech,0621681090,Jan 06 2020,referral
C02504,Moussaoui,Aisha,aisha.moussaoui796@hotmail.com,2009-01-01,F,tetouan,0655986623,2022-09-12,direct
C02505,Ouali,Amine,amine.ouali628@outlook.com,1962-01-02,male,tanger ,0662935936,2020-08-30,social_media
C02506,Fassi,Rachid,rachid.fassi443@hotmail.com,1965-01-01,h,Tétouan,0668898994,Nov 20 2020,email
C02507,Filali,Aisha,aisha.filali865@hotmail.com,1932-01-02,0,EL JADIDA,0672666942,2020-01-15,direct
C02508,Filali,Nadia,nadia.filali634@gmail.com,1948-01-02,0,BENI MELLAL,0610617717,15/04/2023,email
C02509,Tazi,Meryem,meryem.tazi705@outlook.com,1958-01-02,f,ERRACHIDIA,0691195046,2022-08-29,email
C02510,Ziani,Zineb,zineb.ziani301@yahoo.fr,1959-01-02,Femme,ERRACHIDIA,0616853204,2020-12-10,social_media
C02511,Rachidi,Houda,houda.rachidi674@menara.ma,1967-01-02,female,EL JADIDA,0654933242,27/11/2022,direct
C02512,Bensaid,Houda,houda.bensaid266@outlook.com,2001-01-01,Femme,safi,0646920106,Jun 26 2022,influencer
C02513,Benali,Rim,rim.benali735@yahoo.fr,1981-01-01,female,Rbat,0696899734,12/01/2020,email
C02514,Hajji,Sanaa,sanaa.hajji658@outlook.com,1981-01-01,Femme,marrakech,0674698237,2022-12-11,social_media
C02515,Tazi,Omar,omar.tazi381@menara.ma,1934-01-02,m,Oujda ,0660972519,Sep 12 2021,referral
C02516,Idrissi,Nabil,nabil.idrissi831@gmail.com,2004-01-02,Homme,agadir,0661851507,2021-03-23,direct
C02517,Alami,Imane,imane.alami322@gmail.com,1993-01-01,Femme,kenitra,0681533086,14/07/2022,paid_search
C02518,Jamai,Omar,omar.jamai947@menara.ma,1977-01-01,male,beni mellal,0643237682,Mar 23 2021,social_media
C02519,Ziani,Leila,leila.ziani635@menara.ma,1993-01-01,F,marrakech,0617163510,2020-06-30,direct
C02520,Benali,Houda,houda.benali495@outlook.com,1970-01-02,female,Mrakech,0689443352,03/08/2022,direct
C02521,Senhaji,Leila,leila.senhaji202@yahoo.fr,2000-01-02,Femme,Fès,0670020451,2023-09-04,direct
C02522,Ziani,Meryem,karim.karimi9@yahoo.fr,1929-01-01,female,TNG,0672725605,29/02/2020,influencer
C02523,Naciri,Sanaa,sanaa.naciri775@menara.ma,1922-01-02,f,Rbat,0634472376,May 04 2021,paid_search
C02524,Gharbi,Hicham,hicham.gharbi584@gmail.com,1979-01-02,Homme,NADOR,0623751148,04/12/2023,social_media
C02525,Naciri,Rachid,rachid.naciri958@outlook.com,1923-01-02,h,Meknès,0618876915,2024-04-02,influencer
C02526,Chraibi,Imane,imane.chraibi373@gmail.com,1977-01-01,female,Tnja,0680828077,23/02/2021,direct
C02527,Senhaji,Zineb,zineb.senhaji749@hotmail.com,2010-01-02,Femme,KENITRA,0672067664,12/03/2021,influencer
C02528,Jamai,Rim,rim.jamai707@gmail.com,1932-01-02,female,Rbat,0617751842,2023-06-12,organic
C02529,Senhaji,Meryem,meryem.senhaji251@menara.ma,2001-01-01,female,Beni Mellal,0653704248,08/03/2024,influencer
C02530,Idrissi,Nadia,nadia.idrissi911@gmail.com,1971-01-02,0,TNG,0634990046,2023-07-05,direct
C02531,Alami,Houda,houda.alami866@hotmail.com,2005-01-01,Femme,rabat,0697103763,Mar 18 2020,referral
C02532,Gharbi,Houda,houda.gharbi225@gmail.com,1990-01-02,Femme,SAFI,0657328422,Jun 26 2021,social_media
C02533,Bensaid,Rachid,rachid.bensaid659@outlook.com,2004-01-02,1,FES,0613456913,2020-08-28,direct
C02534,Chaoui,Leila,ayoub.rachidi837@yahoo.fr,2001-01-01,0,beni mellal,0661607984,2022-11-25,organic
C02535,Drissi,Meryem,meryem.drissi801@gmail.com,2004-01-02,Femme,KENITRA,0670168124,Mar 21 2021,email
C02536,Rachidi,Soukaina,soukaina.rachidi615@menara.ma,1944-01-02,Femme,SAFI,0695642285,2023-10-24,referral
C02537,Chaoui,Karim,karim.chaoui549@yahoo.fr,1987-01-02,h,OUJDA,0627650185,2023-04-16,organic
C02538,Lahlou,Sara,sara.lahlou374@menara.ma,1944-01-02,Femme,ERRACHIDIA,0689423157,2020-03-25,referral
C02539,Naciri,Tariq,tariq.naciri746@outlook.com,1947-01-02,male,Casa,0611998899,22/12/2023,referral
C02540,Drissi,Khadija,khadija.drissi907@hotmail.com,1994-01-02,Femme,Oujda ,0648987676,2020-03-25,email
C02541,Naciri,Rachid,rachid.naciri610@hotmail.com,1922-01-02,1,SAFI,0678223341,2022-11-12,organic
C02542,El Mansouri,Samir,samir.el mansouri458@menara.ma,1954-01-02,male,Mrakech,0687097872,2021-01-03,direct
C02543,Gharbi,Youssef,youssef.gharbi527@menara.ma,1936-01-02,1,TETOUAN,0692637178,2020-03-19,organic
C02544,Karimi,Imane,imane.karimi915@hotmail.com,1972-01-02,female,MEKNES,0624163029,12/06/2022,social_media
C02545,Naciri,Soukaina,soukaina.naciri675@menara.ma,1936-01-02,Femme,errachidia,0632650047,09/05/2024,paid_search
C02546,Alami,Khadija,khadija.alami385@hotmail.com,1992-01-02,0,NADOR,0663324810,2022-01-08,organic
C02547,Lahlou,Imane,imane.lahlou972@gmail.com,1998-01-02,f,TANGER,0647972567,2022-01-16,social_media
C02548,Lahlou,Sanaa,sanaa.lahlou638@hotmail.com,1956-01-02,f,Oujda ,0699061770,2021-03-15,influencer
C02549,Naciri,Hajar,hajar.naciri425@outlook.com,1933-01-01,f,marrakech,0614022410,26/10/2022,direct
C02550,Gharbi,Hassan,hassan.gharbi82@menara.ma,1924-01-02,male,agadir,0622547977,05/07/2023,paid_search
C02551,Moussaoui,Omar,omar.moussaoui570@menara.ma,1933-01-01,1,NADOR,0614838121,08/12/2022,referral
C02552,Filali,Rim,rim.filali26@gmail.com,1941-01-01,F,casablanca,0624499120,Jan 26 2022,social_media
C02553,Moussaoui,Youssef,youssef.moussaoui292@gmail.com,1924-01-02,1,TETOUAN,0642614072,20/10/2022,social_media
C02554,Filali,Samir,samir.filali911@yahoo.fr,1945-01-01,1,kénitra,0692535615,08/03/2021,email
C02555,Drissi,Meryem,meryem.drissi771@menara.ma,1980-01-02,0,beni mellal,0682971173,2021-04-21,direct
C02556,Jamai,Youssef,youssef.jamai191@menara.ma,1992-01-02,male,marrakech,0644582161,06/08/2022,social_media
C02557,Rachidi,Adil,adil.rachidi614@menara.ma,1928-01-02,Homme,casablanca ,0669542582,2021-09-11,referral
C02558,Moussaoui,Hassan,hassan.moussaoui540@menara.ma,1979-01-02,male,Fès,0643463349,Jul 07 2020,email
C02559,Jamai,Houda,houda.jamai670@yahoo.fr,1992-01-02,F,el jadida,0684560540,Mar 03 2023,email
C02560,Naciri,Houda,houda.naciri684@outlook.com,1927-01-02,0,safi,0687381687,19/05/2024,social_media
C02561,Moussaoui,Hassan,hassan.moussaoui574@menara.ma,1983-01-02,male,Fez,0684893109,2024-05-03,paid_search
C02562,Senhaji,Omar,omar.senhaji424@menara.ma,1945-01-01,Homme,kenitra,0616906543,27/06/2021,email
C02563,Karimi,Rim,rim.karimi692@menara.ma,1926-01-02,female,KENITRA,0685379690,2023-10-18,email
C02564,El Mansouri,Aisha,aisha.el mansouri939@menara.ma,1957-01-01,Femme,TETOUAN,0638834736,Apr 28 2022,social_media
C02565,Lahlou,Fatima,fatima.lahlou421@gmail.com,1987-01-02,Femme,rabat,0618247914,2021-08-20,direct
C02566,Idrissi,Zineb,zineb.idrissi467@gmail.com,1980-01-02,f,nador,0686725451,2022-12-16,direct
C02567,Karimi,Adil,adil.karimi419@hotmail.com,1971-01-02,h,tanger ,0621756221,2023-07-05,social_media
C02568,Fassi,Hicham,hicham.fassi727@outlook.com,1957-01-01,male,RABAT,0689328563,17/11/2023,influencer
C02569,Gharbi,Sara,sara.gharbi210@outlook.com,1947-01-02,f,BENI MELLAL,0615800590,2020-03-19,social_media
C02570,Idrissi,Mehdi,mehdi.idrissi358@menara.ma,1974-01-02,h,Agdir,0690342460,2020-02-12,social_media
C02571,Fassi,Fatima,fatima.fassi360@outlook.com,1997-01-01,0,Agdir,0636003419,2020-04-01,influencer
C02572,Rachidi,Samir,samir.rachidi491@hotmail.com,2002-01-02,m,el jadida,0628781578,10/08/2020,referral
C02573,Karimi,Nadia,nadia.karimi823@yahoo.fr,1954-01-02,0,TANGER,0642994627,18/06/2020,paid_search
C02574,Chaoui,Leila,leila.chaoui184@menara.ma,2006-01-02,0,Fez,0621602842,Apr 27 2022,email
C02575,El Mansouri,Amine,amine.el mansouri257@menara.ma,1958-01-02,male,errachidia,0642474554,09/04/2022,paid_search
C02576,Ouali,Youssef,youssef.ouali742@hotmail,1924-01-02,male,meknes,0667212446,2023-03-31,paid_search
C02577,Chaoui,Adil,adil.chaoui995@yahoo.fr,1962-01-02,male,FES,0642336803,17/01/2022,social_media
C02578,Hajji,Adil,adil.hajji18@hotmail.com,1937-01-01,Homme,SAFI,0654405540,Aug 26 2022,paid_search
C02579,El Mansouri,Leila,leila.el mansouri882@gmail.com,1993-01-01,0,Oujda ,0645576654,24/04/2022,influencer
C02580,Filali,Rim,rim.filali339@gmail.com,2007-01-02,f,safi,0653351495,2023-12-25,referral
C02581,Karimi,Adil,adil.karimi101@gmail.com,1961-01-01,Homme,Fez,0637257300,2024-04-13,email
C02582,Lahlou,Hajar,hajar.lahlou717@hotmail.com,2005-01-01,F,SAFI,0626041432,10/04/2022,email
C02583,Ouali,Rachid,rachid.ouali34@yahoo.fr,1977-01-01,male,CASA,0655769457,12/12/2023,referral
C02584,Filali,Mehdi,mehdi.filali855@yahoo.fr,1931-01-02,h,casablanca ,0696160238,2023-01-09,referral
C02585,Moussaoui,Rachid,rachid.moussaoui620@menara.ma,1999-01-02,male,Beni Mellal,0642075322,03/03/2020,organic
C02586,Lahlou,Samir,samir.lahlou739@hotmail.com,1963-01-02,h,FES,0697303268,30/05/2020,social_media
C02587,Chraibi,Nadia,nadia.chraibi512@gmail.com,1979-01-02,f,OUJDA,0694487435,Aug 29 2021,influencer
C02588,El Mansouri,Imane,imane.el mansouri758@hotmail.com,1964-01-02,f,NADOR,0661297687,2022-01-25,email
C02589,Alami,Sara,sara.alami481@outlook.com,1993-01-01,female,CASA,0665119183,23/02/2020,influencer
C02590,Chaoui,Soukaina,soukaina.chaoui125@outlook.com,2009-01-01,f,tetouan,0668519640,07/01/2020,organic
C02591,Ziani,Imane,imane.ziani4@outlook.com,2005-01-01,0,Meknès,0664521433,2023-09-27,organic
C02592,Filali,Yasmine,yasmine.filali683@outlook.com,1948-01-02,f,Marrakesh,0628002846,2023-11-29,social_media
C02593,Ziani,Ahmed,ahmed.ziani344@menara.ma,1935-01-02,male,oujda,0675881724,2022-07-09,email
C02594,Ziani,Houda,houda.ziani703@gmail.com,1992-01-02,Femme,safi,0637467964,24/01/2022,influencer
C02595,Jamai,Soukaina,soukaina.jamai749@outlook.com,1966-01-02,f,MEKNES,0624205691,19/05/2022,email
C02596,Rachidi,Rim,rim.rachidi194@hotmail.com,1997-01-01,female,Marrakesh,0647869930,19/10/2022,social_media
C02597,Bensaid,Imane,imane.bensaid951@outlook.com,1928-01-02,Femme,FES,0660042235,02/03/2022,referral
C02598,Drissi,Soukaina,soukaina.drissi182@hotmail.com,2001-01-01,0,Tnja,0644114482,22/05/2022,organic
C02599,Rachidi,Amine,amine.rachidi115@outlook.com,1937-01-01,h,Fès,0642074747,2023-10-21,direct
C02600,Tazi,Omar,omar.tazi490@outlook.com,1961-01-01,h,kénitra,0674081087,2022-02-04,email
C02601,Naciri,Sara,sara.naciri707@yahoo.fr,1976-01-02,female,Marrakesh,0677670003,2020-09-10,referral
C02602,Ziani,Amine,amine.ziani876@outlook.com,1996-01-02,male,tetouan,0627117416,08/10/2020,organic
C02603,Ouali,Rim,rim.ouali523@menara.ma,1980-01-02,Femme,NADOR,0660133229,01/04/2024,organic
C02604,Rachidi,Sanaa,sanaa.rachidi710@menara.ma,1939-01-02,female,MARRAKECH,0619954137,14/09/2020,social_media
C02605,Karimi,Rim,rim.karimi212@hotmail.com,2002-01-02,Femme,MEKNES,0614249010,2023-04-18,paid_search
C02606,Bensaid,Mohammed,mohammed.bensaid279@outlook.com,1963-01-02,h,Meknès,0657290089,2022-05-05,referral
C02607,Gharbi,Leila,leila.gharbi591@gmail.com,1953-01-01,F,KENITRA,0653555409,2020-02-03,influencer
C02608,Ziani,Leila,leila.ziani659@hotmail.com,1920-01-02,f,MARRAKECH,0675335120,15/05/2024,paid_search
C02609,Gharbi,Khadija,khadija.gharbi358@hotmail.com,2011-01-02,F,el jadida,0677770551,Jan 22 2023,referral
C02610,Bensaid,Khadija,khadija.bensaid657@gmail.com,1931-01-02,0,AGADIR,0653078457,06/03/2021,influencer
C02611,Chaoui,Ahmed,ahmed.chaoui333@menara.ma,1953-01-01,Homme,tanger,0665302565,Aug 09 2021,direct
C02612,Fassi,Amine,amine.fassi310@hotmail.com,1991-01-02,m,CASA,0655859862,2023-12-23,paid_search
C02613,Filali,Youssef,youssef.filali256@outlook.com,2001-01-01,male,NADOR,0640745776,2021-07-19,organic
C02614,Idrissi,Imane,imane.idrissi484@gmail.com,2005-01-01,F,kenitra,0616908366,23/06/2022,influencer
C02615,Moussaoui,Aisha,aisha.moussaoui195@hotmail.com,2001-01-01,f,errachidia,0632207379,19/08/2021,paid_search
C02616,Chaoui,Houda,houda.chaoui393@outlook.com,1956-01-02,f,kénitra,0655067101,2021-07-06,social_media
C02617,Moussaoui,Amine,amine.moussaoui369@gmail.com,1935-01-02,m,ERRACHIDIA,0652881821,2023-02-04,direct
C02618,Lahlou,Samir,samir.lahlou745@menara.ma,1921-01-01,Homme,BENI MELLAL,0689543965,2020-12-31,influencer
C02619,Filali,Samir,samir.filali106@hotmail.com,1934-01-02,Homme,Casa,0624785227,2021-08-05,organic
C02620,Senhaji,Hicham,hicham.senhaji985@hotmail.com,1938-01-02,h,tetouan,0648186254,10/12/2020,social_media
C02621,Drissi,Ayoub,ayoub.drissi849@yahoo.fr,1954-01-02,Homme,rabat,0693118330,02/11/2022,direct
C02622,Bensaid,Houda,houda.bensaid516@outlook.com,1965-01-01,Femme,kenitra,0682808093,27/10/2020,influencer
C02623,Filali,Omar,omar.filali395@menara.ma,1934-01-02,m,Mrakech,0695800609,2023-03-27,email
C02624,El Mansouri,Adil,adil.el mansouri737@gmail.com,1999-01-02,m,tanger ,0652230991,2020-10-08,email
C02625,Tazi,Imane,imane.tazi786@yahoo.fr,1988-01-02,Femme,errachidia,0626828790,Oct 29 2020,direct
C02626,Fassi,Houda,houda.fassi966@menara.ma,1980-01-02,f,RABAT,0643137957,Mar 31 2024,social_media
C02627,Naciri,Mehdi,mehdi.naciri452@gmail.com,2008-01-02,Homme,Tétouan,0636562095,Aug 27 2023,direct
C02628,Naciri,Rim,rim.naciri726@menara.ma,1942-01-02,female,safi,0620071532,22/03/2020,email
C02629,Jamai,Adil,imane.filali869@hotmail.com,1964-01-02,m,Beni Mellal,0690308726,Jan 03 2024,social_media
C02630,Ouali,Soukaina,soukaina.ouali824@yahoo.fr,1967-01-02,f,Oujda ,0699446245,25/12/2022,social_media
C02631,Naciri,Rachid,rachid.naciri771@yahoo.fr,1988-01-02,1,nador,0683998521,12/12/2020,referral
C02632,Moussaoui,Ayoub,ayoub.moussaoui664@yahoo.fr,1953-01-01,h,kenitra,0674170039,Feb 19 2024,email
C02633,Hajji,Samir,samir.hajji361@menara.ma,1945-01-01,h,Agdir,0641576689,May 24 2020,direct
C02634,Ziani,Rim,rim.ziani608@yahoo.fr,1971-01-02,Femme,BENI MELLAL,0617654219,2021-12-09,paid_search
C02635,Rachidi,Rachid,rachid.rachidi384@gmail.com,1973-01-01,h,NADOR,0636550919,2024-05-21,paid_search
C02636,Naciri,Hajar,hajar.naciri129@gmail.com,1970-01-02,Femme,Casa,0684147907,26/07/2021,email
C02637,Lahlou,Youssef,youssef.lahlou597@hotmail.com,1987-01-02,m,tetouan,0657112940,2021-08-25,paid_search
C02638,Lahlou,Samir,tariq.karimi234@menara.ma,1968-01-02,m,SAFI,0640786648,03/04/2022,direct
C02639,Karimi,Hicham,hicham.karimi752@gmail.com,1948-01-02,1,Fès,0628026540,May 09 2022,paid_search
C02640,Benali,Imane,imane.benali727@yahoo.fr,1989-01-01,F,CASA,0679250239,13/06/2020,influencer
C02641,Jamai,Karim,karim.jamai691@menara.ma,1971-01-02,1,CASA,0669221668,2024-03-14,referral
C02642,Rachidi,Leila,leila.rachidi913@yahoo.fr,1985-01-01,f,errachidia,0681811723,28/10/2022,social_media
C02643,Naciri,Hicham,hicham.naciri750@hotmail.com,1978-01-02,m,fes,0678374717,2020-02-08,paid_search
C02644,Lahlou,Meryem,meryem.lahlou733@gmail.com,1995-01-02,F,RABAT,0620174070,2023-12-17,referral
C02645,Benali,Rachid,rachid.benali138@outlook.com,1957-01-01,h,KENITRA,0696104629,2023-07-19,influencer
C02646,Ziani,Hassan,hassan.ziani622@outlook.com,2010-01-02,1,TANGER,0635193729,2023-08-12,paid_search
C02647,Gharbi,Leila,leila.gharbi315@hotmail.com,1965-01-01,f,el jadida,0649490719,2022-03-20,organic
C02648,Gharbi,Aisha,aisha.gharbi125@yahoo.fr,1953-01-01,Femme,rabat,0673398860,Apr 05 2024,social_media
C02649,Hajji,Samir,samir.hajji612@hotmail.com,1923-01-02,male,nador,0675648753,12/02/2022,organic
C02650,Tazi,Hajar,hajar.tazi928@menara.ma,1955-01-02,f,Fez,0672373566,2023-09-06,influencer
C02651,Tazi,Tariq,tariq.tazi87@outlook.com,1953-01-01,1,Marrakesh,0640175456,2020-03-20,organic
C02652,Karimi,Sanaa,sanaa.karimi758@outlook.com,2001-01-01,0,marrakech,0682283083,Feb 11 2023,organic
C02653,Filali,Khadija,khadija.filali413@hotmail.com,1931-01-02,Femme,ERRACHIDIA,0652815231,2022-11-10,social_media
C02654,Tazi,Adil,adil.tazi653@hotmail.com,1994-01-02,m,ERRACHIDIA,0651025856,2023-05-15,social_media
C02655,Chaoui,Rachid,rachid.chaoui691@outlook.com,1959-01-02,1,AGADIR,0671214909,2020-01-18,organic
C02656,Chaoui,Rim,rim.chaoui787@hotmail.com,1976-01-02,f,NADOR,0658189716,29/10/2023,direct
C02657,Hajji,Soukaina,soukaina.hajji690@hotmail.com,2007-01-02,F,Beni Mellal,0665456043,22/07/2022,referral
C02658,El Mansouri,Samir,samir.el mansouri999@gmail.com,2007-01-02,male,nador,0647209424,14/02/2020,referral
C02659,Chaoui,Zineb,zineb.chaoui128@yahoo.fr,1955-01-02,female,kénitra,0612097035,2021-07-26,organic
C02660,Naciri,Meryem,meryem.naciri419@menara.ma,1977-01-01,female,RABAT,0650348400,2022-10-16,email
C02661,Chaoui,Zineb,zineb.chaoui118@gmail.com,1952-01-02,0,FES,0653795195,06/08/2022,direct
C02662,Jamai,Rim,rim.jamai230@gmail.com,1963-01-02,F,Tétouan,0674811674,Sep 08 2023,referral
C02663,Gharbi,Adil,adil.gharbi655@gmail.com,1946-01-02,m,Meknès,0689832858,25/02/2024,referral
C02664,Moussaoui,Hassan,hassan.moussaoui862@outlook.com,1975-01-02,h,CASA,0617944059,09/07/2020,influencer
C02665,El Mansouri,Leila,leila.el mansouri254@gmail.com,1923-01-02,Femme,casablanca,0632287003,2022-08-07,organic
C02666,Alami,Fatima,fatima.alami252@hotmail.com,1977-01-01,0,AGADIR,0672947597,2021-08-29,influencer
C02667,Moussaoui,Leila,leila.moussaoui142@hotmail.com,1992-01-02,f,Casa,0644605956,11/08/2020,organic
C02668,El Mansouri,Samir,tariq.benali112@outlook.com,1960-01-02,h,tanger,0658382919,2020-09-20,direct
C02669,Fassi,Nadia,nadia.fassi663@menara.ma,1980-01-02,0,KENITRA,0699895642,2020-10-05,paid_search
C02670,Naciri,Ahmed,ahmed.naciri112@hotmail.com,1920-01-02,h,MARRAKECH,0665443611,2023-12-08,email
C02671,Gharbi,Sanaa,sanaa.gharbi450@hotmail.com,1944-01-02,F,agadir,0681653148,2020-08-06,referral
C02672,Fassi,Fatima,fatima.fassi819@yahoo.fr,1964-01-02,0,SAFI,0678608892,24/04/2020,direct
C02673,Chraibi,Yasmine,yasmine.chraibi176@outlook.com,1948-01-02,f,SAFI,0699342398,2022-11-07,direct
C02674,Gharbi,Soukaina,soukaina.gharbi370@hotmail.com,1995-01-02,0,Marrakesh,0676080843,27/09/2022,email
C02675,Moussaoui,Khadija,khadija.moussaoui271@outlook.com,1975-01-02,f,oujda,0661879460,09/03/2023,referral
C02676,Jamai,Amine,amine.jamai560@menara.ma,1953-01-01,Homme,el jadida,0676684613,05/08/2022,influencer
C02677,Chraibi,Yasmine,yasmine.chraibi887@hotmail.com,1937-01-01,0,casablanca,0644113274,19/02/2020,influencer
C02678,Lahlou,Nadia,nadia.lahlou749@yahoo.fr,1956-01-02,F,safi,0628969722,18/07/2023,paid_search
C02679,Ziani,Rachid,rachid.ziani147@menara.ma,1998-01-02,male,fes,0662914246,2024-05-03,social_media
C02680,Chraibi,Fatima,fatima.chraibi846@yahoo.fr,1937-01-01,0,NADOR,0645894863,12/11/2020,referral
C02681,Filali,Sara,sara.filali947@yahoo.fr,1948-01-02,Femme,TETOUAN,0645240667,Nov 19 2021,email
C02682,Bensaid,Hajar,hajar.bensaid363@menara.ma,1989-01-01,0,beni mellal,0676170884,Dec 24 2023,direct
C02683,Drissi,Rachid,rachid.drissi542@yahoo.fr,1924-01-02,Homme,rabat,0690490546,2021-03-03,direct
C02684,Moussaoui,Rachid,rachid.moussaoui105@menara.ma,1921-01-01,m,TANGER,0662269576,19/11/2021,organic
C02685,Tazi,Youssef,youssef.tazi387@yahoo.fr,2009-01-01,Homme,Rbat,0627617011,25/12/2022,social_media
C02686,Chraibi,Rachid,rachid.chraibi299@hotmail.com,1944-01-02,1,EL JADIDA,0675816098,13/09/2022,social_media
C02687,Gharbi,Tariq,tariq.gharbi326@hotmail.com,1930-01-02,male,beni mellal,0669118335,Dec 01 2022,referral
C02688,Ziani,Soukaina,soukaina.ziani192@gmail.com,2006-01-02,0,oujda,0675728717,22/06/2022,organic
C02689,Chraibi,Leila,leila.chraibi642@hotmail.com,1962-01-02,female,EL JADIDA,0639068348,2022-10-14,email
C02690,Drissi,Leila,invalide_sans_arobase,1940-01-02,f,KENITRA,0639793830,03/03/2020,referral
C02691,Rachidi,Fatima,fatima.rachidi638@yahoo.fr,1982-01-02,0,TETOUAN,0635873158,Jul 17 2021,direct
C02692,Karimi,Meryem,meryem.karimi53@yahoo.fr,1964-01-02,f,kenitra,0665294333,19/01/2023,organic
C02693,El Mansouri,Rachid,rachid.el mansouri177@gmail.com,2001-01-01,1,kénitra,0647483872,2021-12-12,referral
C02694,Naciri,Khadija,khadija.naciri791@gmail.com,1970-01-02,F,kénitra,0672352014,2021-12-19,email
C02695,Bensaid,Soukaina,invalide_sans_arobase,1944-01-02,f,EL JADIDA,0610406039,2023-05-24,organic
C02696,Alami,Sanaa,sanaa.alami174@hotmail.com,2008-01-02,female,kénitra,0683317720,16/05/2022,email
C02697,Karimi,Sanaa,sanaa.karimi700@outlook.com,1936-01-02,F,el jadida,0650756659,2021-11-17,referral
C02698,Hajji,Sara,sara.hajji401@menara.ma,1995-01-02,0,KENITRA,0655515474,01/08/2020,organic
C02699,El Mansouri,Soukaina,soukaina.el mansouri41@hotmail.com,1928-01-02,Femme,Eljadida,0653480195,04/04/2020,direct
C02700,Moussaoui,Yasmine,yasmine.moussaoui150@gmail.com,1927-01-02,Femme,tetouan,0687040211,2021-08-09,influencer
C02701,Idrissi,Zineb,zineb.idrissi992@gmail.com,1940-01-02,F,kénitra,0658305245,2022-12-27,email
C02702,Chaoui,Adil,adil.chaoui56@menara.ma,1953-01-01,1,marrakech,0677646233,05/07/2022,direct
C02703,Bensaid,Meryem,meryem.bensaid915@hotmail.com,2002-01-02,Femme,tetouan,0624698809,02/06/2022,email
C02704,Idrissi,Ayoub,ayoub.idrissi253@menara.ma,2011-01-02,Homme,Meknès,0689078472,2021-02-15,organic
C02705,Moussaoui,Sanaa,sanaa.moussaoui806@outlook.com,1922-01-02,0,el jadida,0639605202,Sep 30 2023,direct
C02706,Gharbi,Rachid,rachid.gharbi988@hotmail.com,1965-01-01,male,rabat,0630709689,2021-05-25,referral
C02707,Filali,Zineb,zineb.filali519@outlook.com,1964-01-02,0,BENI MELLAL,0634377790,28/11/2021,paid_search
C02708,Ziani,Mohammed,mohammed.ziani553@gmail.com,1949-01-01,h,Oujda ,0691302246,04/04/2020,social_media
C02709,Idrissi,Omar,omar.idrissi75@yahoo.fr,1928-01-02,1,Tétouan,0653376122,07/06/2022,referral
C02710,Filali,Khadija,khadija.filali617@menara.ma,2008-01-02,f,oujda,0613341214,2022-10-18,paid_search
C02711,Idrissi,Hicham,hicham.idrissi807@yahoo.fr,2005-01-01,Homme,casablanca ,0651456118,2021-08-04,referral
C02712,Filali,Aisha,aisha.filali746@menara.ma,1953-01-01,0,safi,0658021410,05/09/2022,influencer
C02713,Alami,Imane,imane.alami757@hotmail.com,1947-01-02,female,CASA,0648986219,06/04/2024,paid_search
C02714,Idrissi,Aisha,aisha.idrissi175@menara.ma,1931-01-02,Femme,casablanca ,0633235901,2022-05-06,email
C02715,Chraibi,Ahmed,ahmed.chraibi165@yahoo.fr,1937-01-01,h,Casa,0685589668,2024-05-27,paid_search
C02716,El Mansouri,Omar,omar.el mansouri678@gmail.com,1946-01-02,Homme,OUJDA,0674824154,2020-05-25,influencer
C02717,Ouali,Aisha,aisha.ouali666@menara.ma,1958-01-02,F,safi,0687407425,Jun 22 2020,paid_search
C02718,Ouali,Sanaa,sanaa.ouali669@menara.ma,1926-01-02,female,ERRACHIDIA,0673596943,13/01/2024,paid_search
C02719,Moussaoui,Zineb,invalide_sans_arobase,1968-01-02,F,OUJDA,0654229072,Oct 18 2021,organic
C02720,Benali,Sanaa,sanaa.benali295@outlook.com,1944-01-02,F,kénitra,0675451351,21/10/2020,email
C02721,Fassi,Sara,sara.fassi6@menara.ma,1965-01-01,female,errachidia,0689847709,03/01/2023,direct
C02722,Senhaji,Samir,samir.senhaji443@hotmail.com,1950-01-02,1,OUJDA,0637134697,2023-04-11,social_media
C02723,Hajji,Hassan,hassan.hajji57@yahoo.fr,1939-01-02,1,safi,0620600510,Aug 10 2020,influencer
C02724,Alami,Rim,rim.alami411@hotmail.com,1968-01-02,female,AGADIR,0627908635,2023-11-27,social_media
C02725,Karimi,Aisha,aisha.karimi77@hotmail.com,1979-01-02,female,Beni Mellal,0638336171,2021-10-11,paid_search
C02726,Senhaji,Samir,samir.senhaji468@gmail.com,1961-01-01,male,oujda,0698187769,Feb 20 2021,referral
C02727,Tazi,Hajar,hajar.tazi448@hotmail.com,1993-01-01,female,errachidia,0626464071,13/05/2023,referral
C02728,Naciri,Adil,adil.naciri133@hotmail.com,1972-01-02,male,beni mellal,0689444972,2021-02-05,direct
C02729,Naciri,Sara,sara.naciri538@hotmail.com,1936-01-02,0,OUJDA,0685777907,Jan 28 2024,organic
C02730,Alami,Hicham,hicham.alami135@menara.ma,2004-01-02,h,safi,0611211767,19/01/2021,direct
C02731,Drissi,Sara,sara.drissi938@yahoo.fr,1965-01-01,F,TANGER,0657223553,06/02/2024,social_media
C02732,Idrissi,Imane,imane.idrissi428@yahoo.fr,1968-01-02,female,FES,0690748819,Mar 10 2021,email
C02733,El Mansouri,Mehdi,mehdi.el mansouri295@yahoo.fr,1970-01-02,1,Casa,0611945284,2021-04-26,paid_search
C02734,Bensaid,Sanaa,sanaa.bensaid775@outlook.com,1976-01-02,f,RABAT,0681030650,2021-09-01,email
C02735,Idrissi,Rachid,rachid.idrissi378@gmail.com,1984-01-02,1,kenitra,0688417702,Aug 03 2023,referral
C02736,El Mansouri,Fatima,youssef.gharbi561@hotmail.com,1932-01-02,female,meknes,0699828519,2023-02-15,direct
C02737,Hajji,Hajar,hajar.hajji962@yahoo.fr,1931-01-02,female,OUJDA,0656056483,10/06/2021,organic
C02738,Ouali,Sara,sara.ouali366@menara.ma,1972-01-02,f,Marrakesh,0623062622,Jan 03 2021,paid_search
C02739,Karimi,Aisha,aisha.karimi913@yahoo.fr,1938-01-02,F,MARRAKECH,0672098694,2023-12-20,social_media
C02740,Benali,Karim,karim.benali957@gmail.com,1983-01-02,1,Tnja,0631152378,25/08/2022,direct
C02741,Fassi,Meryem,meryem.fassi914@hotmail.com,1984-01-02,f,safi,0690936129,May 21 2023,social_media
C02742,Drissi,Yasmine,yasmine.drissi706@outlook.com,1967-01-02,0,Tétouan,0658671587,07/10/2021,organic
C02743,Fassi,Soukaina,soukaina.fassi87@gmail.com,1989-01-01,female,SAFI,0690267569,2020-06-30,direct
C02744,Idrissi,Imane,imane.idrissi195@menara.ma,1977-01-01,Femme,FES,0685621910,06/05/2022,email
C02745,Alami,Youssef,youssef.alami647@gmail.com,1955-01-02,male,Fès,0631100444,03/08/2022,influencer
C02746,Tazi,Yasmine,yasmine.tazi328@menara.ma,1984-01-02,F,EL JADIDA,0639265818,2020-03-21,referral
C02747,Benali,Ayoub,ayoub.benali682@menara.ma,1968-01-02,h,NADOR,0669853645,2021-11-08,email
C02748,Rachidi,Aisha,aisha.rachidi170@outlook.com,1928-01-02,0,Mrakech,0666526786,2023-07-30,social_media
C02749,Moussaoui,Imane,imane.moussaoui363@menara.ma,2003-01-02,Femme,BENI MELLAL,0636936963,2021-11-12,email
C02750,Karimi,Leila,leila.karimi997@gmail.com,1998-01-02,female,Tétouan,0661889216,05/01/2022,referral
C02751,Ziani,Yasmine,invalide_sans_arobase,1982-01-02,female,BENI MELLAL,0630595202,08/01/2021,paid_search
C02752,Idrissi,Meryem,meryem.idrissi653@yahoo.fr,1988-01-02,Femme,Casa,0655434240,24/12/2021,referral
C02753,Gharbi,Imane,imane.gharbi465@yahoo.fr,2006-01-02,f,MARRAKECH,0667665803,2021-09-20,social_media
C02754,Tazi,Fatima,fatima.tazi80@yahoo.fr,1936-01-02,0,casablanca,0693206084,2024-05-14,direct
C02755,Filali,Hassan,hassan.filali195@outlook.com,1964-01-02,m,Beni Mellal,0699529662,17/09/2021,social_media
C02756,Ouali,Fatima,fatima.ouali825@menara.ma,1969-01-01,F,tanger ,0672792115,Jan 07 2023,direct
C02757,Rachidi,Soukaina,soukaina.rachidi413@menara.ma,1955-01-02,0,Mrakech,0663584896,Jun 01 2022,paid_search
C02758,Tazi,Hajar,hajar.tazi228@menara.ma,1924-01-02,Femme,Fez,0677854979,Nov 21 2020,direct
C02759,Alami,Yasmine,yasmine.alami543@hotmail.com,1930-01-02,0,TETOUAN,0634744664,2022-02-11,influencer
C02760,El Mansouri,Omar,omar.el mansouri336@menara.ma,1980-01-02,Homme,errachidia,0673562378,22/04/2020,email
C02761,Gharbi,Sara,sara.gharbi800@yahoo.fr,1956-01-02,female,casablanca,0657437651,Jul 24 2020,email
C02762,Tazi,Aisha,aisha.tazi50@menara.ma,1947-01-02,female,Eljadida,0679786969,25/11/2023,paid_search
C02763,Idrissi,Hassan,hassan.idrissi619@hotmail.com,1924-01-02,h,casablanca ,0693427480,2023-12-19,influencer
C02764,Filali,Omar,omar.filali307@hotmail.com,1942-01-02,1,safi,0683076631,22/05/2021,organic
C02765,Gharbi,Khadija,khadija.gharbi275@menara.ma,1994-01-02,female,Meknès,0643246036,Jul 17 2023,referral
C02766,Filali,Ahmed,ahmed.filali898@yahoo.fr,2002-01-02,male,Casa,0634210268,2020-03-04,social_media
C02767,Drissi,Tariq,tariq.drissi373@yahoo.fr,1980-01-02,male,nador,0649069274,2024-04-21,referral
C02768,Fassi,Ahmed,ahmed.fassi497@gmail.com,1935-01-02,male,rabat,0625085657,09/01/2021,referral
C02769,Hajji,Ayoub,ayoub.hajji101@menara.ma,1938-01-02,m,beni mellal,0624119550,05/09/2023,influencer
C02770,Moussaoui,Rachid,rachid.moussaoui890@hotmail.com,1989-01-01,Homme,kenitra,0644517935,23/03/2021,referral
C02771,Lahlou,Aisha,aisha.lahlou936@gmail.com,1973-01-01,F,casablanca,0672437564,2023-07-06,direct
C02772,El Mansouri,Fatima,fatima.el mansouri495@yahoo.fr,2007-01-02,f,tanger ,0641865362,Sep 07 2023,direct
C02773,Tazi,Hicham,hicham.tazi956@yahoo.fr,1929-01-01,m,safi,0632512506,2020-08-19,direct
C02774,Lahlou,Mohammed,mohammed.lahlou882@outlook.com,1978-01-02,m,FES,0657016900,17/01/2021,paid_search
C02775,El Mansouri,Karim,karim.el mansouri672@gmail.com,1997-01-01,m,Meknès,0656482605,2024-01-25,referral
C02776,Moussaoui,Youssef,youssef.moussaoui506@gmail.com,1960-01-02,male,casablanca,0668117133,17/08/2022,direct
C02777,El Mansouri,Hajar,hicham.jamai544@gmail.com,1987-01-02,female,SAFI,0632721053,04/06/2022,influencer
C02778,Fassi,Youssef,youssef.fassi42@outlook.com,1924-01-02,Homme,nador,0647971974,2023-10-11,influencer
C02779,Bensaid,Ahmed,ahmed.bensaid535@hotmail.com,1968-01-02,m,AGADIR,0610352830,2022-12-16,email
C02780,Jamai,Mehdi,mehdi.jamai423@menara.ma,1948-01-02,h,OUJDA,0691869007,2022-10-04,organic
C02781,Chraibi,Mohammed,mohammed.chraibi461@menara.ma,2006-01-02,Homme,Fès,0653979536,Jan 10 2024,organic
C02782,Fassi,Yasmine,yasmine.fassi453@yahoo.fr,1955-01-02,0,kenitra,0685793804,2020-02-22,direct
C02783,Alami,Youssef,youssef.alami370@gmail.com,1987-01-02,Homme,oujda,0661452592,2022-12-29,referral
C02784,Alami,Karim,karim.alami184@hotmail.com,2003-01-02,male,SAFI,0620420650,2024-01-12,organic
C02785,Tazi,Nadia,nadia.tazi361@menara.ma,1940-01-02,0,nador,0631948303,27/05/2024,influencer
C02786,Filali,Rachid,rachid.filali619@gmail.com,1924-01-02,m,kénitra,0679956373,03/09/2020,organic
C02787,Idrissi,Adil,adil.idrissi841@hotmail.com,1923-01-02,male,MEKNES,0619559882,Apr 11 2023,social_media
C02788,Moussaoui,Khadija,khadija.moussaoui756@gmail.com,1992-01-02,female,OUJDA,0654440318,Jun 02 2020,paid_search
C02789,Benali,Soukaina,soukaina.benali133@yahoo.fr,1979-01-02,0,Marrakesh,0677753320,28/11/2020,direct
C02790,Gharbi,Karim,karim.gharbi747@yahoo.fr,1930-01-02,h,KENITRA,0680348128,01/03/2023,influencer
C02791,Senhaji,Karim,karim.senhaji511@yahoo.fr,1932-01-02,h,Fès,0673430999,02/11/2023,social_media
C02792,Bensaid,Fatima,fatima.bensaid249@outlook.com,1986-01-02,F,Marrakesh,0648410672,2022-12-29,social_media
C02793,Ziani,Leila,leila.ziani571@yahoo.fr,1925-01-01,0,beni mellal,0690907857,07/06/2020,referral
C02794,Ouali,Rim,rim.ouali415@yahoo.fr,1980-01-02,0,safi,0651840744,Jan 07 2020,direct
C02795,Drissi,Mohammed,mohammed.drissi421@menara.ma,2004-01-02,m,beni mellal,0622330072,2022-02-05,social_media
C02796,Karimi,Yasmine,yasmine.karimi182@menara.ma,1944-01-02,female,rabat,0636166856,16/01/2022,email
C02797,Lahlou,Nadia,nadia.lahlou372@gmail.com,1972-01-02,Femme,SAFI,0629770026,2020-06-21,paid_search
C02798,Ziani,Nadia,nadia.ziani272@hotmail.com,1929-01-01,0,el jadida,0694795600,09/02/2023,email
C02799,Chraibi,Hicham,hicham.chraibi787@hotmail.com,1965-01-01,m,tetouan,0626510980,2022-04-15,paid_search
C02800,Idrissi,Ayoub,ayoub.idrissi677@menara.ma,1947-01-02,male,Marrakesh,0637420339,2021-10-23,referral
C02801,Chraibi,Sanaa,sanaa.chraibi584@gmail.com,2004-01-02,Femme,el jadida,0645042983,Jan 24 2022,direct
C02802,Senhaji,Adil,adil.senhaji226@hotmail.com,1924-01-02,1,AGADIR,0684853914,2020-12-17,direct
C02803,Alami,Ahmed,ahmed.alami742@outlook.com,1973-01-01,1,kénitra,0661529903,2020-12-10,direct
C02804,Chraibi,Hicham,hicham.chraibi73@hotmail,1936-01-02,male,beni mellal,0660683282,03/05/2023,social_media
C02805,Jamai,Yasmine,yasmine.jamai622@gmail.com,2003-01-02,female,Tétouan,0694399594,2020-03-16,organic
C02806,Idrissi,Aisha,aisha.idrissi449gmail.com,1990-01-02,f,Rbat,0635637038,15/06/2020,organic
C02807,Benali,Soukaina,soukaina.benali192@menara.ma,1932-01-02,female,Eljadida,0640445367,2023-08-01,social_media
C02808,Moussaoui,Mehdi,mehdi.moussaoui910@gmail.com,1941-01-01,Homme,agadir,0672021120,2023-06-20,paid_search
C02809,Idrissi,Meryem,meryem.idrissi168@gmail.com,1975-01-02,Femme,SAFI,0628309304,2021-06-11,direct
C02810,Rachidi,Leila,leila.rachidi174@yahoo.fr,1957-01-01,Femme,TETOUAN,0632771003,28/11/2022,influencer
C02811,Bensaid,Hajar,hajar.bensaid726@outlook.com,1927-01-02,female,Fez,0691712332,2022-10-28,social_media
C02812,Karimi,Karim,karim.karimi511@menara.ma,1935-01-02,h,OUJDA,0668324110,02/02/2020,direct
C02813,Lahlou,Mohammed,mohammed.lahlou601@yahoo.fr,1943-01-02,m,TANGER,0640854702,2023-03-12,social_media
C02814,Naciri,Soukaina,soukaina.naciri760@gmail.com,1941-01-01,F,NADOR,0667114327,2024-01-07,referral
C02815,Lahlou,Leila,leila.lahlou315@menara.ma,1949-01-01,f,el jadida,0621686682,2020-04-26,email
C02816,Fassi,Amine,amine.fassi680@yahoo.fr,1975-01-02,m,TNG,0647235091,08/12/2021,organic
C02817,Bensaid,Soukaina,soukaina.bensaid649@yahoo.fr,1968-01-02,Femme,nador,0673166821,01/05/2024,direct
C02818,Ouali,Fatima,fatima.ouali741@menara.ma,1970-01-02,0,MEKNES,0685179486,14/03/2024,email
C02819,Chaoui,Karim,karim.chaoui175@yahoo.fr,1941-01-01,Homme,Meknès,0695929218,2020-04-15,paid_search
C02820,Fassi,Soukaina,soukaina.fassi873@yahoo.fr,1930-01-02,F,Marrakesh,0653990574,2020-11-27,referral
C02821,Idrissi,Zineb,zineb.idrissi695@outlook.com,2005-01-01,f,safi,0699224381,2022-11-24,organic
C02822,Benali,Fatima,fatima.benali574@hotmail.com,1920-01-02,0,MARRAKECH,0665680314,01/03/2023,paid_search
C02823,Tazi,Leila,leila.tazi349@gmail.com,1934-01-02,female,beni mellal,0654789719,25/11/2020,paid_search
C02824,El Mansouri,Hassan,hassan.el mansouri741@menara.ma,2004-01-02,h,rabat,0663401529,2021-05-18,paid_search
C02825,Senhaji,Ahmed,ahmed.senhaji614@menara.ma,1993-01-01,h,NADOR,0656886056,May 20 2023,social_media
C02826,Senhaji,Nabil,nabil.senhaji43@hotmail.com,2003-01-02,male,EL JADIDA,0616478649,2021-05-17,influencer
C02827,Senhaji,Mohammed,mohammed.senhaji835@hotmail.com,1928-01-02,Homme,Oujda ,0667698224,21/04/2020,direct
C02828,Bensaid,Samir,samir.bensaid941@yahoo.fr,1941-01-01,h,beni mellal,0618967633,05/03/2020,paid_search
C02829,Naciri,Hajar,hajar.naciri511@menara.ma,1958-01-02,female,OUJDA,0657926533,2021-12-14,referral
C02830,Idrissi,Omar,omar.idrissi922@outlook.com,1922-01-02,Homme,Agdir,0624903439,Aug 08 2020,social_media
C02831,Gharbi,Khadija,khadija.gharbi588@hotmail.com,2005-01-01,F,beni mellal,0635788686,2023-11-16,direct
C02832,Lahlou,Omar,omar.lahlou696@gmail.com,1971-01-02,Homme,meknes,0629227517,2022-02-10,paid_search
C02833,Naciri,Adil,adil.naciri15@menara.ma,1971-01-02,m,Marrakesh,0668650387,2020-11-17,paid_search
C02834,Hajji,Meryem,meryem.hajji753@hotmail.com,1937-01-01,0,TNG,0688266692,2021-07-31,referral
C02835,Rachidi,Imane,imane.rachidi941@yahoo.fr,1991-01-02,Femme,kénitra,0637681754,18/07/2022,organic
C02836,Tazi,Karim,karim.tazi186@outlook.com,1940-01-02,h,Tétouan,0689117156,Sep 06 2021,email
C02837,Filali,Amine,amine.filali743@hotmail.com,1921-01-01,h,AGADIR,0698155725,Aug 23 2021,paid_search
C02838,Karimi,Soukaina,soukaina.karimi148@yahoo.fr,2002-01-02,0,MARRAKECH,0680641323,08/02/2022,email
C02839,Rachidi,Nadia,nadia.rachidi912@gmail.com,1951-01-02,F,NADOR,0616046768,Sep 12 2020,email
C02840,Benali,Zineb,zineb.benali767@outlook.com,1949-01-01,Femme,errachidia,0627203328,28/10/2022,organic
C02841,Chaoui,Rim,rim.chaoui473@menara.ma,1930-01-02,0,Marrakesh,0615756988,2023-10-10,paid_search
C02842,Filali,Omar,omar.filali306@gmail.com,1995-01-02,m,ERRACHIDIA,0656982946,2022-09-12,social_media
C02843,Jamai,Sanaa,sanaa.jamai664@yahoo.fr,1926-01-02,0,Eljadida,0663635092,30/09/2022,referral
C02844,Chaoui,Yasmine,yasmine.chaoui983@hotmail.com,1961-01-01,F,Casa,0658126969,01/03/2024,direct
C02845,Naciri,Sanaa,sanaa.naciri694@menara.ma,1940-01-02,Femme,tanger ,0642147005,May 11 2022,social_media
C02846,Naciri,Nadia,nadia.naciri655@gmail.com,1971-01-02,female,casablanca,0639404895,28/02/2021,paid_search
C02847,El Mansouri,Youssef,youssef.el mansouri268@hotmail.com,1964-01-02,male,oujda,0689652706,2020-09-20,social_media
C02848,Ziani,Yasmine,yasmine.ziani462@hotmail.com,1962-01-02,female,KENITRA,0680544092,13/09/2022,influencer
C02849,Gharbi,Hajar,hajar.gharbi88@outlook.com,1967-01-02,female,nador,0644879264,2023-12-22,referral
C02850,Lahlou,Youssef,youssef.lahlou834@outlook.com,1994-01-02,1,CASA,0674783790,30/07/2021,direct
C02851,Rachidi,Ahmed,ahmed.rachidi400@yahoo.fr,2000-01-02,h,SAFI,0642711142,Aug 13 2022,direct
C02852,Senhaji,Hicham,hicham.senhaji372@hotmail.com,1958-01-02,1,fes,0665462526,2021-01-21,paid_search
C02853,Lahlou,Samir,samir.lahlou503@menara.ma,1974-01-02,1,KENITRA,0618708607,04/01/2020,organic
C02854,Fassi,Omar,amine.idrissi507@outlook.com,1944-01-02,1,Marrakesh,0637785580,12/03/2024,social_media
C02855,Karimi,Adil,adil.karimi860@menara.ma,1923-01-02,1,fes,0667615305,09/10/2023,referral
C02856,Filali,Meryem,meryem.filali423@yahoo.fr,1986-01-02,f,CASA,0677446635,2024-04-09,paid_search
C02857,Gharbi,Adil,adil.gharbi653@menara.ma,1961-01-01,h,meknes,0678064258,30/05/2020,social_media
C02858,Karimi,Imane,imane.karimi596outlook.com,1924-01-02,F,TNG,0699636374,21/09/2023,organic
C02859,Lahlou,Rachid,rachid.lahlou224@hotmail.com,1998-01-02,1,BENI MELLAL,0656029957,Sep 15 2020,paid_search
C02860,Ouali,Houda,houda.ouali851@gmail.com,1980-01-02,Femme,Oujda ,0671038841,2023-02-11,influencer
C02861,Moussaoui,Youssef,youssef.moussaoui338@yahoo.fr,1974-01-02,h,Casa,0631471289,21/01/2024,referral
C02862,Senhaji,Mehdi,mehdi.senhaji922@yahoo.fr,2002-01-02,Homme,Marrakesh,0669286286,14/10/2022,referral
C02863,Moussaoui,Omar,omar.moussaoui744@gmail.com,1959-01-02,Homme,kenitra,0627968754,Dec 11 2023,influencer
C02864,Ziani,Aisha,aisha.ziani672@hotmail.com,1939-01-02,0,TETOUAN,0685416798,23/06/2021,email
C02865,Idrissi,Samir,samir.idrissi759@hotmail.com,1959-01-02,male,beni mellal,0682790574,Jan 02 2023,email
C02866,Benali,Fatima,fatima.benali725@outlook.com,1935-01-02,female,BENI MELLAL,0679198409,2021-01-19,social_media
C02867,Ziani,Yasmine,yasmine.ziani775yahoo.fr,1937-01-01,f,Rbat,0671696480,03/03/2020,organic
C02868,Hajji,Rim,rim.hajji420@gmail.com,2006-01-02,0,TNG,0613901411,Apr 02 2021,direct
C02869,Tazi,Mehdi,mehdi.tazi103@gmail.com,1938-01-02,h,OUJDA,0667527109,26/03/2021,organic
C02870,Ouali,Samir,samir.ouali229@hotmail.com,1963-01-02,Homme,meknes,0671740239,2023-08-04,direct
C02871,Moussaoui,Karim,karim.moussaoui676@hotmail.com,1987-01-02,h,MEKNES,0614559011,2021-10-12,influencer
C02872,Bensaid,Leila,leila.bensaid250@gmail.com,2011-01-02,Femme,Marrakesh,0683786380,31/08/2023,direct
C02873,Filali,Nabil,nabil.filali52@hotmail.com,1943-01-02,m,safi,0654361087,Mar 10 2021,social_media
C02874,Naciri,Amine,amine.naciri131@hotmail.com,1946-01-02,m,TETOUAN,0679213478,2020-04-15,influencer
C02875,Jamai,Adil,adil.jamai396@gmail.com,1952-01-02,m,tanger,0687833796,2023-10-07,organic
C02876,Senhaji,Leila,leila.senhaji519@hotmail.com,1921-01-01,Femme,BENI MELLAL,0647991300,May 14 2021,influencer
C02877,Ziani,Hicham,hicham.ziani652@gmail.com,1985-01-01,m,KENITRA,0687207455,13/02/2022,referral
C02878,Drissi,Youssef,youssef.drissi206@gmail.com,1927-01-02,h,nador,0658111940,2023-07-14,organic
C02879,Lahlou,Omar,omar.lahlou616@hotmail,1990-01-02,h,CASA,0652079076,02/03/2023,referral
C02880,Filali,Nabil,nabil.filali234@yahoo.fr,1954-01-02,male,OUJDA,0614868579,2023-07-19,social_media
C02881,Chaoui,Yasmine,yasmine.chaoui916@yahoo.fr,2009-01-01,F,TETOUAN,0683834957,22/03/2021,email
C02882,Chraibi,Rim,rim.chraibi200@gmail.com,1959-01-02,0,Beni Mellal,0699188928,22/02/2021,influencer
C02883,Alami,Hajar,hajar.alami185@menara.ma,1990-01-02,female,Casa,0651462177,2023-02-19,email
C02884,Hajji,Omar,omar.hajji845@gmail.com,1958-01-02,m,MEKNES,0664491282,15/07/2022,referral
C02885,Filali,Nabil,nabil.filali573@outlook.com,1982-01-02,m,KENITRA,0652894610,2022-06-15,email
C02886,Filali,Omar,omar.filali857@gmail,1949-01-01,h,CASA,0645740625,04/04/2024,direct
C02887,Karimi,Amine,amine.karimi350@menara.ma,1975-01-02,h,MEKNES,0658786580,13/07/2020,email
C02888,Ouali,Leila,leila.ouali365@yahoo.fr,1973-01-01,F,RABAT,0628722826,15/01/2024,influencer
C02889,Drissi,Nabil,nabil.drissi836@outlook.com,1998-01-02,m,BENI MELLAL,0673931022,26/05/2021,referral
C02890,Karimi,Aisha,aisha.karimi471@menara.ma,2007-01-02,f,NADOR,0681411562,Jan 19 2020,referral
C02891,Gharbi,Mehdi,mehdi.gharbi70@outlook.com,1922-01-02,m,EL JADIDA,0652954810,Nov 08 2022,organic
C02892,Chraibi,Ayoub,ayoub.chraibi307@hotmail.com,1985-01-01,h,rabat,0650353004,Jul 01 2023,email
C02893,Karimi,Hassan,hassan.karimi463@gmail.com,1968-01-02,male,nador,0664013039,28/01/2021,organic
C02894,Fassi,Adil,adil.fassi985@hotmail.com,1993-01-01,male,oujda,0699267211,11/12/2022,paid_search
C02895,Senhaji,Nabil,nabil.senhaji932@menara.ma,1979-01-02,male,beni mellal,0638937334,19/07/2023,social_media
C02896,Idrissi,Rim,rim.idrissi481@outlook.com,1923-01-02,female,kenitra,0686611158,Jan 22 2021,influencer
C02897,Ziani,Youssef,youssef.ziani975@hotmail.com,1989-01-01,1,kénitra,0610131046,Apr 14 2024,paid_search
C02898,Hajji,Karim,karim.hajji702@outlook.com,1947-01-02,Homme,AGADIR,0647340011,May 11 2020,referral
C02899,Tazi,Karim,karim.tazi920@outlook.com,2001-01-01,Homme,TNG,0656594543,2022-04-03,social_media
C02900,El Mansouri,Mehdi,mehdi.el mansouri442@menara.ma,1933-01-01,m,Meknès,0683371941,2022-02-17,organic
C02901,Senhaji,Imane,imane.senhaji599@menara.ma,1993-01-01,f,KENITRA,0633168540,10/01/2023,referral
C02902,Jamai,Houda,houda.jamai984@yahoo.fr,1924-01-02,F,rabat,0612722568,2023-03-26,email
C02903,Senhaji,Sara,sara.senhaji613@hotmail.com,1926-01-02,female,fes,0663234201,2021-02-18,influencer
C02904,Benali,Houda,houda.benali106@menara.ma,1992-01-02,f,FES,0664388464,30/09/2021,referral
C02905,Filali,Soukaina,soukaina.filali512@hotmail.com,1956-01-02,Femme,safi,0614639830,Apr 13 2021,organic
C02906,Naciri,Amine,amine.naciri241@menara.ma,1993-01-01,h,AGADIR,0651074256,2020-05-28,organic
C02907,Bensaid,Zineb,zineb.bensaid936@menara.ma,1966-01-02,f,nador,0678645672,01/10/2021,organic
C02908,Naciri,Amine,amine.naciri766@gmail.com,1988-01-02,male,Marrakesh,0689341174,06/02/2020,paid_search
C02909,Filali,Khadija,khadija.filali344@yahoo.fr,1998-01-02,0,ERRACHIDIA,0647239551,May 28 2020,paid_search
C02910,Rachidi,Rim,rim.rachidi559@outlook.com,1983-01-02,f,OUJDA,0617513283,Dec 29 2020,email
C02911,Gharbi,Ayoub,ayoub.gharbi793@outlook.com,1979-01-02,m,casablanca,0696199872,01/02/2020,influencer
C02912,Senhaji,Tariq,tariq.senhaji384@gmail.com,2008-01-02,Homme,SAFI,0668213061,2022-06-29,referral
C02913,Hajji,Leila,leila.hajji673@yahoo.fr,2001-01-01,female,TETOUAN,0657893146,07/06/2021,organic
C02914,Tazi,Tariq,tariq.tazi712@yahoo.fr,1989-01-01,1,safi,0678134998,Oct 07 2023,organic
C02915,Chraibi,Soukaina,soukaina.chraibi186@gmail.com,1924-01-02,0,casablanca ,0662677239,2023-01-26,influencer
C02916,Bensaid,Amine,amine.bensaid441@yahoo.fr,1970-01-02,m,beni mellal,0628236300,24/07/2021,referral
C02917,Bensaid,Omar,omar.bensaid303@yahoo.fr,1923-01-02,1,TNG,0675275977,28/05/2021,influencer
C02918,Hajji,Adil,adil.hajji575@yahoo.fr,2005-01-01,1,NADOR,0657617777,2021-06-10,referral
C02919,Tazi,Sara,sara.tazi776hotmail.com,2008-01-02,female,NADOR,0622888770,11/08/2021,direct
C02920,El Mansouri,Hicham,hicham.el mansouri605@gmail.com,1969-01-01,m,ERRACHIDIA,0698689855,2020-08-04,organic
C02921,Tazi,Aisha,aisha.tazi129@yahoo.fr,2004-01-02,f,MEKNES,0648780910,10/06/2021,direct
C02922,Drissi,Tariq,tariq.drissi709@gmail.com,1979-01-02,m,Fès,0657854631,18/03/2022,referral
C02923,Senhaji,Yasmine,yasmine.senhaji406@hotmail.com,1985-01-01,Femme,EL JADIDA,0690379710,13/02/2022,organic
C02924,Hajji,Sara,sara.hajji404@menara.ma,1951-01-02,f,rabat,0684937636,04/08/2020,social_media
C02925,Bensaid,Meryem,meryem.bensaid216@outlook.com,1995-01-02,F,NADOR,0610637150,2021-09-18,social_media
C02926,Moussaoui,Aisha,aisha.moussaoui19@yahoo.fr,1969-01-01,female,agadir,0667788626,07/05/2022,referral
C02927,Filali,Omar,omar.filali759@gmail.com,1945-01-01,m,agadir,0645114690,19/08/2023,social_media
C02928,Rachidi,Leila,leila.rachidi395@hotmail.com,1946-01-02,F,fes,0638077388,02/07/2023,email
C02929,Lahlou,Tariq,tariq.lahlou139@menara.ma,1967-01-02,1,Tétouan,0672812374,2021-04-29,influencer
C02930,Chaoui,Ahmed,ahmed.chaoui261@outlook.com,1973-01-01,male,Marrakesh,0637072414,Oct 08 2023,paid_search
C02931,Idrissi,Fatima,fatima.idrissi780@outlook.com,1958-01-02,F,Casa,0658934975,Mar 08 2022,email
C02932,Hajji,Zineb,zineb.hajji625@menara.ma,1927-01-02,Femme,TANGER,0673101388,Feb 25 2021,paid_search
C02933,Benali,Ayoub,ayoub.benali532@gmail.com,1925-01-01,male,Oujda ,0695782201,Jul 23 2021,organic
C02934,Fassi,Imane,imane.fassi825@gmail.com,1947-01-02,female,el jadida,0666954398,26/03/2023,paid_search
C02935,Ouali,Meryem,meryem.ouali186@yahoo.fr,2003-01-02,f,Mrakech,0669009321,Feb 12 2023,paid_search
C02936,Drissi,Yasmine,yasmine.drissi964@yahoo.fr,1923-01-02,F,safi,0684252887,Oct 21 2020,referral
C02937,Rachidi,Youssef,youssef.rachidi777@outlook.com,1946-01-02,Homme,marrakech,0693821737,2022-04-08,referral
C02938,Lahlou,Aisha,aisha.lahlou694@outlook.com,1987-01-02,0,TANGER,0638790311,Jul 22 2022,social_media
C02939,Karimi,Mehdi,mehdi.karimi378@outlook.com,1948-01-02,m,Eljadida,0644286083,06/06/2021,influencer
C02940,Jamai,Hassan,hassan.jamai3@gmail.com,2007-01-02,male,oujda,0629998063,03/05/2021,organic
C02941,Naciri,Nabil,nabil.naciri320@gmail.com,1949-01-01,1,Oujda ,0631653151,27/12/2020,referral
C02942,Jamai,Hajar,hajar.jamai158@menara.ma,1978-01-02,female,Tétouan,0690424316,Nov 01 2020,email
C02943,Chraibi,Adil,adil.chraibi942@outlook.com,1959-01-02,male,Marrakesh,0659153916,Nov 07 2022,paid_search
C02944,Rachidi,Samir,samir.rachidi932@gmail.com,1970-01-02,1,Beni Mellal,0629176384,27/12/2021,referral
C02945,Naciri,Adil,adil.naciri710@menara.ma,1987-01-02,male,Eljadida,0624336913,2022-08-31,social_media
C02946,Benali,Hassan,hassan.benali987@yahoo.fr,2004-01-02,m,CASA,0623368436,17/04/2022,influencer
C02947,Lahlou,Zineb,zineb.lahlou152menara.ma,1992-01-02,F,Beni Mellal,0672909613,29/07/2020,social_media
C02948,Naciri,Fatima,fatima.naciri895@hotmail.com,1991-01-02,F,errachidia,0649474697,07/03/2021,direct
C02949,Naciri,Rachid,rachid.naciri473@menara.ma,1955-01-02,m,BENI MELLAL,0651877379,May 19 2021,paid_search
C02950,Chaoui,Tariq,tariq.chaoui327@outlook.com,1950-01-02,1,oujda,0647951371,Feb 25 2022,referral
C02951,Benali,Samir,samir.benali699@yahoo.fr,1923-01-02,m,Beni Mellal,0657099837,08/03/2020,social_media
C02952,Chaoui,Yasmine,youssef.jamai191@menara.ma,1951-01-02,f,safi,0630767364,27/04/2024,influencer
C02953,Ouali,Houda,houda.ouali446@menara.ma,2011-01-02,0,Beni Mellal,0633992756,2021-07-22,direct
C02954,Naciri,Nabil,nabil.naciri579@hotmail.com,1990-01-02,h,errachidia,0672594024,31/01/2023,email
C02955,Senhaji,Omar,omar.senhaji33@hotmail.com,1983-01-02,male,SAFI,0649810657,2021-12-31,email
C02956,Drissi,Amine,invalide_sans_arobase,1967-01-02,Homme,TANGER,0630996957,Jun 29 2023,organic
C02957,Rachidi,Meryem,meryem.rachidi911@hotmail.com,1987-01-02,F,Tétouan,0683304723,21/04/2023,social_media
C02958,Moussaoui,Meryem,meryem.moussaoui612@yahoo.fr,1956-01-02,f,Oujda ,0635110297,16/11/2021,organic
C02959,Rachidi,Aisha,aisha.rachidi820@outlook.com,1965-01-01,F,Fez,0679924996,27/05/2021,social_media
C02960,Fassi,Hicham,hicham.fassi466@yahoo.fr,1969-01-01,h,nador,0693807204,05/10/2022,social_media
C02961,Idrissi,Omar,omar.idrissi427@gmail.com,2002-01-02,Homme,BENI MELLAL,0655014786,2021-05-23,social_media
C02962,Filali,Hicham,hicham.filali810@hotmail.com,2006-01-02,h,tanger,0646208129,17/12/2022,social_media
C02963,Bensaid,Aisha,aisha.bensaid572@outlook.com,1940-01-02,Femme,Fez,0650539225,08/02/2023,influencer
C02964,El Mansouri,Adil,adil.el mansouri916@menara.ma,1935-01-02,1,beni mellal,0679953694,2020-02-07,referral
C02965,Chraibi,Karim,karim.chraibi931@outlook.com,2009-01-01,1,marrakech,0655622787,09/03/2020,direct
C02966,Benali,Nabil,nabil.benali348@menara.ma,1968-01-02,h,Eljadida,0689228584,18/03/2020,organic
C02967,Drissi,Ahmed,ahmed.drissi421@menara.ma,1994-01-02,m,ERRACHIDIA,0667735701,Jul 06 2022,influencer
C02968,Senhaji,Sara,sara.senhaji118@yahoo.fr,1967-01-02,F,safi,0663222560,2024-05-10,paid_search
C02969,Senhaji,Khadija,khadija.senhaji844@outlook.com,1923-01-02,F,CASA,0662182891,Jan 10 2020,social_media
C02970,Hajji,Omar,omar.hajji81@hotmail.com,1924-01-02,Homme,beni mellal,0666313698,2022-03-11,influencer
C02971,Alami,Omar,omar.alami293@outlook.com,1973-01-01,1,Tétouan,0663162693,18/08/2021,paid_search
C02972,Benali,Sanaa,sanaa.benali542@menara.ma,1939-01-02,0,el jadida,0627056140,2021-04-08,social_media
C02973,Tazi,Yasmine,yasmine.tazi940@menara.ma,1988-01-02,f,errachidia,0699858938,2023-03-10,influencer
C02974,Idrissi,Zineb,zineb.idrissi329@outlook.com,2010-01-02,F,FES,0651915131,15/03/2020,email
C02975,Idrissi,Rim,rim.idrissi861@yahoo.fr,1944-01-02,F,kénitra,0626775116,2023-04-22,paid_search
C02976,Moussaoui,Sanaa,sanaa.moussaoui628@yahoo.fr,1935-01-02,0,MEKNES,0631908706,2020-10-11,referral
C02977,Fassi,Ahmed,ahmed.fassi482@hotmail.com,1943-01-02,1,Beni Mellal,0656222906,25/11/2021,paid_search
C02978,El Mansouri,Youssef,omar.idrissi996@hotmail.com,1925-01-01,m,Rbat,0649755366,Jan 13 2022,organic
C02979,Moussaoui,Nabil,nabil.moussaoui677@outlook.com,1965-01-01,1,Casa,0643112646,2023-06-26,direct
C02980,Hajji,Youssef,youssef.hajji754@gmail.com,1927-01-02,male,safi,0666982227,14/05/2022,direct
C02981,Rachidi,Zineb,zineb.rachidi662@yahoo.fr,1999-01-02,f,marrakech,0683994801,16/04/2021,social_media
C02982,Tazi,Imane,hajar.ouali990@menara.ma,1954-01-02,female,Eljadida,0656411474,2023-08-12,influencer
C02983,El Mansouri,Sara,sara.el mansouri333@yahoo.fr,1995-01-02,Femme,RABAT,0676107524,03/09/2022,social_media
C02984,Idrissi,Zineb,zineb.idrissi371@menara.ma,1998-01-02,F,ERRACHIDIA,0635058624,2020-07-09,email
C02985,Benali,Houda,houda.benali233@menara.ma,1961-01-01,female,kénitra,0649960978,Dec 27 2020,organic
C02986,Karimi,Zineb,zineb.karimi922@outlook.com,1927-01-02,F,Marrakesh,0673727107,Apr 24 2020,referral
C02987,Ziani,Samir,samir.ziani182@outlook.com,1930-01-02,m,ERRACHIDIA,0651672802,2022-04-14,paid_search
C02988,Jamai,Khadija,khadija.jamai422@menara.ma,2003-01-02,F,KENITRA,0638890267,09/01/2024,organic
C02989,Ziani,Hicham,hicham.ziani334@outlook.com,1970-01-02,h,beni mellal,0625403636,29/12/2023,direct
C02990,Hajji,Sara,sara.hajji976@hotmail.com,1932-01-02,female,Fez,0675419829,15/03/2023,paid_search
C02991,Ziani,Mehdi,mehdi.ziani389@hotmail.com,1932-01-02,male,tetouan,0674248790,08/02/2023,social_media
C02992,Benali,Mohammed,leila.ziani427@yahoo.fr,1979-01-02,1,SAFI,0699631252,02/05/2022,paid_search
C02993,Chaoui,Karim,karim.chaoui330@menara.ma,1979-01-02,h,Tétouan,0663356715,2022-06-30,direct
C02994,Senhaji,Samir,samir.senhaji9@gmail.com,1966-01-02,h,errachidia,0646627646,16/11/2020,paid_search
C02995,Ziani,Yasmine,yasmine.ziani982@menara.ma,1995-01-02,Femme,safi,0616022852,2021-12-08,organic
C02996,Karimi,Sara,sara.karimi66@yahoo.fr,1979-01-02,0,agadir,0667984664,2022-08-06,paid_search
C02997,Ouali,Zineb,zineb.ouali218@hotmail.com,1995-01-02,Femme,KENITRA,0653308149,2020-04-08,organic
C02998,Chraibi,Hassan,hassan.chraibi605@menara.ma,1951-01-02,male,nador,0678451665,Mar 02 2020,paid_search
C02999,Ziani,Samir,samir.ziani611@gmail.com,1961-01-01,male,TETOUAN,0699725367,13/07/2021,influencer
C03000,Drissi,Rachid,rachid.drissi769@yahoo.fr,1962-01-02,male,nador,0616766972,2021-03-22,influencer
